locale,fips,met_health_obj,incidence rate_per_100000,incidence rate_lower_95_confidence,incidence rate_upper_95_confidence,annual_count_avg,late_stage_%,age,areatype,cancer,file_name,race,sex,source_url,stage,stateFIPS,type
Hawaii(3),15000.0,***,1.8 ,1.6, 2.1,32,13.1,1,state,71,incidencerates_040.csv,0,0,https://www.statecancerprofiles.cancer.gov/incidencerates/index.php?stateFIPS=15&areatype=county&cancer=071&stage=211&race=00&sex=0&age=001&type=incd&sortVariableName=rate&sortOrder=desc&output=1,211.0,15,incd
US (SEER+NPCR)(1),0.0,***,2.3 ,2.3, 2.4,8619,11.7,1,county,71,incidencerates_040.csv,0,0,https://www.statecancerprofiles.cancer.gov/incidencerates/index.php?stateFIPS=15&areatype=county&cancer=071&stage=211&race=00&sex=0&age=001&type=incd&sortVariableName=rate&sortOrder=desc&output=1,211.0,15,incd
Maui County(7),15009.0,***,2.3 ,1.4, 3.6,4,15.0,1,county,71,incidencerates_040.csv,0,0,https://www.statecancerprofiles.cancer.gov/incidencerates/index.php?stateFIPS=15&areatype=county&cancer=071&stage=211&race=00&sex=0&age=001&type=incd&sortVariableName=rate&sortOrder=desc&output=1,211.0,15,incd
Hawaii County(7),15001.0,***,1.9 ,1.2, 2.9,5,12.6,1,state,71,incidencerates_040.csv,0,0,https://www.statecancerprofiles.cancer.gov/incidencerates/index.php?stateFIPS=15&areatype=county&cancer=071&stage=211&race=00&sex=0&age=001&type=incd&sortVariableName=rate&sortOrder=desc&output=1,211.0,15,incd
Honolulu County(7),15003.0,***,1.7 ,1.4, 2.1,21,13.0,1,county,71,incidencerates_040.csv,0,0,https://www.statecancerprofiles.cancer.gov/incidencerates/index.php?stateFIPS=15&areatype=county&cancer=071&stage=211&race=00&sex=0&age=001&type=incd&sortVariableName=rate&sortOrder=desc&output=1,211.0,15,incd
Kalawao County(7),15005.0,***,* ,*, *,3 or fewer,*,1,county,71,incidencerates_040.csv,0,0,https://www.statecancerprofiles.cancer.gov/incidencerates/index.php?stateFIPS=15&areatype=county&cancer=071&stage=211&race=00&sex=0&age=001&type=incd&sortVariableName=rate&sortOrder=desc&output=1,211.0,15,incd
Kauai County(7),15007.0,***,* ,*, *,3 or fewer,*,1,county,71,incidencerates_040.csv,0,0,https://www.statecancerprofiles.cancer.gov/incidencerates/index.php?stateFIPS=15&areatype=county&cancer=071&stage=211&race=00&sex=0&age=001&type=incd&sortVariableName=rate&sortOrder=desc&output=1,211.0,15,incd
Hawaii(3),15000.0,***,0.8 ,0.6, 1.1,13,19.4,1,state,76,incidencerates_041.csv,0,0,https://www.statecancerprofiles.cancer.gov/incidencerates/index.php?stateFIPS=15&areatype=county&cancer=076&stage=211&race=00&sex=0&age=001&type=incd&sortVariableName=rate&sortOrder=desc&output=1,211.0,15,incd
US (SEER+NPCR)(1),0.0,***,1 ,1, 1,3410,15.2,1,county,76,incidencerates_041.csv,0,0,https://www.statecancerprofiles.cancer.gov/incidencerates/index.php?stateFIPS=15&areatype=county&cancer=076&stage=211&race=00&sex=0&age=001&type=incd&sortVariableName=rate&sortOrder=desc&output=1,211.0,15,incd
Honolulu County(7),15003.0,***,0.9 ,0.7, 1.2,10,22.4,1,county,76,incidencerates_041.csv,0,0,https://www.statecancerprofiles.cancer.gov/incidencerates/index.php?stateFIPS=15&areatype=county&cancer=076&stage=211&race=00&sex=0&age=001&type=incd&sortVariableName=rate&sortOrder=desc&output=1,211.0,15,incd
Hawaii County(7),15001.0,***,* ,*, *,3 or fewer,*,1,state,76,incidencerates_041.csv,0,0,https://www.statecancerprofiles.cancer.gov/incidencerates/index.php?stateFIPS=15&areatype=county&cancer=076&stage=211&race=00&sex=0&age=001&type=incd&sortVariableName=rate&sortOrder=desc&output=1,211.0,15,incd
Kalawao County(7),15005.0,***,* ,*, *,3 or fewer,*,1,county,76,incidencerates_041.csv,0,0,https://www.statecancerprofiles.cancer.gov/incidencerates/index.php?stateFIPS=15&areatype=county&cancer=076&stage=211&race=00&sex=0&age=001&type=incd&sortVariableName=rate&sortOrder=desc&output=1,211.0,15,incd
Kauai County(7),15007.0,***,* ,*, *,3 or fewer,*,1,county,76,incidencerates_041.csv,0,0,https://www.statecancerprofiles.cancer.gov/incidencerates/index.php?stateFIPS=15&areatype=county&cancer=076&stage=211&race=00&sex=0&age=001&type=incd&sortVariableName=rate&sortOrder=desc&output=1,211.0,15,incd
Maui County(7),15009.0,***,* ,*, *,3 or fewer,*,1,county,76,incidencerates_041.csv,0,0,https://www.statecancerprofiles.cancer.gov/incidencerates/index.php?stateFIPS=15&areatype=county&cancer=076&stage=211&race=00&sex=0&age=001&type=incd&sortVariableName=rate&sortOrder=desc&output=1,211.0,15,incd
Hawaii(3),15000.0,Yes,41.6 ,39.6, 43.7,349,29.3,1,state,55,incidencerates_042.csv,0,2,https://www.statecancerprofiles.cancer.gov/incidencerates/index.php?stateFIPS=15&areatype=county&cancer=055&stage=211&race=00&sex=2&age=001&type=incd&sortVariableName=rate&sortOrder=desc&output=1,211.0,15,incd
US (SEER+NPCR)(1),0.0,No,42.3 ,42.1, 42.4,78906,33.0,1,county,55,incidencerates_042.csv,0,2,https://www.statecancerprofiles.cancer.gov/incidencerates/index.php?stateFIPS=15&areatype=county&cancer=055&stage=211&race=00&sex=2&age=001&type=incd&sortVariableName=rate&sortOrder=desc&output=1,211.0,15,incd
Maui County(7),15009.0,No,43 ,37.1, 49.5,42,31.9,1,county,55,incidencerates_042.csv,0,2,https://www.statecancerprofiles.cancer.gov/incidencerates/index.php?stateFIPS=15&areatype=county&cancer=055&stage=211&race=00&sex=2&age=001&type=incd&sortVariableName=rate&sortOrder=desc&output=1,211.0,15,incd
Hawaii County(7),15001.0,No,42.2 ,36.8, 48.1,51,30.8,1,state,55,incidencerates_042.csv,0,2,https://www.statecancerprofiles.cancer.gov/incidencerates/index.php?stateFIPS=15&areatype=county&cancer=055&stage=211&race=00&sex=2&age=001&type=incd&sortVariableName=rate&sortOrder=desc&output=1,211.0,15,incd
Honolulu County(7),15003.0,Yes,41.7 ,39.3, 44.2,238,28.5,1,county,55,incidencerates_042.csv,0,2,https://www.statecancerprofiles.cancer.gov/incidencerates/index.php?stateFIPS=15&areatype=county&cancer=055&stage=211&race=00&sex=2&age=001&type=incd&sortVariableName=rate&sortOrder=desc&output=1,211.0,15,incd
Kauai County(7),15007.0,Yes,37.1 ,29.4, 46.4,17,31.0,1,county,55,incidencerates_042.csv,0,2,https://www.statecancerprofiles.cancer.gov/incidencerates/index.php?stateFIPS=15&areatype=county&cancer=055&stage=211&race=00&sex=2&age=001&type=incd&sortVariableName=rate&sortOrder=desc&output=1,211.0,15,incd
Kalawao County(7),15005.0,Yes,* ,*, *,3 or fewer,*,1,county,55,incidencerates_042.csv,0,2,https://www.statecancerprofiles.cancer.gov/incidencerates/index.php?stateFIPS=15&areatype=county&cancer=055&stage=211&race=00&sex=2&age=001&type=incd&sortVariableName=rate&sortOrder=desc&output=1,211.0,15,incd
Hawaii(3),15000.0,***,3.2 ,2.6, 3.8,24,46.7,1,state,57,incidencerates_043.csv,0,2,https://www.statecancerprofiles.cancer.gov/incidencerates/index.php?stateFIPS=15&areatype=county&cancer=057&stage=211&race=00&sex=2&age=001&type=incd&sortVariableName=rate&sortOrder=desc&output=1,211.0,15,incd
US (SEER+NPCR)(1),0.0,***,3.6 ,3.6, 3.7,6370,50.2,1,county,57,incidencerates_043.csv,0,2,https://www.statecancerprofiles.cancer.gov/incidencerates/index.php?stateFIPS=15&areatype=county&cancer=057&stage=211&race=00&sex=2&age=001&type=incd&sortVariableName=rate&sortOrder=desc&output=1,211.0,15,incd
Honolulu County(7),15003.0,***,3.2 ,2.6, 4,17,45.9,1,county,57,incidencerates_043.csv,0,2,https://www.statecancerprofiles.cancer.gov/incidencerates/index.php?stateFIPS=15&areatype=county&cancer=057&stage=211&race=00&sex=2&age=001&type=incd&sortVariableName=rate&sortOrder=desc&output=1,211.0,15,incd
Hawaii County(7),15001.0,***,3 ,1.6, 5,3,48.5,1,state,57,incidencerates_043.csv,0,2,https://www.statecancerprofiles.cancer.gov/incidencerates/index.php?stateFIPS=15&areatype=county&cancer=057&stage=211&race=00&sex=2&age=001&type=incd&sortVariableName=rate&sortOrder=desc&output=1,211.0,15,incd
Kalawao County(7),15005.0,***,* ,*, *,3 or fewer,*,1,county,57,incidencerates_043.csv,0,2,https://www.statecancerprofiles.cancer.gov/incidencerates/index.php?stateFIPS=15&areatype=county&cancer=057&stage=211&race=00&sex=2&age=001&type=incd&sortVariableName=rate&sortOrder=desc&output=1,211.0,15,incd
Kauai County(7),15007.0,***,* ,*, *,3 or fewer,*,1,county,57,incidencerates_043.csv,0,2,https://www.statecancerprofiles.cancer.gov/incidencerates/index.php?stateFIPS=15&areatype=county&cancer=057&stage=211&race=00&sex=2&age=001&type=incd&sortVariableName=rate&sortOrder=desc&output=1,211.0,15,incd
Maui County(7),15009.0,***,* ,*, *,3 or fewer,*,1,county,57,incidencerates_043.csv,0,2,https://www.statecancerprofiles.cancer.gov/incidencerates/index.php?stateFIPS=15&areatype=county&cancer=057&stage=211&race=00&sex=2&age=001&type=incd&sortVariableName=rate&sortOrder=desc&output=1,211.0,15,incd
Hawaii(3),15000.0,***,21.2 ,20.2, 22.2,362,50.5,1,state,20,incidencerates_044.csv,0,0,https://www.statecancerprofiles.cancer.gov/incidencerates/index.php?stateFIPS=15&areatype=county&cancer=020&stage=211&race=00&sex=0&age=001&type=incd&sortVariableName=rate&sortOrder=desc&output=1,211.0,15,incd
US (SEER+NPCR)(1),0.0,***,21.5 ,21.5, 21.6,78225,55.5,1,county,20,incidencerates_044.csv,0,0,https://www.statecancerprofiles.cancer.gov/incidencerates/index.php?stateFIPS=15&areatype=county&cancer=020&stage=211&race=00&sex=0&age=001&type=incd&sortVariableName=rate&sortOrder=desc&output=1,211.0,15,incd
Honolulu County(7),15003.0,***,22.3 ,21.1, 23.6,260,51.1,1,county,20,incidencerates_044.csv,0,0,https://www.statecancerprofiles.cancer.gov/incidencerates/index.php?stateFIPS=15&areatype=county&cancer=020&stage=211&race=00&sex=0&age=001&type=incd&sortVariableName=rate&sortOrder=desc&output=1,211.0,15,incd
Maui County(7),15009.0,***,21.9 ,19, 25.2,43,50.8,1,county,20,incidencerates_044.csv,0,0,https://www.statecancerprofiles.cancer.gov/incidencerates/index.php?stateFIPS=15&areatype=county&cancer=020&stage=211&race=00&sex=0&age=001&type=incd&sortVariableName=rate&sortOrder=desc&output=1,211.0,15,incd
Kauai County(7),15007.0,***,19.4 ,15.5, 24.1,18,52.9,1,county,20,incidencerates_044.csv,0,0,https://www.statecancerprofiles.cancer.gov/incidencerates/index.php?stateFIPS=15&areatype=county&cancer=020&stage=211&race=00&sex=0&age=001&type=incd&sortVariableName=rate&sortOrder=desc&output=1,211.0,15,incd
Hawaii County(7),15001.0,***,16.1 ,13.8, 18.6,41,46.2,1,state,20,incidencerates_044.csv,0,0,https://www.statecancerprofiles.cancer.gov/incidencerates/index.php?stateFIPS=15&areatype=county&cancer=020&stage=211&race=00&sex=0&age=001&type=incd&sortVariableName=rate&sortOrder=desc&output=1,211.0,15,incd
Kalawao County(7),15005.0,***,* ,*, *,3 or fewer,*,1,county,20,incidencerates_044.csv,0,0,https://www.statecancerprofiles.cancer.gov/incidencerates/index.php?stateFIPS=15&areatype=county&cancer=020&stage=211&race=00&sex=0&age=001&type=incd&sortVariableName=rate&sortOrder=desc&output=1,211.0,15,incd
Hawaii(3),15000.0,***,2.2 ,1.9, 2.6,40,66.3,1,state,17,incidencerates_045.csv,0,0,https://www.statecancerprofiles.cancer.gov/incidencerates/index.php?stateFIPS=15&areatype=county&cancer=017&stage=211&race=00&sex=0&age=001&type=incd&sortVariableName=rate&sortOrder=desc&output=1,211.0,15,incd
US (SEER+NPCR)(1),0.0,***,3.1 ,3.1, 3.1,11635,68.1,1,county,17,incidencerates_045.csv,0,0,https://www.statecancerprofiles.cancer.gov/incidencerates/index.php?stateFIPS=15&areatype=county&cancer=017&stage=211&race=00&sex=0&age=001&type=incd&sortVariableName=rate&sortOrder=desc&output=1,211.0,15,incd
Maui County(7),15009.0,***,2.4 ,1.5, 3.6,5,72.7,1,county,17,incidencerates_045.csv,0,0,https://www.statecancerprofiles.cancer.gov/incidencerates/index.php?stateFIPS=15&areatype=county&cancer=017&stage=211&race=00&sex=0&age=001&type=incd&sortVariableName=rate&sortOrder=desc&output=1,211.0,15,incd
Honolulu County(7),15003.0,***,2.3 ,1.9, 2.7,27,69.5,1,county,17,incidencerates_045.csv,0,0,https://www.statecancerprofiles.cancer.gov/incidencerates/index.php?stateFIPS=15&areatype=county&cancer=017&stage=211&race=00&sex=0&age=001&type=incd&sortVariableName=rate&sortOrder=desc&output=1,211.0,15,incd
Hawaii County(7),15001.0,***,2.1 ,1.4, 3.1,6,50.8,1,state,17,incidencerates_045.csv,0,0,https://www.statecancerprofiles.cancer.gov/incidencerates/index.php?stateFIPS=15&areatype=county&cancer=017&stage=211&race=00&sex=0&age=001&type=incd&sortVariableName=rate&sortOrder=desc&output=1,211.0,15,incd
Kalawao County(7),15005.0,***,* ,*, *,3 or fewer,*,1,county,17,incidencerates_045.csv,0,0,https://www.statecancerprofiles.cancer.gov/incidencerates/index.php?stateFIPS=15&areatype=county&cancer=017&stage=211&race=00&sex=0&age=001&type=incd&sortVariableName=rate&sortOrder=desc&output=1,211.0,15,incd
Kauai County(7),15007.0,***,* ,*, *,3 or fewer,*,1,county,17,incidencerates_045.csv,0,0,https://www.statecancerprofiles.cancer.gov/incidencerates/index.php?stateFIPS=15&areatype=county&cancer=017&stage=211&race=00&sex=0&age=001&type=incd&sortVariableName=rate&sortOrder=desc&output=1,211.0,15,incd
Hawaii(3),15000.0,***,4.4 ,3.9, 4.9,76,33.6,1,state,72,incidencerates_046.csv,0,0,https://www.statecancerprofiles.cancer.gov/incidencerates/index.php?stateFIPS=15&areatype=county&cancer=072&stage=211&race=00&sex=0&age=001&type=incd&sortVariableName=rate&sortOrder=desc&output=1,211.0,15,incd
US (SEER+NPCR)(1),0.0,***,4.8 ,4.8, 4.9,17836,29.4,1,county,72,incidencerates_046.csv,0,0,https://www.statecancerprofiles.cancer.gov/incidencerates/index.php?stateFIPS=15&areatype=county&cancer=072&stage=211&race=00&sex=0&age=001&type=incd&sortVariableName=rate&sortOrder=desc&output=1,211.0,15,incd
Maui County(7),15009.0,***,4.5 ,3.3, 6,9,34.1,1,county,72,incidencerates_046.csv,0,0,https://www.statecancerprofiles.cancer.gov/incidencerates/index.php?stateFIPS=15&areatype=county&cancer=072&stage=211&race=00&sex=0&age=001&type=incd&sortVariableName=rate&sortOrder=desc&output=1,211.0,15,incd
Honolulu County(7),15003.0,***,4.5 ,3.9, 5.1,52,33.1,1,county,72,incidencerates_046.csv,0,0,https://www.statecancerprofiles.cancer.gov/incidencerates/index.php?stateFIPS=15&areatype=county&cancer=072&stage=211&race=00&sex=0&age=001&type=incd&sortVariableName=rate&sortOrder=desc&output=1,211.0,15,incd
Kauai County(7),15007.0,***,4.1 ,2.3, 6.8,3,37.0,1,county,72,incidencerates_046.csv,0,0,https://www.statecancerprofiles.cancer.gov/incidencerates/index.php?stateFIPS=15&areatype=county&cancer=072&stage=211&race=00&sex=0&age=001&type=incd&sortVariableName=rate&sortOrder=desc&output=1,211.0,15,incd
Hawaii County(7),15001.0,***,3.9 ,2.9, 5.2,11,34.4,1,state,72,incidencerates_046.csv,0,0,https://www.statecancerprofiles.cancer.gov/incidencerates/index.php?stateFIPS=15&areatype=county&cancer=072&stage=211&race=00&sex=0&age=001&type=incd&sortVariableName=rate&sortOrder=desc&output=1,211.0,15,incd
Kalawao County(7),15005.0,***,* ,*, *,3 or fewer,*,1,county,72,incidencerates_046.csv,0,0,https://www.statecancerprofiles.cancer.gov/incidencerates/index.php?stateFIPS=15&areatype=county&cancer=072&stage=211&race=00&sex=0&age=001&type=incd&sortVariableName=rate&sortOrder=desc&output=1,211.0,15,incd
Hawaii(3),15000.0,***,10.8 ,10.1, 11.6,178,100.0,1,state,90,incidencerates_047.csv,0,0,https://www.statecancerprofiles.cancer.gov/incidencerates/index.php?stateFIPS=15&areatype=county&cancer=090&stage=211&race=00&sex=0&age=001&type=incd&sortVariableName=rate&sortOrder=desc&output=1,211.0,15,incd
US (SEER+NPCR)(1),0.0,***,14 ,14, 14.1,49519,99.0,1,county,90,incidencerates_047.csv,0,0,https://www.statecancerprofiles.cancer.gov/incidencerates/index.php?stateFIPS=15&areatype=county&cancer=090&stage=211&race=00&sex=0&age=001&type=incd&sortVariableName=rate&sortOrder=desc&output=1,211.0,15,incd
Maui County(7),15009.0,***,11.8 ,9.6, 14.3,22,100.0,1,county,90,incidencerates_047.csv,0,0,https://www.statecancerprofiles.cancer.gov/incidencerates/index.php?stateFIPS=15&areatype=county&cancer=090&stage=211&race=00&sex=0&age=001&type=incd&sortVariableName=rate&sortOrder=desc&output=1,211.0,15,incd
Hawaii County(7),15001.0,***,11 ,9.1, 13.1,26,100.0,1,state,90,incidencerates_047.csv,0,0,https://www.statecancerprofiles.cancer.gov/incidencerates/index.php?stateFIPS=15&areatype=county&cancer=090&stage=211&race=00&sex=0&age=001&type=incd&sortVariableName=rate&sortOrder=desc&output=1,211.0,15,incd
Kauai County(7),15007.0,***,10.7 ,7.7, 14.5,9,100.0,1,county,90,incidencerates_047.csv,0,0,https://www.statecancerprofiles.cancer.gov/incidencerates/index.php?stateFIPS=15&areatype=county&cancer=090&stage=211&race=00&sex=0&age=001&type=incd&sortVariableName=rate&sortOrder=desc&output=1,211.0,15,incd
Honolulu County(7),15003.0,***,10.6 ,9.8, 11.6,120,100.0,1,county,90,incidencerates_047.csv,0,0,https://www.statecancerprofiles.cancer.gov/incidencerates/index.php?stateFIPS=15&areatype=county&cancer=090&stage=211&race=00&sex=0&age=001&type=incd&sortVariableName=rate&sortOrder=desc&output=1,211.0,15,incd
Kalawao County(7),15005.0,***,* ,*, *,3 or fewer,*,1,county,90,incidencerates_047.csv,0,0,https://www.statecancerprofiles.cancer.gov/incidencerates/index.php?stateFIPS=15&areatype=county&cancer=090&stage=211&race=00&sex=0&age=001&type=incd&sortVariableName=rate&sortOrder=desc&output=1,211.0,15,incd
Hawaii(3),15000.0,***,4.7 ,4.3, 5.2,85,41.1,1,state,35,incidencerates_048.csv,0,0,https://www.statecancerprofiles.cancer.gov/incidencerates/index.php?stateFIPS=15&areatype=county&cancer=035&stage=211&race=00&sex=0&age=001&type=incd&sortVariableName=rate&sortOrder=desc&output=1,211.0,15,incd
US (SEER+NPCR)(1),0.0,***,3.6 ,3.5, 3.6,13676,42.7,1,county,35,incidencerates_048.csv,0,0,https://www.statecancerprofiles.cancer.gov/incidencerates/index.php?stateFIPS=15&areatype=county&cancer=035&stage=211&race=00&sex=0&age=001&type=incd&sortVariableName=rate&sortOrder=desc&output=1,211.0,15,incd
Maui County(7),15009.0,***,5.5 ,4.1, 7.2,12,52.7,1,county,35,incidencerates_048.csv,0,0,https://www.statecancerprofiles.cancer.gov/incidencerates/index.php?stateFIPS=15&areatype=county&cancer=035&stage=211&race=00&sex=0&age=001&type=incd&sortVariableName=rate&sortOrder=desc&output=1,211.0,15,incd
Honolulu County(7),15003.0,***,5.1 ,4.5, 5.7,61,40.6,1,county,35,incidencerates_048.csv,0,0,https://www.statecancerprofiles.cancer.gov/incidencerates/index.php?stateFIPS=15&areatype=county&cancer=035&stage=211&race=00&sex=0&age=001&type=incd&sortVariableName=rate&sortOrder=desc&output=1,211.0,15,incd
Hawaii County(7),15001.0,***,3 ,2.2, 4.1,9,34.8,1,state,35,incidencerates_048.csv,0,0,https://www.statecancerprofiles.cancer.gov/incidencerates/index.php?stateFIPS=15&areatype=county&cancer=035&stage=211&race=00&sex=0&age=001&type=incd&sortVariableName=rate&sortOrder=desc&output=1,211.0,15,incd
Kalawao County(7),15005.0,***,* ,*, *,3 or fewer,*,1,county,35,incidencerates_048.csv,0,0,https://www.statecancerprofiles.cancer.gov/incidencerates/index.php?stateFIPS=15&areatype=county&cancer=035&stage=211&race=00&sex=0&age=001&type=incd&sortVariableName=rate&sortOrder=desc&output=1,211.0,15,incd
Kauai County(7),15007.0,***,* ,*, *,3 or fewer,*,1,county,35,incidencerates_048.csv,0,0,https://www.statecancerprofiles.cancer.gov/incidencerates/index.php?stateFIPS=15&areatype=county&cancer=035&stage=211&race=00&sex=0&age=001&type=incd&sortVariableName=rate&sortOrder=desc&output=1,211.0,15,incd
Hawaii(3),15000.0,***,34 ,32.8, 35.3,604,74.1,1,state,47,incidencerates_049.csv,0,0,https://www.statecancerprofiles.cancer.gov/incidencerates/index.php?stateFIPS=15&areatype=county&cancer=047&stage=211&race=00&sex=0&age=001&type=incd&sortVariableName=rate&sortOrder=desc&output=1,211.0,15,incd
US (SEER+NPCR)(1),0.0,***,42.1 ,42, 42.2,156578,71.3,1,county,47,incidencerates_049.csv,0,0,https://www.statecancerprofiles.cancer.gov/incidencerates/index.php?stateFIPS=15&areatype=county&cancer=047&stage=211&race=00&sex=0&age=001&type=incd&sortVariableName=rate&sortOrder=desc&output=1,211.0,15,incd
Honolulu County(7),15003.0,***,35.2 ,33.7, 36.7,425,74.2,1,county,47,incidencerates_049.csv,0,0,https://www.statecancerprofiles.cancer.gov/incidencerates/index.php?stateFIPS=15&areatype=county&cancer=047&stage=211&race=00&sex=0&age=001&type=incd&sortVariableName=rate&sortOrder=desc&output=1,211.0,15,incd
Maui County(7),15009.0,***,33.9 ,30.3, 37.9,70,77.9,1,county,47,incidencerates_049.csv,0,0,https://www.statecancerprofiles.cancer.gov/incidencerates/index.php?stateFIPS=15&areatype=county&cancer=047&stage=211&race=00&sex=0&age=001&type=incd&sortVariableName=rate&sortOrder=desc&output=1,211.0,15,incd
Kauai County(7),15007.0,***,30.8 ,25.8, 36.6,28,77.2,1,county,47,incidencerates_049.csv,0,0,https://www.statecancerprofiles.cancer.gov/incidencerates/index.php?stateFIPS=15&areatype=county&cancer=047&stage=211&race=00&sex=0&age=001&type=incd&sortVariableName=rate&sortOrder=desc&output=1,211.0,15,incd
Hawaii County(7),15001.0,***,29.8 ,26.8, 33,81,69.9,1,state,47,incidencerates_049.csv,0,0,https://www.statecancerprofiles.cancer.gov/incidencerates/index.php?stateFIPS=15&areatype=county&cancer=047&stage=211&race=00&sex=0&age=001&type=incd&sortVariableName=rate&sortOrder=desc&output=1,211.0,15,incd
Kalawao County(7),15005.0,***,* ,*, *,3 or fewer,*,1,county,47,incidencerates_049.csv,0,0,https://www.statecancerprofiles.cancer.gov/incidencerates/index.php?stateFIPS=15&areatype=county&cancer=047&stage=211&race=00&sex=0&age=001&type=incd&sortVariableName=rate&sortOrder=desc&output=1,211.0,15,incd
Hawaii(3),15000.0,***,1.9 ,1.7, 2.3,34,9.3,1,state,53,incidencerates_050.csv,0,0,https://www.statecancerprofiles.cancer.gov/incidencerates/index.php?stateFIPS=15&areatype=county&cancer=053&stage=211&race=00&sex=0&age=001&type=incd&sortVariableName=rate&sortOrder=desc&output=1,211.0,15,incd
US (SEER+NPCR)(1),0.0,***,3 ,3, 3,10716,13.8,1,county,53,incidencerates_050.csv,0,0,https://www.statecancerprofiles.cancer.gov/incidencerates/index.php?stateFIPS=15&areatype=county&cancer=053&stage=211&race=00&sex=0&age=001&type=incd&sortVariableName=rate&sortOrder=desc&output=1,211.0,15,incd
Hawaii County(7),15001.0,***,3 ,2.1, 4.3,8,10.7,1,state,53,incidencerates_050.csv,0,0,https://www.statecancerprofiles.cancer.gov/incidencerates/index.php?stateFIPS=15&areatype=county&cancer=053&stage=211&race=00&sex=0&age=001&type=incd&sortVariableName=rate&sortOrder=desc&output=1,211.0,15,incd
Maui County(7),15009.0,***,2.4 ,1.5, 3.6,5,6.7,1,county,53,incidencerates_050.csv,0,0,https://www.statecancerprofiles.cancer.gov/incidencerates/index.php?stateFIPS=15&areatype=county&cancer=053&stage=211&race=00&sex=0&age=001&type=incd&sortVariableName=rate&sortOrder=desc&output=1,211.0,15,incd
Honolulu County(7),15003.0,***,1.6 ,1.2, 1.9,18,9.2,1,county,53,incidencerates_050.csv,0,0,https://www.statecancerprofiles.cancer.gov/incidencerates/index.php?stateFIPS=15&areatype=county&cancer=053&stage=211&race=00&sex=0&age=001&type=incd&sortVariableName=rate&sortOrder=desc&output=1,211.0,15,incd
Kalawao County(7),15005.0,***,* ,*, *,3 or fewer,*,1,county,53,incidencerates_050.csv,0,0,https://www.statecancerprofiles.cancer.gov/incidencerates/index.php?stateFIPS=15&areatype=county&cancer=053&stage=211&race=00&sex=0&age=001&type=incd&sortVariableName=rate&sortOrder=desc&output=1,211.0,15,incd
Kauai County(7),15007.0,***,* ,*, *,3 or fewer,*,1,county,53,incidencerates_050.csv,0,0,https://www.statecancerprofiles.cancer.gov/incidencerates/index.php?stateFIPS=15&areatype=county&cancer=053&stage=211&race=00&sex=0&age=001&type=incd&sortVariableName=rate&sortOrder=desc&output=1,211.0,15,incd
Hawaii(3),15000.0,***,9.6 ,8.9, 10.3,164,57.8,1,state,86,incidencerates_051.csv,0,0,https://www.statecancerprofiles.cancer.gov/incidencerates/index.php?stateFIPS=15&areatype=county&cancer=086&stage=211&race=00&sex=0&age=001&type=incd&sortVariableName=rate&sortOrder=desc&output=1,211.0,15,incd
US (SEER+NPCR)(1),0.0,***,12 ,12, 12.1,43387,62.8,1,county,86,incidencerates_051.csv,0,0,https://www.statecancerprofiles.cancer.gov/incidencerates/index.php?stateFIPS=15&areatype=county&cancer=086&stage=211&race=00&sex=0&age=001&type=incd&sortVariableName=rate&sortOrder=desc&output=1,211.0,15,incd
Honolulu County(7),15003.0,***,10 ,9.2, 10.9,118,57.5,1,county,86,incidencerates_051.csv,0,0,https://www.statecancerprofiles.cancer.gov/incidencerates/index.php?stateFIPS=15&areatype=county&cancer=086&stage=211&race=00&sex=0&age=001&type=incd&sortVariableName=rate&sortOrder=desc&output=1,211.0,15,incd
Maui County(7),15009.0,***,9.9 ,7.9, 12.3,18,67.7,1,county,86,incidencerates_051.csv,0,0,https://www.statecancerprofiles.cancer.gov/incidencerates/index.php?stateFIPS=15&areatype=county&cancer=086&stage=211&race=00&sex=0&age=001&type=incd&sortVariableName=rate&sortOrder=desc&output=1,211.0,15,incd
Hawaii County(7),15001.0,***,8.1 ,6.6, 10,21,51.5,1,state,86,incidencerates_051.csv,0,0,https://www.statecancerprofiles.cancer.gov/incidencerates/index.php?stateFIPS=15&areatype=county&cancer=086&stage=211&race=00&sex=0&age=001&type=incd&sortVariableName=rate&sortOrder=desc&output=1,211.0,15,incd
Kauai County(7),15007.0,***,8 ,5.5, 11.1,8,62.3,1,county,86,incidencerates_051.csv,0,0,https://www.statecancerprofiles.cancer.gov/incidencerates/index.php?stateFIPS=15&areatype=county&cancer=086&stage=211&race=00&sex=0&age=001&type=incd&sortVariableName=rate&sortOrder=desc&output=1,211.0,15,incd
Kalawao County(7),15005.0,***,* ,*, *,3 or fewer,*,1,county,86,incidencerates_051.csv,0,0,https://www.statecancerprofiles.cancer.gov/incidencerates/index.php?stateFIPS=15&areatype=county&cancer=086&stage=211&race=00&sex=0&age=001&type=incd&sortVariableName=rate&sortOrder=desc&output=1,211.0,15,incd
Hawaii(3),15000.0,***,7.7 ,7.1, 8.4,135,59.2,1,state,3,incidencerates_052.csv,0,0,https://www.statecancerprofiles.cancer.gov/incidencerates/index.php?stateFIPS=15&areatype=county&cancer=003&stage=211&race=00&sex=0&age=001&type=incd&sortVariableName=rate&sortOrder=desc&output=1,211.0,15,incd
US (SEER+NPCR)(1),0.0,***,7.3 ,7.2, 7.3,27477,62.6,1,county,3,incidencerates_052.csv,0,0,https://www.statecancerprofiles.cancer.gov/incidencerates/index.php?stateFIPS=15&areatype=county&cancer=003&stage=211&race=00&sex=0&age=001&type=incd&sortVariableName=rate&sortOrder=desc&output=1,211.0,15,incd
Maui County(7),15009.0,***,8.5 ,6.8, 10.6,18,60.3,1,county,3,incidencerates_052.csv,0,0,https://www.statecancerprofiles.cancer.gov/incidencerates/index.php?stateFIPS=15&areatype=county&cancer=003&stage=211&race=00&sex=0&age=001&type=incd&sortVariableName=rate&sortOrder=desc&output=1,211.0,15,incd
Hawaii County(7),15001.0,***,8.4 ,6.8, 10.2,23,62.3,1,state,3,incidencerates_052.csv,0,0,https://www.statecancerprofiles.cancer.gov/incidencerates/index.php?stateFIPS=15&areatype=county&cancer=003&stage=211&race=00&sex=0&age=001&type=incd&sortVariableName=rate&sortOrder=desc&output=1,211.0,15,incd
Kauai County(7),15007.0,***,8.4 ,5.9, 11.5,8,60.9,1,county,3,incidencerates_052.csv,0,0,https://www.statecancerprofiles.cancer.gov/incidencerates/index.php?stateFIPS=15&areatype=county&cancer=003&stage=211&race=00&sex=0&age=001&type=incd&sortVariableName=rate&sortOrder=desc&output=1,211.0,15,incd
Honolulu County(7),15003.0,***,7.3 ,6.6, 8,86,58.1,1,county,3,incidencerates_052.csv,0,0,https://www.statecancerprofiles.cancer.gov/incidencerates/index.php?stateFIPS=15&areatype=county&cancer=003&stage=211&race=00&sex=0&age=001&type=incd&sortVariableName=rate&sortOrder=desc&output=1,211.0,15,incd
Kalawao County(7),15005.0,***,* ,*, *,3 or fewer,*,1,county,3,incidencerates_052.csv,0,0,https://www.statecancerprofiles.cancer.gov/incidencerates/index.php?stateFIPS=15&areatype=county&cancer=003&stage=211&race=00&sex=0&age=001&type=incd&sortVariableName=rate&sortOrder=desc&output=1,211.0,15,incd
Hawaii(3),15000.0,***,7.7 ,6.9, 8.7,65,78.8,1,state,61,incidencerates_053.csv,0,2,https://www.statecancerprofiles.cancer.gov/incidencerates/index.php?stateFIPS=15&areatype=county&cancer=061&stage=211&race=00&sex=2&age=001&type=incd&sortVariableName=rate&sortOrder=desc&output=1,211.0,15,incd
US (SEER+NPCR)(1),0.0,***,8.4 ,8.3, 8.5,16311,76.2,1,county,61,incidencerates_053.csv,0,2,https://www.statecancerprofiles.cancer.gov/incidencerates/index.php?stateFIPS=15&areatype=county&cancer=061&stage=211&race=00&sex=2&age=001&type=incd&sortVariableName=rate&sortOrder=desc&output=1,211.0,15,incd
Maui County(7),15009.0,***,8.5 ,6, 11.7,8,80.0,1,county,61,incidencerates_053.csv,0,2,https://www.statecancerprofiles.cancer.gov/incidencerates/index.php?stateFIPS=15&areatype=county&cancer=061&stage=211&race=00&sex=2&age=001&type=incd&sortVariableName=rate&sortOrder=desc&output=1,211.0,15,incd
Honolulu County(7),15003.0,***,8 ,6.9, 9.1,46,79.2,1,county,61,incidencerates_053.csv,0,2,https://www.statecancerprofiles.cancer.gov/incidencerates/index.php?stateFIPS=15&areatype=county&cancer=061&stage=211&race=00&sex=2&age=001&type=incd&sortVariableName=rate&sortOrder=desc&output=1,211.0,15,incd
Hawaii County(7),15001.0,***,7.1 ,5, 9.8,8,78.8,1,state,61,incidencerates_053.csv,0,2,https://www.statecancerprofiles.cancer.gov/incidencerates/index.php?stateFIPS=15&areatype=county&cancer=061&stage=211&race=00&sex=2&age=001&type=incd&sortVariableName=rate&sortOrder=desc&output=1,211.0,15,incd
Kalawao County(7),15005.0,***,* ,*, *,3 or fewer,*,1,county,61,incidencerates_053.csv,0,2,https://www.statecancerprofiles.cancer.gov/incidencerates/index.php?stateFIPS=15&areatype=county&cancer=061&stage=211&race=00&sex=2&age=001&type=incd&sortVariableName=rate&sortOrder=desc&output=1,211.0,15,incd
Kauai County(7),15007.0,***,* ,*, *,3 or fewer,*,1,county,61,incidencerates_053.csv,0,2,https://www.statecancerprofiles.cancer.gov/incidencerates/index.php?stateFIPS=15&areatype=county&cancer=061&stage=211&race=00&sex=2&age=001&type=incd&sortVariableName=rate&sortOrder=desc&output=1,211.0,15,incd
Hawaii(3),15000.0,***,10.1 ,9.4, 10.8,180,74.2,1,state,40,incidencerates_054.csv,0,0,https://www.statecancerprofiles.cancer.gov/incidencerates/index.php?stateFIPS=15&areatype=county&cancer=040&stage=211&race=00&sex=0&age=001&type=incd&sortVariableName=rate&sortOrder=desc&output=1,211.0,15,incd
US (SEER+NPCR)(1),0.0,***,9.8 ,9.8, 9.9,36450,77.2,1,county,40,incidencerates_054.csv,0,0,https://www.statecancerprofiles.cancer.gov/incidencerates/index.php?stateFIPS=15&areatype=county&cancer=040&stage=211&race=00&sex=0&age=001&type=incd&sortVariableName=rate&sortOrder=desc&output=1,211.0,15,incd
Honolulu County(7),15003.0,***,10.6 ,9.8, 11.4,129,75.3,1,county,40,incidencerates_054.csv,0,0,https://www.statecancerprofiles.cancer.gov/incidencerates/index.php?stateFIPS=15&areatype=county&cancer=040&stage=211&race=00&sex=0&age=001&type=incd&sortVariableName=rate&sortOrder=desc&output=1,211.0,15,incd
Kauai County(7),15007.0,***,9.7 ,7, 13.2,9,72.6,1,county,40,incidencerates_054.csv,0,0,https://www.statecancerprofiles.cancer.gov/incidencerates/index.php?stateFIPS=15&areatype=county&cancer=040&stage=211&race=00&sex=0&age=001&type=incd&sortVariableName=rate&sortOrder=desc&output=1,211.0,15,incd
Hawaii County(7),15001.0,***,8.9 ,7.3, 10.8,24,68.6,1,state,40,incidencerates_054.csv,0,0,https://www.statecancerprofiles.cancer.gov/incidencerates/index.php?stateFIPS=15&areatype=county&cancer=040&stage=211&race=00&sex=0&age=001&type=incd&sortVariableName=rate&sortOrder=desc&output=1,211.0,15,incd
Maui County(7),15009.0,***,8.7 ,6.9, 10.8,18,75.4,1,county,40,incidencerates_054.csv,0,0,https://www.statecancerprofiles.cancer.gov/incidencerates/index.php?stateFIPS=15&areatype=county&cancer=040&stage=211&race=00&sex=0&age=001&type=incd&sortVariableName=rate&sortOrder=desc&output=1,211.0,15,incd
Kalawao County(7),15005.0,***,* ,*, *,3 or fewer,*,1,county,40,incidencerates_054.csv,0,0,https://www.statecancerprofiles.cancer.gov/incidencerates/index.php?stateFIPS=15&areatype=county&cancer=040&stage=211&race=00&sex=0&age=001&type=incd&sortVariableName=rate&sortOrder=desc&output=1,211.0,15,incd
Hawaii(3),15000.0,***,21.5 ,20.1, 22.9,190,26.2,1,state,66,incidencerates_055.csv,0,1,https://www.statecancerprofiles.cancer.gov/incidencerates/index.php?stateFIPS=15&areatype=county&cancer=066&stage=211&race=00&sex=1&age=001&type=incd&sortVariableName=rate&sortOrder=desc&output=1,211.0,15,incd
US (SEER+NPCR)(1),0.0,***,20.1 ,20, 20.2,36257,19.4,1,county,66,incidencerates_055.csv,0,1,https://www.statecancerprofiles.cancer.gov/incidencerates/index.php?stateFIPS=15&areatype=county&cancer=066&stage=211&race=00&sex=1&age=001&type=incd&sortVariableName=rate&sortOrder=desc&output=1,211.0,15,incd
Kauai County(7),15007.0,***,23.1 ,17.4, 30.3,12,26.2,1,county,66,incidencerates_055.csv,0,1,https://www.statecancerprofiles.cancer.gov/incidencerates/index.php?stateFIPS=15&areatype=county&cancer=066&stage=211&race=00&sex=1&age=001&type=incd&sortVariableName=rate&sortOrder=desc&output=1,211.0,15,incd
Honolulu County(7),15003.0,***,22.7 ,21, 24.5,132,24.3,1,county,66,incidencerates_055.csv,0,1,https://www.statecancerprofiles.cancer.gov/incidencerates/index.php?stateFIPS=15&areatype=county&cancer=066&stage=211&race=00&sex=1&age=001&type=incd&sortVariableName=rate&sortOrder=desc&output=1,211.0,15,incd
Hawaii County(7),15001.0,***,19.7 ,16.4, 23.5,28,37.5,1,state,66,incidencerates_055.csv,0,1,https://www.statecancerprofiles.cancer.gov/incidencerates/index.php?stateFIPS=15&areatype=county&cancer=066&stage=211&race=00&sex=1&age=001&type=incd&sortVariableName=rate&sortOrder=desc&output=1,211.0,15,incd
Maui County(7),15009.0,***,17 ,13.5, 21.2,18,29.3,1,county,66,incidencerates_055.csv,0,1,https://www.statecancerprofiles.cancer.gov/incidencerates/index.php?stateFIPS=15&areatype=county&cancer=066&stage=211&race=00&sex=1&age=001&type=incd&sortVariableName=rate&sortOrder=desc&output=1,211.0,15,incd
Kalawao County(7),15005.0,***,* ,*, *,3 or fewer,*,1,county,66,incidencerates_055.csv,0,1,https://www.statecancerprofiles.cancer.gov/incidencerates/index.php?stateFIPS=15&areatype=county&cancer=066&stage=211&race=00&sex=1&age=001&type=incd&sortVariableName=rate&sortOrder=desc&output=1,211.0,15,incd
Hawaii(3),15000.0,***,4.8 ,4.3, 5.3,84,54.5,1,state,18,incidencerates_056.csv,0,0,https://www.statecancerprofiles.cancer.gov/incidencerates/index.php?stateFIPS=15&areatype=county&cancer=018&stage=211&race=00&sex=0&age=001&type=incd&sortVariableName=rate&sortOrder=desc&output=1,211.0,15,incd
US (SEER+NPCR)(1),0.0,***,3.8 ,3.8, 3.8,13895,58.2,1,county,18,incidencerates_056.csv,0,0,https://www.statecancerprofiles.cancer.gov/incidencerates/index.php?stateFIPS=15&areatype=county&cancer=018&stage=211&race=00&sex=0&age=001&type=incd&sortVariableName=rate&sortOrder=desc&output=1,211.0,15,incd
Kauai County(7),15007.0,***,5 ,3.1, 7.8,5,67.6,1,county,18,incidencerates_056.csv,0,0,https://www.statecancerprofiles.cancer.gov/incidencerates/index.php?stateFIPS=15&areatype=county&cancer=018&stage=211&race=00&sex=0&age=001&type=incd&sortVariableName=rate&sortOrder=desc&output=1,211.0,15,incd
Honolulu County(7),15003.0,***,4.8 ,4.3, 5.4,59,51.9,1,county,18,incidencerates_056.csv,0,0,https://www.statecancerprofiles.cancer.gov/incidencerates/index.php?stateFIPS=15&areatype=county&cancer=018&stage=211&race=00&sex=0&age=001&type=incd&sortVariableName=rate&sortOrder=desc&output=1,211.0,15,incd
Maui County(7),15009.0,***,4.8 ,3.5, 6.4,10,63.6,1,county,18,incidencerates_056.csv,0,0,https://www.statecancerprofiles.cancer.gov/incidencerates/index.php?stateFIPS=15&areatype=county&cancer=018&stage=211&race=00&sex=0&age=001&type=incd&sortVariableName=rate&sortOrder=desc&output=1,211.0,15,incd
Hawaii County(7),15001.0,***,4.3 ,3.2, 5.6,11,57.3,1,state,18,incidencerates_056.csv,0,0,https://www.statecancerprofiles.cancer.gov/incidencerates/index.php?stateFIPS=15&areatype=county&cancer=018&stage=211&race=00&sex=0&age=001&type=incd&sortVariableName=rate&sortOrder=desc&output=1,211.0,15,incd
Kalawao County(7),15005.0,***,* ,*, *,3 or fewer,*,1,county,18,incidencerates_056.csv,0,0,https://www.statecancerprofiles.cancer.gov/incidencerates/index.php?stateFIPS=15&areatype=county&cancer=018&stage=211&race=00&sex=0&age=001&type=incd&sortVariableName=rate&sortOrder=desc&output=1,211.0,15,incd
Hawaii(3),15000.0,***,5.7 ,5.2, 6.3,87,38.7,1,state,80,incidencerates_057.csv,0,0,https://www.statecancerprofiles.cancer.gov/incidencerates/index.php?stateFIPS=15&areatype=county&cancer=080&stage=211&race=00&sex=0&age=001&type=incd&sortVariableName=rate&sortOrder=desc&output=1,211.0,15,incd
US (SEER+NPCR)(1),0.0,***,4.4 ,4.4, 4.4,14481,29.9,1,county,80,incidencerates_057.csv,0,0,https://www.statecancerprofiles.cancer.gov/incidencerates/index.php?stateFIPS=15&areatype=county&cancer=080&stage=211&race=00&sex=0&age=001&type=incd&sortVariableName=rate&sortOrder=desc&output=1,211.0,15,incd
Honolulu County(7),15003.0,***,6.2 ,5.6, 7,66,39.5,1,county,80,incidencerates_057.csv,0,0,https://www.statecancerprofiles.cancer.gov/incidencerates/index.php?stateFIPS=15&areatype=county&cancer=080&stage=211&race=00&sex=0&age=001&type=incd&sortVariableName=rate&sortOrder=desc&output=1,211.0,15,incd
Maui County(7),15009.0,***,5.3 ,3.9, 7.1,10,32.9,1,county,80,incidencerates_057.csv,0,0,https://www.statecancerprofiles.cancer.gov/incidencerates/index.php?stateFIPS=15&areatype=county&cancer=080&stage=211&race=00&sex=0&age=001&type=incd&sortVariableName=rate&sortOrder=desc&output=1,211.0,15,incd
Hawaii County(7),15001.0,***,4.5 ,3.2, 6.2,9,44.6,1,state,80,incidencerates_057.csv,0,0,https://www.statecancerprofiles.cancer.gov/incidencerates/index.php?stateFIPS=15&areatype=county&cancer=080&stage=211&race=00&sex=0&age=001&type=incd&sortVariableName=rate&sortOrder=desc&output=1,211.0,15,incd
Kalawao County(7),15005.0,***,* ,*, *,3 or fewer,*,1,county,80,incidencerates_057.csv,0,0,https://www.statecancerprofiles.cancer.gov/incidencerates/index.php?stateFIPS=15&areatype=county&cancer=080&stage=211&race=00&sex=0&age=001&type=incd&sortVariableName=rate&sortOrder=desc&output=1,211.0,15,incd
Kauai County(7),15007.0,***,* ,*, *,3 or fewer,*,1,county,80,incidencerates_057.csv,0,0,https://www.statecancerprofiles.cancer.gov/incidencerates/index.php?stateFIPS=15&areatype=county&cancer=080&stage=211&race=00&sex=0&age=001&type=incd&sortVariableName=rate&sortOrder=desc&output=1,211.0,15,incd
Hawaii(3),15000.0,***,9.2 ,8.3, 10.1,81,30.5,1,state,58,incidencerates_058.csv,0,2,https://www.statecancerprofiles.cancer.gov/incidencerates/index.php?stateFIPS=15&areatype=county&cancer=058&stage=211&race=00&sex=2&age=001&type=incd&sortVariableName=rate&sortOrder=desc&output=1,211.0,15,incd
US (SEER+NPCR)(1),0.0,***,7.6 ,7.6, 7.7,15366,28.8,1,county,58,incidencerates_058.csv,0,2,https://www.statecancerprofiles.cancer.gov/incidencerates/index.php?stateFIPS=15&areatype=county&cancer=058&stage=211&race=00&sex=2&age=001&type=incd&sortVariableName=rate&sortOrder=desc&output=1,211.0,15,incd
Honolulu County(7),15003.0,***,9.9 ,8.8, 11.1,59,30.7,1,county,58,incidencerates_058.csv,0,2,https://www.statecancerprofiles.cancer.gov/incidencerates/index.php?stateFIPS=15&areatype=county&cancer=058&stage=211&race=00&sex=2&age=001&type=incd&sortVariableName=rate&sortOrder=desc&output=1,211.0,15,incd
Hawaii County(7),15001.0,***,7.9 ,5.8, 10.6,11,31.5,1,state,58,incidencerates_058.csv,0,2,https://www.statecancerprofiles.cancer.gov/incidencerates/index.php?stateFIPS=15&areatype=county&cancer=058&stage=211&race=00&sex=2&age=001&type=incd&sortVariableName=rate&sortOrder=desc&output=1,211.0,15,incd
Kauai County(7),15007.0,***,7.6 ,4.6, 12.2,4,30.8,1,county,58,incidencerates_058.csv,0,2,https://www.statecancerprofiles.cancer.gov/incidencerates/index.php?stateFIPS=15&areatype=county&cancer=058&stage=211&race=00&sex=2&age=001&type=incd&sortVariableName=rate&sortOrder=desc&output=1,211.0,15,incd
Maui County(7),15009.0,***,7.4 ,5.1, 10.3,8,27.5,1,county,58,incidencerates_058.csv,0,2,https://www.statecancerprofiles.cancer.gov/incidencerates/index.php?stateFIPS=15&areatype=county&cancer=058&stage=211&race=00&sex=2&age=001&type=incd&sortVariableName=rate&sortOrder=desc&output=1,211.0,15,incd
Kalawao County(7),15005.0,***,* ,*, *,3 or fewer,*,1,county,58,incidencerates_058.csv,0,2,https://www.statecancerprofiles.cancer.gov/incidencerates/index.php?stateFIPS=15&areatype=county&cancer=058&stage=211&race=00&sex=2&age=001&type=incd&sortVariableName=rate&sortOrder=desc&output=1,211.0,15,incd
