locale,fips,met_health_obj,incidence rate_per_100000,incidence rate_lower_95_confidence,incidence rate_upper_95_confidence,annual_count_avg,recent_trend_str,trend_last_5,trend_last_5_lower_95_confidence,trend_last_5_upper_95_confidence,age,areatype,cancer,file_name,race,sex,source_url,stage,stateFIPS,type,late_stage_%
"Pickens County(7,8)",227,***,580.8,547.2,616.1,249,rising,1.2,0.2,2.1,1,county,1,incidencerates_000.csv,0,0,https://www.statecancerprofiles.cancer.gov/incidencerates/index.php?stateFIPS=13&areatype=county&cancer=001&race=00&sex=0&age=001&type=incd&sortVariableName=rate&sortOrder=desc&output=1,,13,incd,
"Towns County(7,8)",281,***,562.7,509.9,620.5,116,stable,0.1,-1.1,1.3,1,county,1,incidencerates_000.csv,0,0,https://www.statecancerprofiles.cancer.gov/incidencerates/index.php?stateFIPS=13&areatype=county&cancer=001&race=00&sex=0&age=001&type=incd&sortVariableName=rate&sortOrder=desc&output=1,,13,incd,
"Union County(7,8)",291,***,546,510.5,583.9,226,stable,0.4,-0.7,1.4,1,county,1,incidencerates_000.csv,0,0,https://www.statecancerprofiles.cancer.gov/incidencerates/index.php?stateFIPS=13&areatype=county&cancer=001&race=00&sex=0&age=001&type=incd&sortVariableName=rate&sortOrder=desc&output=1,,13,incd,
"Lee County(7,8)",177,***,542.6,502.8,584.7,154,stable,1.2,0,2.5,1,county,1,incidencerates_000.csv,0,0,https://www.statecancerprofiles.cancer.gov/incidencerates/index.php?stateFIPS=13&areatype=county&cancer=001&race=00&sex=0&age=001&type=incd&sortVariableName=rate&sortOrder=desc&output=1,,13,incd,
"Turner County(7,8)",287,***,538.8,475.8,608.2,56,stable,0.3,-1.4,2,1,county,1,incidencerates_000.csv,0,0,https://www.statecancerprofiles.cancer.gov/incidencerates/index.php?stateFIPS=13&areatype=county&cancer=001&race=00&sex=0&age=001&type=incd&sortVariableName=rate&sortOrder=desc&output=1,,13,incd,
"Upson County(7,8)",293,***,536.2,501.3,573,186,stable,0.6,-0.3,1.5,1,county,1,incidencerates_000.csv,0,0,https://www.statecancerprofiles.cancer.gov/incidencerates/index.php?stateFIPS=13&areatype=county&cancer=001&race=00&sex=0&age=001&type=incd&sortVariableName=rate&sortOrder=desc&output=1,,13,incd,
"Lumpkin County(7,8)",187,***,531.1,496.4,567.7,191,stable,0,-1.1,1.2,1,county,1,incidencerates_000.csv,0,0,https://www.statecancerprofiles.cancer.gov/incidencerates/index.php?stateFIPS=13&areatype=county&cancer=001&race=00&sex=0&age=001&type=incd&sortVariableName=rate&sortOrder=desc&output=1,,13,incd,
"Bryan County(7,8)",29,***,526.5,489.8,565.2,163,stable,0.7,-0.3,1.6,1,county,1,incidencerates_000.csv,0,0,https://www.statecancerprofiles.cancer.gov/incidencerates/index.php?stateFIPS=13&areatype=county&cancer=001&race=00&sex=0&age=001&type=incd&sortVariableName=rate&sortOrder=desc&output=1,,13,incd,
"Spalding County(7,8)",255,***,522.6,499.5,546.5,406,stable,-0.3,-1.6,1,1,county,1,incidencerates_000.csv,0,0,https://www.statecancerprofiles.cancer.gov/incidencerates/index.php?stateFIPS=13&areatype=county&cancer=001&race=00&sex=0&age=001&type=incd&sortVariableName=rate&sortOrder=desc&output=1,,13,incd,
"Madison County(7,8)",195,***,521.7,487.4,558,182,stable,0.6,-0.4,1.6,1,county,1,incidencerates_000.csv,0,0,https://www.statecancerprofiles.cancer.gov/incidencerates/index.php?stateFIPS=13&areatype=county&cancer=001&race=00&sex=0&age=001&type=incd&sortVariableName=rate&sortOrder=desc&output=1,,13,incd,
"Tift County(7,8)",277,***,520.4,490.2,551.9,230,stable,0.8,-0.3,1.8,1,county,1,incidencerates_000.csv,0,0,https://www.statecancerprofiles.cancer.gov/incidencerates/index.php?stateFIPS=13&areatype=county&cancer=001&race=00&sex=0&age=001&type=incd&sortVariableName=rate&sortOrder=desc&output=1,,13,incd,
Jasper County(7),159,***,515.7,466.8,568.7,88,*,*,*,*,1,county,1,incidencerates_000.csv,0,0,https://www.statecancerprofiles.cancer.gov/incidencerates/index.php?stateFIPS=13&areatype=county&cancer=001&race=00&sex=0&age=001&type=incd&sortVariableName=rate&sortOrder=desc&output=1,,13,incd,
"Quitman County(7,8)",239,***,513.1,413.6,634.6,22,stable,0.6,-1.9,3.3,1,county,1,incidencerates_000.csv,0,0,https://www.statecancerprofiles.cancer.gov/incidencerates/index.php?stateFIPS=13&areatype=county&cancer=001&race=00&sex=0&age=001&type=incd&sortVariableName=rate&sortOrder=desc&output=1,,13,incd,
"Franklin County(7,8)",119,***,512.9,475.7,552.5,150,rising,1.4,0.3,2.7,1,county,1,incidencerates_000.csv,0,0,https://www.statecancerprofiles.cancer.gov/incidencerates/index.php?stateFIPS=13&areatype=county&cancer=001&race=00&sex=0&age=001&type=incd&sortVariableName=rate&sortOrder=desc&output=1,,13,incd,
"Haralson County(7,8)",143,***,511.4,477.4,547.3,175,stable,0.8,0,1.5,1,county,1,incidencerates_000.csv,0,0,https://www.statecancerprofiles.cancer.gov/incidencerates/index.php?stateFIPS=13&areatype=county&cancer=001&race=00&sex=0&age=001&type=incd&sortVariableName=rate&sortOrder=desc&output=1,,13,incd,
"Clinch County(7,8)",65,***,511.2,441,589.6,41,stable,-0.2,-1.9,1.4,1,county,1,incidencerates_000.csv,0,0,https://www.statecancerprofiles.cancer.gov/incidencerates/index.php?stateFIPS=13&areatype=county&cancer=001&race=00&sex=0&age=001&type=incd&sortVariableName=rate&sortOrder=desc&output=1,,13,incd,
"Jackson County(7,8)",157,***,509.9,485.9,534.8,356,stable,0.3,-0.3,1,1,county,1,incidencerates_000.csv,0,0,https://www.statecancerprofiles.cancer.gov/incidencerates/index.php?stateFIPS=13&areatype=county&cancer=001&race=00&sex=0&age=001&type=incd&sortVariableName=rate&sortOrder=desc&output=1,,13,incd,
"Newton County(7,8)",217,***,509.3,489.4,529.8,522,stable,-0.1,-0.6,0.5,1,county,1,incidencerates_000.csv,0,0,https://www.statecancerprofiles.cancer.gov/incidencerates/index.php?stateFIPS=13&areatype=county&cancer=001&race=00&sex=0&age=001&type=incd&sortVariableName=rate&sortOrder=desc&output=1,,13,incd,
"Barrow County(7,8)",13,***,509.2,485.5,533.8,366,stable,-0.1,-1,0.9,1,county,1,incidencerates_000.csv,0,0,https://www.statecancerprofiles.cancer.gov/incidencerates/index.php?stateFIPS=13&areatype=county&cancer=001&race=00&sex=0&age=001&type=incd&sortVariableName=rate&sortOrder=desc&output=1,,13,incd,
Washington County(7),303,***,508.8,469.7,550.5,131,*,*,*,*,1,county,1,incidencerates_000.csv,0,0,https://www.statecancerprofiles.cancer.gov/incidencerates/index.php?stateFIPS=13&areatype=county&cancer=001&race=00&sex=0&age=001&type=incd&sortVariableName=rate&sortOrder=desc&output=1,,13,incd,
"Polk County(7,8)",233,***,508.8,480.1,538.9,244,falling,-1,-1.7,-0.3,1,county,1,incidencerates_000.csv,0,0,https://www.statecancerprofiles.cancer.gov/incidencerates/index.php?stateFIPS=13&areatype=county&cancer=001&race=00&sex=0&age=001&type=incd&sortVariableName=rate&sortOrder=desc&output=1,,13,incd,
"McDuffie County(7,8)",189,***,508.7,469,551,130,stable,1,-0.5,2.5,1,county,1,incidencerates_000.csv,0,0,https://www.statecancerprofiles.cancer.gov/incidencerates/index.php?stateFIPS=13&areatype=county&cancer=001&race=00&sex=0&age=001&type=incd&sortVariableName=rate&sortOrder=desc&output=1,,13,incd,
"Heard County(7,8)",149,***,508.6,456.1,565.9,73,stable,0.4,-1,1.9,1,county,1,incidencerates_000.csv,0,0,https://www.statecancerprofiles.cancer.gov/incidencerates/index.php?stateFIPS=13&areatype=county&cancer=001&race=00&sex=0&age=001&type=incd&sortVariableName=rate&sortOrder=desc&output=1,,13,incd,
"Stephens County(7,8)",257,***,508.3,473.7,545,172,stable,0.2,-0.7,1.1,1,county,1,incidencerates_000.csv,0,0,https://www.statecancerprofiles.cancer.gov/incidencerates/index.php?stateFIPS=13&areatype=county&cancer=001&race=00&sex=0&age=001&type=incd&sortVariableName=rate&sortOrder=desc&output=1,,13,incd,
"Terrell County(7,8)",273,***,506.6,448.3,570.9,60,falling,-1.5,-2.7,-0.2,1,county,1,incidencerates_000.csv,0,0,https://www.statecancerprofiles.cancer.gov/incidencerates/index.php?stateFIPS=13&areatype=county&cancer=001&race=00&sex=0&age=001&type=incd&sortVariableName=rate&sortOrder=desc&output=1,,13,incd,
"Peach County(7,8)",225,***,506.1,470,544.3,154,stable,-0.1,-1.2,1,1,county,1,incidencerates_000.csv,0,0,https://www.statecancerprofiles.cancer.gov/incidencerates/index.php?stateFIPS=13&areatype=county&cancer=001&race=00&sex=0&age=001&type=incd&sortVariableName=rate&sortOrder=desc&output=1,,13,incd,
"Stewart County(7,8)",259,***,505.2,429.8,590.7,33,stable,1.6,-0.6,3.8,1,county,1,incidencerates_000.csv,0,0,https://www.statecancerprofiles.cancer.gov/incidencerates/index.php?stateFIPS=13&areatype=county&cancer=001&race=00&sex=0&age=001&type=incd&sortVariableName=rate&sortOrder=desc&output=1,,13,incd,
Putnam County(7),237,***,503.6,467.3,542.2,161,*,*,*,*,1,county,1,incidencerates_000.csv,0,0,https://www.statecancerprofiles.cancer.gov/incidencerates/index.php?stateFIPS=13&areatype=county&cancer=001&race=00&sex=0&age=001&type=incd&sortVariableName=rate&sortOrder=desc&output=1,,13,incd,
"Cherokee County(7,8)",57,***,500.5,487.2,514,1180,stable,2,-1,5.1,1,county,1,incidencerates_000.csv,0,0,https://www.statecancerprofiles.cancer.gov/incidencerates/index.php?stateFIPS=13&areatype=county&cancer=001&race=00&sex=0&age=001&type=incd&sortVariableName=rate&sortOrder=desc&output=1,,13,incd,
"Bibb County(7,8)",21,***,498,482.9,513.4,866,stable,-0.2,-0.6,0.2,1,county,1,incidencerates_000.csv,0,0,https://www.statecancerprofiles.cancer.gov/incidencerates/index.php?stateFIPS=13&areatype=county&cancer=001&race=00&sex=0&age=001&type=incd&sortVariableName=rate&sortOrder=desc&output=1,,13,incd,
"Carroll County(7,8)",45,***,496,477.5,514.9,569,stable,0.4,0,0.8,1,county,1,incidencerates_000.csv,0,0,https://www.statecancerprofiles.cancer.gov/incidencerates/index.php?stateFIPS=13&areatype=county&cancer=001&race=00&sex=0&age=001&type=incd&sortVariableName=rate&sortOrder=desc&output=1,,13,incd,
"Lamar County(7,8)",171,***,495.5,453.7,540.4,110,stable,-0.1,-1.5,1.3,1,county,1,incidencerates_000.csv,0,0,https://www.statecancerprofiles.cancer.gov/incidencerates/index.php?stateFIPS=13&areatype=county&cancer=001&race=00&sex=0&age=001&type=incd&sortVariableName=rate&sortOrder=desc&output=1,,13,incd,
Morgan County(7),211,***,494.9,454.7,538,119,*,*,*,*,1,county,1,incidencerates_000.csv,0,0,https://www.statecancerprofiles.cancer.gov/incidencerates/index.php?stateFIPS=13&areatype=county&cancer=001&race=00&sex=0&age=001&type=incd&sortVariableName=rate&sortOrder=desc&output=1,,13,incd,
"Forsyth County(7,8)",117,***,494.6,480.1,509.5,950,stable,0,-0.5,0.5,1,county,1,incidencerates_000.csv,0,0,https://www.statecancerprofiles.cancer.gov/incidencerates/index.php?stateFIPS=13&areatype=county&cancer=001&race=00&sex=0&age=001&type=incd&sortVariableName=rate&sortOrder=desc&output=1,,13,incd,
"Monroe County(7,8)",207,***,494.5,461,530.1,172,stable,0,-1.1,1.2,1,county,1,incidencerates_000.csv,0,0,https://www.statecancerprofiles.cancer.gov/incidencerates/index.php?stateFIPS=13&areatype=county&cancer=001&race=00&sex=0&age=001&type=incd&sortVariableName=rate&sortOrder=desc&output=1,,13,incd,
"Chattooga County(7,8)",55,***,493.9,458.9,530.9,155,rising,1.1,0.4,1.9,1,county,1,incidencerates_000.csv,0,0,https://www.statecancerprofiles.cancer.gov/incidencerates/index.php?stateFIPS=13&areatype=county&cancer=001&race=00&sex=0&age=001&type=incd&sortVariableName=rate&sortOrder=desc&output=1,,13,incd,
"Butts County(7,8)",35,***,493.4,456.2,533,136,stable,0.4,-0.8,1.6,1,county,1,incidencerates_000.csv,0,0,https://www.statecancerprofiles.cancer.gov/incidencerates/index.php?stateFIPS=13&areatype=county&cancer=001&race=00&sex=0&age=001&type=incd&sortVariableName=rate&sortOrder=desc&output=1,,13,incd,
Greene County(7),133,***,492.9,452.6,536.3,136,*,*,*,*,1,county,1,incidencerates_000.csv,0,0,https://www.statecancerprofiles.cancer.gov/incidencerates/index.php?stateFIPS=13&areatype=county&cancer=001&race=00&sex=0&age=001&type=incd&sortVariableName=rate&sortOrder=desc&output=1,,13,incd,
"Fannin County(7,8)",111,***,492.8,459.7,527.9,200,stable,1.1,0,2.2,1,county,1,incidencerates_000.csv,0,0,https://www.statecancerprofiles.cancer.gov/incidencerates/index.php?stateFIPS=13&areatype=county&cancer=001&race=00&sex=0&age=001&type=incd&sortVariableName=rate&sortOrder=desc&output=1,,13,incd,
"Paulding County(7,8)",223,***,491.3,473.5,509.5,645,stable,-0.4,-1.1,0.2,1,county,1,incidencerates_000.csv,0,0,https://www.statecancerprofiles.cancer.gov/incidencerates/index.php?stateFIPS=13&areatype=county&cancer=001&race=00&sex=0&age=001&type=incd&sortVariableName=rate&sortOrder=desc&output=1,,13,incd,
"Lanier County(7,8)",173,***,490,430.6,555.3,52,stable,-0.9,-2.8,0.9,1,county,1,incidencerates_000.csv,0,0,https://www.statecancerprofiles.cancer.gov/incidencerates/index.php?stateFIPS=13&areatype=county&cancer=001&race=00&sex=0&age=001&type=incd&sortVariableName=rate&sortOrder=desc&output=1,,13,incd,
"Hall County(7,8)",139,***,489.7,475.9,503.8,981,stable,-0.2,-0.7,0.3,1,county,1,incidencerates_000.csv,0,0,https://www.statecancerprofiles.cancer.gov/incidencerates/index.php?stateFIPS=13&areatype=county&cancer=001&race=00&sex=0&age=001&type=incd&sortVariableName=rate&sortOrder=desc&output=1,,13,incd,
"Wilkinson County(7,8)",319,***,489,434,549.5,61,stable,0.2,-1.3,1.9,1,county,1,incidencerates_000.csv,0,0,https://www.statecancerprofiles.cancer.gov/incidencerates/index.php?stateFIPS=13&areatype=county&cancer=001&race=00&sex=0&age=001&type=incd&sortVariableName=rate&sortOrder=desc&output=1,,13,incd,
"Troup County(7,8)",285,***,488.9,466.4,512.2,371,stable,-0.1,-0.8,0.5,1,county,1,incidencerates_000.csv,0,0,https://www.statecancerprofiles.cancer.gov/incidencerates/index.php?stateFIPS=13&areatype=county&cancer=001&race=00&sex=0&age=001&type=incd&sortVariableName=rate&sortOrder=desc&output=1,,13,incd,
"Brooks County(7,8)",27,***,488.6,445.8,534.6,103,stable,0.6,-0.8,2.1,1,county,1,incidencerates_000.csv,0,0,https://www.statecancerprofiles.cancer.gov/incidencerates/index.php?stateFIPS=13&areatype=county&cancer=001&race=00&sex=0&age=001&type=incd&sortVariableName=rate&sortOrder=desc&output=1,,13,incd,
"Meriwether County(7,8)",199,***,488.5,451.8,527.5,143,rising,1.3,0.1,2.4,1,county,1,incidencerates_000.csv,0,0,https://www.statecancerprofiles.cancer.gov/incidencerates/index.php?stateFIPS=13&areatype=county&cancer=001&race=00&sex=0&age=001&type=incd&sortVariableName=rate&sortOrder=desc&output=1,,13,incd,
"Wayne County(7,8)",305,***,488.1,454.8,523.3,165,stable,-0.8,-2,0.5,1,county,1,incidencerates_000.csv,0,0,https://www.statecancerprofiles.cancer.gov/incidencerates/index.php?stateFIPS=13&areatype=county&cancer=001&race=00&sex=0&age=001&type=incd&sortVariableName=rate&sortOrder=desc&output=1,,13,incd,
"Muscogee County(7,8)",215,***,487.7,473.9,501.8,978,stable,1.4,-1.2,4,1,county,1,incidencerates_000.csv,0,0,https://www.statecancerprofiles.cancer.gov/incidencerates/index.php?stateFIPS=13&areatype=county&cancer=001&race=00&sex=0&age=001&type=incd&sortVariableName=rate&sortOrder=desc&output=1,,13,incd,
"Habersham County(7,8)",137,***,487.6,461,515.3,264,stable,0.3,-0.4,0.9,1,county,1,incidencerates_000.csv,0,0,https://www.statecancerprofiles.cancer.gov/incidencerates/index.php?stateFIPS=13&areatype=county&cancer=001&race=00&sex=0&age=001&type=incd&sortVariableName=rate&sortOrder=desc&output=1,,13,incd,
"Bacon County(7,8)",5,***,486.5,432.7,545.2,62,stable,0.2,-1.7,2,1,county,1,incidencerates_000.csv,0,0,https://www.statecancerprofiles.cancer.gov/incidencerates/index.php?stateFIPS=13&areatype=county&cancer=001&race=00&sex=0&age=001&type=incd&sortVariableName=rate&sortOrder=desc&output=1,,13,incd,
"Ben Hill County(7,8)",17,***,485.5,442.8,531.4,100,falling,-1.7,-3.1,-0.2,1,county,1,incidencerates_000.csv,0,0,https://www.statecancerprofiles.cancer.gov/incidencerates/index.php?stateFIPS=13&areatype=county&cancer=001&race=00&sex=0&age=001&type=incd&sortVariableName=rate&sortOrder=desc&output=1,,13,incd,
"Rabun County(7,8)",241,***,484.3,444.7,527,127,stable,0.6,-0.4,1.6,1,county,1,incidencerates_000.csv,0,0,https://www.statecancerprofiles.cancer.gov/incidencerates/index.php?stateFIPS=13&areatype=county&cancer=001&race=00&sex=0&age=001&type=incd&sortVariableName=rate&sortOrder=desc&output=1,,13,incd,
"Effingham County(7,8)",103,***,484.3,457.3,512.4,262,stable,0.2,-0.8,1.2,1,county,1,incidencerates_000.csv,0,0,https://www.statecancerprofiles.cancer.gov/incidencerates/index.php?stateFIPS=13&areatype=county&cancer=001&race=00&sex=0&age=001&type=incd&sortVariableName=rate&sortOrder=desc&output=1,,13,incd,
"Henry County(7,8)",151,***,483.5,469.5,497.8,991,falling,-0.7,-1.2,-0.2,1,county,1,incidencerates_000.csv,0,0,https://www.statecancerprofiles.cancer.gov/incidencerates/index.php?stateFIPS=13&areatype=county&cancer=001&race=00&sex=0&age=001&type=incd&sortVariableName=rate&sortOrder=desc&output=1,,13,incd,
"Worth County(7,8)",321,***,483.3,446,523.2,132,stable,0.5,-0.8,1.7,1,county,1,incidencerates_000.csv,0,0,https://www.statecancerprofiles.cancer.gov/incidencerates/index.php?stateFIPS=13&areatype=county&cancer=001&race=00&sex=0&age=001&type=incd&sortVariableName=rate&sortOrder=desc&output=1,,13,incd,
"Walton County(7,8)",297,***,482.8,463.2,503,477,stable,-1.2,-6.7,4.7,1,county,1,incidencerates_000.csv,0,0,https://www.statecancerprofiles.cancer.gov/incidencerates/index.php?stateFIPS=13&areatype=county&cancer=001&race=00&sex=0&age=001&type=incd&sortVariableName=rate&sortOrder=desc&output=1,,13,incd,
"Dougherty County(7,8)",95,***,482.2,462.9,502.1,494,stable,-0.6,-1.2,0,1,county,1,incidencerates_000.csv,0,0,https://www.statecancerprofiles.cancer.gov/incidencerates/index.php?stateFIPS=13&areatype=county&cancer=001&race=00&sex=0&age=001&type=incd&sortVariableName=rate&sortOrder=desc&output=1,,13,incd,
"Sumter County(7,8)",261,***,481.9,449.4,516.3,172,stable,0.1,-0.7,1,1,county,1,incidencerates_000.csv,0,0,https://www.statecancerprofiles.cancer.gov/incidencerates/index.php?stateFIPS=13&areatype=county&cancer=001&race=00&sex=0&age=001&type=incd&sortVariableName=rate&sortOrder=desc&output=1,,13,incd,
"Chattahoochee County(7,8)",53,***,481.7,390.7,585.7,21,stable,1,-2.3,4.5,1,county,1,incidencerates_000.csv,0,0,https://www.statecancerprofiles.cancer.gov/incidencerates/index.php?stateFIPS=13&areatype=county&cancer=001&race=00&sex=0&age=001&type=incd&sortVariableName=rate&sortOrder=desc&output=1,,13,incd,
"Oconee County(7,8)",219,***,481,449.5,514.1,186,stable,0.2,-0.8,1.2,1,county,1,incidencerates_000.csv,0,0,https://www.statecancerprofiles.cancer.gov/incidencerates/index.php?stateFIPS=13&areatype=county&cancer=001&race=00&sex=0&age=001&type=incd&sortVariableName=rate&sortOrder=desc&output=1,,13,incd,
"Bartow County(7,8)",15,***,480.8,461.9,500.3,517,falling,-0.9,-1.4,-0.3,1,county,1,incidencerates_000.csv,0,0,https://www.statecancerprofiles.cancer.gov/incidencerates/index.php?stateFIPS=13&areatype=county&cancer=001&race=00&sex=0&age=001&type=incd&sortVariableName=rate&sortOrder=desc&output=1,,13,incd,
"Oglethorpe County(7,8)",221,***,480.6,436.4,528.4,91,stable,0.2,-0.5,1,1,county,1,incidencerates_000.csv,0,0,https://www.statecancerprofiles.cancer.gov/incidencerates/index.php?stateFIPS=13&areatype=county&cancer=001&race=00&sex=0&age=001&type=incd&sortVariableName=rate&sortOrder=desc&output=1,,13,incd,
"Gilmer County(7,8)",123,***,480.3,449.8,512.5,211,stable,1.1,-0.2,2.4,1,county,1,incidencerates_000.csv,0,0,https://www.statecancerprofiles.cancer.gov/incidencerates/index.php?stateFIPS=13&areatype=county&cancer=001&race=00&sex=0&age=001&type=incd&sortVariableName=rate&sortOrder=desc&output=1,,13,incd,
"Crawford County(7,8)",79,***,480.3,431.7,533.3,79,stable,0.5,-0.7,1.7,1,county,1,incidencerates_000.csv,0,0,https://www.statecancerprofiles.cancer.gov/incidencerates/index.php?stateFIPS=13&areatype=county&cancer=001&race=00&sex=0&age=001&type=incd&sortVariableName=rate&sortOrder=desc&output=1,,13,incd,
"Thomas County(7,8)",275,***,479.9,454.1,506.8,272,falling,-1.1,-2.1,-0.2,1,county,1,incidencerates_000.csv,0,0,https://www.statecancerprofiles.cancer.gov/incidencerates/index.php?stateFIPS=13&areatype=county&cancer=001&race=00&sex=0&age=001&type=incd&sortVariableName=rate&sortOrder=desc&output=1,,13,incd,
"Miller County(7,8)",201,***,479.7,412.8,555.2,40,stable,0.3,-1.5,2.2,1,county,1,incidencerates_000.csv,0,0,https://www.statecancerprofiles.cancer.gov/incidencerates/index.php?stateFIPS=13&areatype=county&cancer=001&race=00&sex=0&age=001&type=incd&sortVariableName=rate&sortOrder=desc&output=1,,13,incd,
"White County(7,8)",311,***,479.3,448.4,512.1,195,stable,-0.6,-1.7,0.6,1,county,1,incidencerates_000.csv,0,0,https://www.statecancerprofiles.cancer.gov/incidencerates/index.php?stateFIPS=13&areatype=county&cancer=001&race=00&sex=0&age=001&type=incd&sortVariableName=rate&sortOrder=desc&output=1,,13,incd,
"Screven County(7,8)",251,***,478.2,432.4,527.8,86,stable,0.4,-0.7,1.6,1,county,1,incidencerates_000.csv,0,0,https://www.statecancerprofiles.cancer.gov/incidencerates/index.php?stateFIPS=13&areatype=county&cancer=001&race=00&sex=0&age=001&type=incd&sortVariableName=rate&sortOrder=desc&output=1,,13,incd,
"Baldwin County(7,8)",9,***,478.2,451,506.6,245,stable,-0.2,-1.2,0.9,1,county,1,incidencerates_000.csv,0,0,https://www.statecancerprofiles.cancer.gov/incidencerates/index.php?stateFIPS=13&areatype=county&cancer=001&race=00&sex=0&age=001&type=incd&sortVariableName=rate&sortOrder=desc&output=1,,13,incd,
"Gordon County(7,8)",129,***,477.7,453.1,503.3,294,stable,-0.2,-0.7,0.4,1,county,1,incidencerates_000.csv,0,0,https://www.statecancerprofiles.cancer.gov/incidencerates/index.php?stateFIPS=13&areatype=county&cancer=001&race=00&sex=0&age=001&type=incd&sortVariableName=rate&sortOrder=desc&output=1,,13,incd,
"Cook County(7,8)",75,***,477.6,434.5,523.9,93,stable,0.4,-0.7,1.5,1,county,1,incidencerates_000.csv,0,0,https://www.statecancerprofiles.cancer.gov/incidencerates/index.php?stateFIPS=13&areatype=county&cancer=001&race=00&sex=0&age=001&type=incd&sortVariableName=rate&sortOrder=desc&output=1,,13,incd,
"Clayton County(7,8)",63,***,476.5,462.6,490.6,1044,stable,0.2,0,0.5,1,county,1,incidencerates_000.csv,0,0,https://www.statecancerprofiles.cancer.gov/incidencerates/index.php?stateFIPS=13&areatype=county&cancer=001&race=00&sex=0&age=001&type=incd&sortVariableName=rate&sortOrder=desc&output=1,,13,incd,
"Mitchell County(7,8)",205,***,475.5,438.6,514.7,127,falling,-1.1,-2.1,-0.2,1,county,1,incidencerates_000.csv,0,0,https://www.statecancerprofiles.cancer.gov/incidencerates/index.php?stateFIPS=13&areatype=county&cancer=001&race=00&sex=0&age=001&type=incd&sortVariableName=rate&sortOrder=desc&output=1,,13,incd,
"Douglas County(7,8)",97,***,474.9,457.6,492.7,625,stable,-0.5,-1.1,0.2,1,county,1,incidencerates_000.csv,0,0,https://www.statecancerprofiles.cancer.gov/incidencerates/index.php?stateFIPS=13&areatype=county&cancer=001&race=00&sex=0&age=001&type=incd&sortVariableName=rate&sortOrder=desc&output=1,,13,incd,
"Jones County(7,8)",169,***,473.7,440.6,508.6,161,stable,1.1,-0.2,2.4,1,county,1,incidencerates_000.csv,0,0,https://www.statecancerprofiles.cancer.gov/incidencerates/index.php?stateFIPS=13&areatype=county&cancer=001&race=00&sex=0&age=001&type=incd&sortVariableName=rate&sortOrder=desc&output=1,,13,incd,
"Burke County(7,8)",33,***,473.6,435.5,514.3,122,stable,0.2,-0.7,1.2,1,county,1,incidencerates_000.csv,0,0,https://www.statecancerprofiles.cancer.gov/incidencerates/index.php?stateFIPS=13&areatype=county&cancer=001&race=00&sex=0&age=001&type=incd&sortVariableName=rate&sortOrder=desc&output=1,,13,incd,
"Irwin County(7,8)",155,***,472,417.1,532.5,55,stable,0.2,-1.3,1.7,1,county,1,incidencerates_000.csv,0,0,https://www.statecancerprofiles.cancer.gov/incidencerates/index.php?stateFIPS=13&areatype=county&cancer=001&race=00&sex=0&age=001&type=incd&sortVariableName=rate&sortOrder=desc&output=1,,13,incd,
"Cobb County(7,8)",67,***,471.5,464,479.1,3280,falling,-0.3,-0.4,-0.1,1,county,1,incidencerates_000.csv,0,0,https://www.statecancerprofiles.cancer.gov/incidencerates/index.php?stateFIPS=13&areatype=county&cancer=001&race=00&sex=0&age=001&type=incd&sortVariableName=rate&sortOrder=desc&output=1,,13,incd,
"Rockdale County(7,8)",247,***,469.4,449.4,490.1,445,stable,1.8,-0.4,4,1,county,1,incidencerates_000.csv,0,0,https://www.statecancerprofiles.cancer.gov/incidencerates/index.php?stateFIPS=13&areatype=county&cancer=001&race=00&sex=0&age=001&type=incd&sortVariableName=rate&sortOrder=desc&output=1,,13,incd,
"Bleckley County(7,8)",23,***,469,420.2,522.1,71,rising,3.5,1.4,5.7,1,county,1,incidencerates_000.csv,0,0,https://www.statecancerprofiles.cancer.gov/incidencerates/index.php?stateFIPS=13&areatype=county&cancer=001&race=00&sex=0&age=001&type=incd&sortVariableName=rate&sortOrder=desc&output=1,,13,incd,
"Richmond County(7,8)",245,***,468.6,455.3,482.2,993,rising,2.8,0.2,5.4,1,county,1,incidencerates_000.csv,0,0,https://www.statecancerprofiles.cancer.gov/incidencerates/index.php?stateFIPS=13&areatype=county&cancer=001&race=00&sex=0&age=001&type=incd&sortVariableName=rate&sortOrder=desc&output=1,,13,incd,
"Fulton County(7,8)",121,***,468.3,461.9,474.7,4393,falling,-1,-1.3,-0.8,1,county,1,incidencerates_000.csv,0,0,https://www.statecancerprofiles.cancer.gov/incidencerates/index.php?stateFIPS=13&areatype=county&cancer=001&race=00&sex=0&age=001&type=incd&sortVariableName=rate&sortOrder=desc&output=1,,13,incd,
"Ware County(7,8)",299,***,467.8,438.9,498.1,204,stable,-0.2,-1.1,0.7,1,county,1,incidencerates_000.csv,0,0,https://www.statecancerprofiles.cancer.gov/incidencerates/index.php?stateFIPS=13&areatype=county&cancer=001&race=00&sex=0&age=001&type=incd&sortVariableName=rate&sortOrder=desc&output=1,,13,incd,
"Lincoln County(7,8)",181,***,467.7,410.7,531.3,56,stable,4.6,-1.3,10.9,1,county,1,incidencerates_000.csv,0,0,https://www.statecancerprofiles.cancer.gov/incidencerates/index.php?stateFIPS=13&areatype=county&cancer=001&race=00&sex=0&age=001&type=incd&sortVariableName=rate&sortOrder=desc&output=1,,13,incd,
"Coweta County(7,8)",77,***,467.2,450.9,484,660,stable,0,-0.5,0.5,1,county,1,incidencerates_000.csv,0,0,https://www.statecancerprofiles.cancer.gov/incidencerates/index.php?stateFIPS=13&areatype=county&cancer=001&race=00&sex=0&age=001&type=incd&sortVariableName=rate&sortOrder=desc&output=1,,13,incd,
"Elbert County(7,8)",105,***,466.9,429.6,506.8,124,stable,0.4,-0.8,1.6,1,county,1,incidencerates_000.csv,0,0,https://www.statecancerprofiles.cancer.gov/incidencerates/index.php?stateFIPS=13&areatype=county&cancer=001&race=00&sex=0&age=001&type=incd&sortVariableName=rate&sortOrder=desc&output=1,,13,incd,
"Floyd County(7,8)",115,***,466.6,448.8,484.9,539,stable,-0.3,-0.9,0.3,1,county,1,incidencerates_000.csv,0,0,https://www.statecancerprofiles.cancer.gov/incidencerates/index.php?stateFIPS=13&areatype=county&cancer=001&race=00&sex=0&age=001&type=incd&sortVariableName=rate&sortOrder=desc&output=1,,13,incd,
"Coffee County(7,8)",69,***,465,436.6,494.8,208,stable,1,-0.2,2.3,1,county,1,incidencerates_000.csv,0,0,https://www.statecancerprofiles.cancer.gov/incidencerates/index.php?stateFIPS=13&areatype=county&cancer=001&race=00&sex=0&age=001&type=incd&sortVariableName=rate&sortOrder=desc&output=1,,13,incd,
"Grady County(7,8)",131,***,464.7,430.5,501.1,143,stable,-0.8,-1.9,0.3,1,county,1,incidencerates_000.csv,0,0,https://www.statecancerprofiles.cancer.gov/incidencerates/index.php?stateFIPS=13&areatype=county&cancer=001&race=00&sex=0&age=001&type=incd&sortVariableName=rate&sortOrder=desc&output=1,,13,incd,
"Early County(7,8)",99,***,463.7,413.3,519.1,65,stable,1.3,-1.1,3.6,1,county,1,incidencerates_000.csv,0,0,https://www.statecancerprofiles.cancer.gov/incidencerates/index.php?stateFIPS=13&areatype=county&cancer=001&race=00&sex=0&age=001&type=incd&sortVariableName=rate&sortOrder=desc&output=1,,13,incd,
"Laurens County(7,8)",175,***,460,435.1,486,267,stable,-0.1,-0.7,0.6,1,county,1,incidencerates_000.csv,0,0,https://www.statecancerprofiles.cancer.gov/incidencerates/index.php?stateFIPS=13&areatype=county&cancer=001&race=00&sex=0&age=001&type=incd&sortVariableName=rate&sortOrder=desc&output=1,,13,incd,
"Clarke County(7,8)",59,***,460,440.7,479.9,448,stable,-0.3,-0.9,0.2,1,county,1,incidencerates_000.csv,0,0,https://www.statecancerprofiles.cancer.gov/incidencerates/index.php?stateFIPS=13&areatype=county&cancer=001&race=00&sex=0&age=001&type=incd&sortVariableName=rate&sortOrder=desc&output=1,,13,incd,
"Pike County(7,8)",231,***,459.7,418.4,504.2,96,stable,0,-1,1.1,1,county,1,incidencerates_000.csv,0,0,https://www.statecancerprofiles.cancer.gov/incidencerates/index.php?stateFIPS=13&areatype=county&cancer=001&race=00&sex=0&age=001&type=incd&sortVariableName=rate&sortOrder=desc&output=1,,13,incd,
"Toombs County(7,8)",279,***,458.9,425.5,494.2,145,stable,-0.5,-1.8,0.8,1,county,1,incidencerates_000.csv,0,0,https://www.statecancerprofiles.cancer.gov/incidencerates/index.php?stateFIPS=13&areatype=county&cancer=001&race=00&sex=0&age=001&type=incd&sortVariableName=rate&sortOrder=desc&output=1,,13,incd,
"Lowndes County(7,8)",185,***,458.6,439.9,477.8,472,stable,-0.5,-1.2,0.3,1,county,1,incidencerates_000.csv,0,0,https://www.statecancerprofiles.cancer.gov/incidencerates/index.php?stateFIPS=13&areatype=county&cancer=001&race=00&sex=0&age=001&type=incd&sortVariableName=rate&sortOrder=desc&output=1,,13,incd,
"Hart County(7,8)",147,***,458.2,426.4,491.9,167,stable,-0.2,-1.1,0.7,1,county,1,incidencerates_000.csv,0,0,https://www.statecancerprofiles.cancer.gov/incidencerates/index.php?stateFIPS=13&areatype=county&cancer=001&race=00&sex=0&age=001&type=incd&sortVariableName=rate&sortOrder=desc&output=1,,13,incd,
"Harris County(7,8)",145,***,457.4,427.7,488.8,193,stable,0.3,-0.8,1.4,1,county,1,incidencerates_000.csv,0,0,https://www.statecancerprofiles.cancer.gov/incidencerates/index.php?stateFIPS=13&areatype=county&cancer=001&race=00&sex=0&age=001&type=incd&sortVariableName=rate&sortOrder=desc&output=1,,13,incd,
Warren County(7),301,***,457.1,388.9,535,36,*,*,*,*,1,county,1,incidencerates_000.csv,0,0,https://www.statecancerprofiles.cancer.gov/incidencerates/index.php?stateFIPS=13&areatype=county&cancer=001&race=00&sex=0&age=001&type=incd&sortVariableName=rate&sortOrder=desc&output=1,,13,incd,
"Fayette County(7,8)",113,***,457.1,440.4,474.2,626,stable,-0.4,-1.1,0.4,1,county,1,incidencerates_000.csv,0,0,https://www.statecancerprofiles.cancer.gov/incidencerates/index.php?stateFIPS=13&areatype=county&cancer=001&race=00&sex=0&age=001&type=incd&sortVariableName=rate&sortOrder=desc&output=1,,13,incd,
"Camden County(7,8)",39,***,456.7,429,485.6,223,stable,-0.8,-2,0.3,1,county,1,incidencerates_000.csv,0,0,https://www.statecancerprofiles.cancer.gov/incidencerates/index.php?stateFIPS=13&areatype=county&cancer=001&race=00&sex=0&age=001&type=incd&sortVariableName=rate&sortOrder=desc&output=1,,13,incd,
"Houston County(7,8)",153,***,455.9,440.3,471.9,675,stable,-0.5,-1,0,1,county,1,incidencerates_000.csv,0,0,https://www.statecancerprofiles.cancer.gov/incidencerates/index.php?stateFIPS=13&areatype=county&cancer=001&race=00&sex=0&age=001&type=incd&sortVariableName=rate&sortOrder=desc&output=1,,13,incd,
"Glynn County(7,8)",127,***,455.3,436.7,474.4,484,falling,-0.9,-1.5,-0.3,1,county,1,incidencerates_000.csv,0,0,https://www.statecancerprofiles.cancer.gov/incidencerates/index.php?stateFIPS=13&areatype=county&cancer=001&race=00&sex=0&age=001&type=incd&sortVariableName=rate&sortOrder=desc&output=1,,13,incd,
"Banks County(7,8)",11,***,455.1,414.2,499.1,98,stable,0.2,-1.1,1.4,1,county,1,incidencerates_000.csv,0,0,https://www.statecancerprofiles.cancer.gov/incidencerates/index.php?stateFIPS=13&areatype=county&cancer=001&race=00&sex=0&age=001&type=incd&sortVariableName=rate&sortOrder=desc&output=1,,13,incd,
"Colquitt County(7,8)",71,***,454.9,428.4,482.6,228,falling,-0.7,-1.3,-0.2,1,county,1,incidencerates_000.csv,0,0,https://www.statecancerprofiles.cancer.gov/incidencerates/index.php?stateFIPS=13&areatype=county&cancer=001&race=00&sex=0&age=001&type=incd&sortVariableName=rate&sortOrder=desc&output=1,,13,incd,
"Wilkes County(7,8)",317,***,453.4,403.6,508.2,67,stable,-0.1,-1.5,1.4,1,county,1,incidencerates_000.csv,0,0,https://www.statecancerprofiles.cancer.gov/incidencerates/index.php?stateFIPS=13&areatype=county&cancer=001&race=00&sex=0&age=001&type=incd&sortVariableName=rate&sortOrder=desc&output=1,,13,incd,
"Montgomery County(7,8)",209,***,452.8,395,517.1,47,stable,-0.3,-2.1,1.5,1,county,1,incidencerates_000.csv,0,0,https://www.statecancerprofiles.cancer.gov/incidencerates/index.php?stateFIPS=13&areatype=county&cancer=001&race=00&sex=0&age=001&type=incd&sortVariableName=rate&sortOrder=desc&output=1,,13,incd,
"Brantley County(7,8)",25,***,452.8,412.4,496.1,98,rising,3,1.6,4.4,1,county,1,incidencerates_000.csv,0,0,https://www.statecancerprofiles.cancer.gov/incidencerates/index.php?stateFIPS=13&areatype=county&cancer=001&race=00&sex=0&age=001&type=incd&sortVariableName=rate&sortOrder=desc&output=1,,13,incd,
"Chatham County(7,8)",51,***,452.1,441.2,463.1,1378,stable,-0.3,-0.7,0.1,1,county,1,incidencerates_000.csv,0,0,https://www.statecancerprofiles.cancer.gov/incidencerates/index.php?stateFIPS=13&areatype=county&cancer=001&race=00&sex=0&age=001&type=incd&sortVariableName=rate&sortOrder=desc&output=1,,13,incd,
"DeKalb County(7,8)",89,***,451.1,443.9,458.5,3154,stable,0.2,-1.8,2.2,1,county,1,incidencerates_000.csv,0,0,https://www.statecancerprofiles.cancer.gov/incidencerates/index.php?stateFIPS=13&areatype=county&cancer=001&race=00&sex=0&age=001&type=incd&sortVariableName=rate&sortOrder=desc&output=1,,13,incd,
"Liberty County(7,8)",179,***,450.8,422,481,207,stable,-1,-2.1,0.2,1,county,1,incidencerates_000.csv,0,0,https://www.statecancerprofiles.cancer.gov/incidencerates/index.php?stateFIPS=13&areatype=county&cancer=001&race=00&sex=0&age=001&type=incd&sortVariableName=rate&sortOrder=desc&output=1,,13,incd,
"Crisp County(7,8)",81,***,450.1,415,487.4,131,stable,0,-1.3,1.3,1,county,1,incidencerates_000.csv,0,0,https://www.statecancerprofiles.cancer.gov/incidencerates/index.php?stateFIPS=13&areatype=county&cancer=001&race=00&sex=0&age=001&type=incd&sortVariableName=rate&sortOrder=desc&output=1,,13,incd,
"Gwinnett County(7,8)",135,***,449,441.7,456.3,3323,stable,-0.1,-0.3,0.1,1,county,1,incidencerates_000.csv,0,0,https://www.statecancerprofiles.cancer.gov/incidencerates/index.php?stateFIPS=13&areatype=county&cancer=001&race=00&sex=0&age=001&type=incd&sortVariableName=rate&sortOrder=desc&output=1,,13,incd,
Jefferson County(7),163,***,447.9,406.7,492.4,92,*,*,*,*,1,county,1,incidencerates_000.csv,0,0,https://www.statecancerprofiles.cancer.gov/incidencerates/index.php?stateFIPS=13&areatype=county&cancer=001&race=00&sex=0&age=001&type=incd&sortVariableName=rate&sortOrder=desc&output=1,,13,incd,
"Seminole County(7,8)",253,***,447.7,394.6,506.8,57,stable,-0.2,-2.2,1.7,1,county,1,incidencerates_000.csv,0,0,https://www.statecancerprofiles.cancer.gov/incidencerates/index.php?stateFIPS=13&areatype=county&cancer=001&race=00&sex=0&age=001&type=incd&sortVariableName=rate&sortOrder=desc&output=1,,13,incd,
Glascock County(7),125,***,446.9,353.1,559.3,17,*,*,*,*,1,county,1,incidencerates_000.csv,0,0,https://www.statecancerprofiles.cancer.gov/incidencerates/index.php?stateFIPS=13&areatype=county&cancer=001&race=00&sex=0&age=001&type=incd&sortVariableName=rate&sortOrder=desc&output=1,,13,incd,
"Evans County(7,8)",109,***,445.6,393.6,502.6,55,stable,-0.7,-2.1,0.7,1,county,1,incidencerates_000.csv,0,0,https://www.statecancerprofiles.cancer.gov/incidencerates/index.php?stateFIPS=13&areatype=county&cancer=001&race=00&sex=0&age=001&type=incd&sortVariableName=rate&sortOrder=desc&output=1,,13,incd,
"Taylor County(7,8)",269,***,443.6,388.5,505.1,50,stable,0,-1.7,1.8,1,county,1,incidencerates_000.csv,0,0,https://www.statecancerprofiles.cancer.gov/incidencerates/index.php?stateFIPS=13&areatype=county&cancer=001&race=00&sex=0&age=001&type=incd&sortVariableName=rate&sortOrder=desc&output=1,,13,incd,
"Twiggs County(7,8)",289,***,443,389.4,502.9,56,stable,0.2,-2,2.4,1,county,1,incidencerates_000.csv,0,0,https://www.statecancerprofiles.cancer.gov/incidencerates/index.php?stateFIPS=13&areatype=county&cancer=001&race=00&sex=0&age=001&type=incd&sortVariableName=rate&sortOrder=desc&output=1,,13,incd,
"Pierce County(7,8)",229,***,442,403.4,483.5,101,stable,-0.7,-1.9,0.5,1,county,1,incidencerates_000.csv,0,0,https://www.statecancerprofiles.cancer.gov/incidencerates/index.php?stateFIPS=13&areatype=county&cancer=001&race=00&sex=0&age=001&type=incd&sortVariableName=rate&sortOrder=desc&output=1,,13,incd,
"Wilcox County(7,8)",315,***,440,385.9,500.1,49,stable,-0.3,-2,1.4,1,county,1,incidencerates_000.csv,0,0,https://www.statecancerprofiles.cancer.gov/incidencerates/index.php?stateFIPS=13&areatype=county&cancer=001&race=00&sex=0&age=001&type=incd&sortVariableName=rate&sortOrder=desc&output=1,,13,incd,
"Talbot County(7,8)",263,***,438.9,379.5,506.4,45,stable,-0.1,-1.9,1.6,1,county,1,incidencerates_000.csv,0,0,https://www.statecancerprofiles.cancer.gov/incidencerates/index.php?stateFIPS=13&areatype=county&cancer=001&race=00&sex=0&age=001&type=incd&sortVariableName=rate&sortOrder=desc&output=1,,13,incd,
"Berrien County(7,8)",19,***,437.9,400.2,478.5,103,stable,0.3,-0.9,1.5,1,county,1,incidencerates_000.csv,0,0,https://www.statecancerprofiles.cancer.gov/incidencerates/index.php?stateFIPS=13&areatype=county&cancer=001&race=00&sex=0&age=001&type=incd&sortVariableName=rate&sortOrder=desc&output=1,,13,incd,
"Decatur County(7,8)",87,***,436.1,404.3,469.8,144,stable,-0.1,-0.9,0.8,1,county,1,incidencerates_000.csv,0,0,https://www.statecancerprofiles.cancer.gov/incidencerates/index.php?stateFIPS=13&areatype=county&cancer=001&race=00&sex=0&age=001&type=incd&sortVariableName=rate&sortOrder=desc&output=1,,13,incd,
"Dawson County(7,8)",85,***,434.4,399.7,471.5,131,stable,-1.1,-2.5,0.4,1,county,1,incidencerates_000.csv,0,0,https://www.statecancerprofiles.cancer.gov/incidencerates/index.php?stateFIPS=13&areatype=county&cancer=001&race=00&sex=0&age=001&type=incd&sortVariableName=rate&sortOrder=desc&output=1,,13,incd,
"Jenkins County(7,8)",165,***,434.4,378.9,496,46,stable,-1.5,-3,0,1,county,1,incidencerates_000.csv,0,0,https://www.statecancerprofiles.cancer.gov/incidencerates/index.php?stateFIPS=13&areatype=county&cancer=001&race=00&sex=0&age=001&type=incd&sortVariableName=rate&sortOrder=desc&output=1,,13,incd,
"Atkinson County(7,8)",3,***,432.9,371,502.1,37,stable,-0.4,-2,1.2,1,county,1,incidencerates_000.csv,0,0,https://www.statecancerprofiles.cancer.gov/incidencerates/index.php?stateFIPS=13&areatype=county&cancer=001&race=00&sex=0&age=001&type=incd&sortVariableName=rate&sortOrder=desc&output=1,,13,incd,
"Randolph County(7,8)",243,***,432.1,372.6,498.9,44,stable,0,-2,2,1,county,1,incidencerates_000.csv,0,0,https://www.statecancerprofiles.cancer.gov/incidencerates/index.php?stateFIPS=13&areatype=county&cancer=001&race=00&sex=0&age=001&type=incd&sortVariableName=rate&sortOrder=desc&output=1,,13,incd,
"Murray County(7,8)",213,***,428.5,400.6,457.9,186,rising,5.4,0.4,10.6,1,county,1,incidencerates_000.csv,0,0,https://www.statecancerprofiles.cancer.gov/incidencerates/index.php?stateFIPS=13&areatype=county&cancer=001&race=00&sex=0&age=001&type=incd&sortVariableName=rate&sortOrder=desc&output=1,,13,incd,
"Macon County(7,8)",193,***,428.1,383.8,476.4,74,falling,-1.3,-2.5,-0.1,1,county,1,incidencerates_000.csv,0,0,https://www.statecancerprofiles.cancer.gov/incidencerates/index.php?stateFIPS=13&areatype=county&cancer=001&race=00&sex=0&age=001&type=incd&sortVariableName=rate&sortOrder=desc&output=1,,13,incd,
"Clay County(7,8)",61,***,428.1,341,533.1,20,stable,1.9,-1,5,1,county,1,incidencerates_000.csv,0,0,https://www.statecancerprofiles.cancer.gov/incidencerates/index.php?stateFIPS=13&areatype=county&cancer=001&race=00&sex=0&age=001&type=incd&sortVariableName=rate&sortOrder=desc&output=1,,13,incd,
"Echols County(7,8)",101,***,426.9,338.1,531.7,17,stable,-1.2,-3.8,1.6,1,county,1,incidencerates_000.csv,0,0,https://www.statecancerprofiles.cancer.gov/incidencerates/index.php?stateFIPS=13&areatype=county&cancer=001&race=00&sex=0&age=001&type=incd&sortVariableName=rate&sortOrder=desc&output=1,,13,incd,
"Emanuel County(7,8)",107,***,424.3,389.3,461.8,113,stable,-0.1,-1.2,1.1,1,county,1,incidencerates_000.csv,0,0,https://www.statecancerprofiles.cancer.gov/incidencerates/index.php?stateFIPS=13&areatype=county&cancer=001&race=00&sex=0&age=001&type=incd&sortVariableName=rate&sortOrder=desc&output=1,,13,incd,
"Baker County(7,8)",7,***,424,341,523.2,20,stable,0.9,-2.5,4.5,1,county,1,incidencerates_000.csv,0,0,https://www.statecancerprofiles.cancer.gov/incidencerates/index.php?stateFIPS=13&areatype=county&cancer=001&race=00&sex=0&age=001&type=incd&sortVariableName=rate&sortOrder=desc&output=1,,13,incd,
"Charlton County(7,8)",49,***,419.2,373,469.8,61,stable,0.6,-1,2.1,1,county,1,incidencerates_000.csv,0,0,https://www.statecancerprofiles.cancer.gov/incidencerates/index.php?stateFIPS=13&areatype=county&cancer=001&race=00&sex=0&age=001&type=incd&sortVariableName=rate&sortOrder=desc&output=1,,13,incd,
"Appling County(7,8)",1,***,416.8,378.9,457.6,94,stable,-0.6,-2,0.8,1,county,1,incidencerates_000.csv,0,0,https://www.statecancerprofiles.cancer.gov/incidencerates/index.php?stateFIPS=13&areatype=county&cancer=001&race=00&sex=0&age=001&type=incd&sortVariableName=rate&sortOrder=desc&output=1,,13,incd,
"Jeff Davis County(7,8)",161,***,415.2,372.2,461.9,72,falling,-1.4,-2.5,-0.2,1,county,1,incidencerates_000.csv,0,0,https://www.statecancerprofiles.cancer.gov/incidencerates/index.php?stateFIPS=13&areatype=county&cancer=001&race=00&sex=0&age=001&type=incd&sortVariableName=rate&sortOrder=desc&output=1,,13,incd,
"Bulloch County(7,8)",31,***,412,389.4,435.7,260,stable,-0.6,-1.4,0.3,1,county,1,incidencerates_000.csv,0,0,https://www.statecancerprofiles.cancer.gov/incidencerates/index.php?stateFIPS=13&areatype=county&cancer=001&race=00&sex=0&age=001&type=incd&sortVariableName=rate&sortOrder=desc&output=1,,13,incd,
"Tattnall County(7,8)",267,***,411.9,378.3,447.8,114,falling,-1.4,-2.6,-0.3,1,county,1,incidencerates_000.csv,0,0,https://www.statecancerprofiles.cancer.gov/incidencerates/index.php?stateFIPS=13&areatype=county&cancer=001&race=00&sex=0&age=001&type=incd&sortVariableName=rate&sortOrder=desc&output=1,,13,incd,
"Whitfield County(7,8)",313,***,410.6,393.4,428.4,439,falling,-1.5,-2.2,-0.8,1,county,1,incidencerates_000.csv,0,0,https://www.statecancerprofiles.cancer.gov/incidencerates/index.php?stateFIPS=13&areatype=county&cancer=001&race=00&sex=0&age=001&type=incd&sortVariableName=rate&sortOrder=desc&output=1,,13,incd,
"Dade County(7,8)",83,***,408.3,369.9,449.8,88,stable,-1.3,-3.3,0.7,1,county,1,incidencerates_000.csv,0,0,https://www.statecancerprofiles.cancer.gov/incidencerates/index.php?stateFIPS=13&areatype=county&cancer=001&race=00&sex=0&age=001&type=incd&sortVariableName=rate&sortOrder=desc&output=1,,13,incd,
"Schley County(7,8)",249,***,403.6,333.2,485.3,24,stable,-0.8,-2.7,1.1,1,county,1,incidencerates_000.csv,0,0,https://www.statecancerprofiles.cancer.gov/incidencerates/index.php?stateFIPS=13&areatype=county&cancer=001&race=00&sex=0&age=001&type=incd&sortVariableName=rate&sortOrder=desc&output=1,,13,incd,
"Treutlen County(7,8)",283,***,402.4,342.1,470.7,34,stable,0.5,-1,2.1,1,county,1,incidencerates_000.csv,0,0,https://www.statecancerprofiles.cancer.gov/incidencerates/index.php?stateFIPS=13&areatype=county&cancer=001&race=00&sex=0&age=001&type=incd&sortVariableName=rate&sortOrder=desc&output=1,,13,incd,
"Walker County(7,8)",295,***,401.5,382.5,421.2,354,falling,-1.6,-3,-0.2,1,county,1,incidencerates_000.csv,0,0,https://www.statecancerprofiles.cancer.gov/incidencerates/index.php?stateFIPS=13&areatype=county&cancer=001&race=00&sex=0&age=001&type=incd&sortVariableName=rate&sortOrder=desc&output=1,,13,incd,
"Columbia County(7,8)",73,***,401.1,386.1,416.5,575,falling,-1,-1.6,-0.4,1,county,1,incidencerates_000.csv,0,0,https://www.statecancerprofiles.cancer.gov/incidencerates/index.php?stateFIPS=13&areatype=county&cancer=001&race=00&sex=0&age=001&type=incd&sortVariableName=rate&sortOrder=desc&output=1,,13,incd,
"McIntosh County(7,8)",191,***,392.5,353.7,434.9,87,falling,-2,-3,-1,1,county,1,incidencerates_000.csv,0,0,https://www.statecancerprofiles.cancer.gov/incidencerates/index.php?stateFIPS=13&areatype=county&cancer=001&race=00&sex=0&age=001&type=incd&sortVariableName=rate&sortOrder=desc&output=1,,13,incd,
Hancock County(7),141,***,392.3,343.5,446.9,51,*,*,*,*,1,county,1,incidencerates_000.csv,0,0,https://www.statecancerprofiles.cancer.gov/incidencerates/index.php?stateFIPS=13&areatype=county&cancer=001&race=00&sex=0&age=001&type=incd&sortVariableName=rate&sortOrder=desc&output=1,,13,incd,
"Dodge County(7,8)",91,***,391.6,358,427.6,104,stable,-1,-2.6,0.5,1,county,1,incidencerates_000.csv,0,0,https://www.statecancerprofiles.cancer.gov/incidencerates/index.php?stateFIPS=13&areatype=county&cancer=001&race=00&sex=0&age=001&type=incd&sortVariableName=rate&sortOrder=desc&output=1,,13,incd,
"Catoosa County(7,8)",47,***,388.8,369.3,409.1,309,stable,-1.3,-3.2,0.7,1,county,1,incidencerates_000.csv,0,0,https://www.statecancerprofiles.cancer.gov/incidencerates/index.php?stateFIPS=13&areatype=county&cancer=001&race=00&sex=0&age=001&type=incd&sortVariableName=rate&sortOrder=desc&output=1,,13,incd,
"Candler County(7,8)",43,***,383.5,337.3,434.7,53,stable,-0.5,-2.5,1.6,1,county,1,incidencerates_000.csv,0,0,https://www.statecancerprofiles.cancer.gov/incidencerates/index.php?stateFIPS=13&areatype=county&cancer=001&race=00&sex=0&age=001&type=incd&sortVariableName=rate&sortOrder=desc&output=1,,13,incd,
"Wheeler County(7,8)",309,***,374.8,318.9,438.3,33,stable,2.4,-0.4,5.2,1,county,1,incidencerates_000.csv,0,0,https://www.statecancerprofiles.cancer.gov/incidencerates/index.php?stateFIPS=13&areatype=county&cancer=001&race=00&sex=0&age=001&type=incd&sortVariableName=rate&sortOrder=desc&output=1,,13,incd,
"Long County(7,8)",183,***,365.1,318.1,416.7,50,stable,-1.4,-3.1,0.4,1,county,1,incidencerates_000.csv,0,0,https://www.statecancerprofiles.cancer.gov/incidencerates/index.php?stateFIPS=13&areatype=county&cancer=001&race=00&sex=0&age=001&type=incd&sortVariableName=rate&sortOrder=desc&output=1,,13,incd,
"Dooly County(7,8)",93,***,363.7,324.4,406.8,67,stable,-1.6,-3.1,0,1,county,1,incidencerates_000.csv,0,0,https://www.statecancerprofiles.cancer.gov/incidencerates/index.php?stateFIPS=13&areatype=county&cancer=001&race=00&sex=0&age=001&type=incd&sortVariableName=rate&sortOrder=desc&output=1,,13,incd,
Taliaferro County(7),265,***,361.5,265.9,487.9,11,*,*,*,*,1,county,1,incidencerates_000.csv,0,0,https://www.statecancerprofiles.cancer.gov/incidencerates/index.php?stateFIPS=13&areatype=county&cancer=001&race=00&sex=0&age=001&type=incd&sortVariableName=rate&sortOrder=desc&output=1,,13,incd,
"Pulaski County(7,8)",235,***,360.4,318.7,406.6,58,stable,-1,-2.7,0.7,1,county,1,incidencerates_000.csv,0,0,https://www.statecancerprofiles.cancer.gov/incidencerates/index.php?stateFIPS=13&areatype=county&cancer=001&race=00&sex=0&age=001&type=incd&sortVariableName=rate&sortOrder=desc&output=1,,13,incd,
"Webster County(7,8)",307,***,358.2,277.3,458.7,14,stable,-0.1,-3.6,3.4,1,county,1,incidencerates_000.csv,0,0,https://www.statecancerprofiles.cancer.gov/incidencerates/index.php?stateFIPS=13&areatype=county&cancer=001&race=00&sex=0&age=001&type=incd&sortVariableName=rate&sortOrder=desc&output=1,,13,incd,
"Marion County(7,8)",197,***,355.1,305.6,410.8,41,falling,-2.3,-4.2,-0.4,1,county,1,incidencerates_000.csv,0,0,https://www.statecancerprofiles.cancer.gov/incidencerates/index.php?stateFIPS=13&areatype=county&cancer=001&race=00&sex=0&age=001&type=incd&sortVariableName=rate&sortOrder=desc&output=1,,13,incd,
"Johnson County(7,8)",167,***,351.7,306.5,402.2,45,stable,0,-2,2.1,1,county,1,incidencerates_000.csv,0,0,https://www.statecancerprofiles.cancer.gov/incidencerates/index.php?stateFIPS=13&areatype=county&cancer=001&race=00&sex=0&age=001&type=incd&sortVariableName=rate&sortOrder=desc&output=1,,13,incd,
"Calhoun County(7,8)",37,***,343.5,285.5,410.3,26,falling,-3.7,-6.1,-1.2,1,county,1,incidencerates_000.csv,0,0,https://www.statecancerprofiles.cancer.gov/incidencerates/index.php?stateFIPS=13&areatype=county&cancer=001&race=00&sex=0&age=001&type=incd&sortVariableName=rate&sortOrder=desc&output=1,,13,incd,
"Telfair County(7,8)",271,***,317.6,283.4,355.2,64,falling,-1.4,-2.5,-0.3,1,county,1,incidencerates_000.csv,0,0,https://www.statecancerprofiles.cancer.gov/incidencerates/index.php?stateFIPS=13&areatype=county&cancer=001&race=00&sex=0&age=001&type=incd&sortVariableName=rate&sortOrder=desc&output=1,,13,incd,
