locale,fips,value (percent),people (education: less than 9th grade),rank within us,age,areatype,demo,file_name,race,sex,source_url,stateFIPS,topic,type,people(education: less than high school),people (education: at least bachelors degree)
Florida,12000.0,5.1,733714.0,38 of 52,81,state,4,demographics_001.csv,0,0,https://www.statecancerprofiles.cancer.gov/demographics/index.php?stateFIPS=12&areatype=county&topic=ed&demo=00004&race=00&sex=0&age=081&type=manyareacensus&sortVariableName=value&sortOrder=asc&output=1,12,ed,manyareacensus,,
United States,0.0,5.4,11759554.0,,81,country,4,demographics_001.csv,0,0,https://www.statecancerprofiles.cancer.gov/demographics/index.php?stateFIPS=12&areatype=county&topic=ed&demo=00004&race=00&sex=0&age=081&type=manyareacensus&sortVariableName=value&sortOrder=asc&output=1,12,ed,manyareacensus,,
St. Johns County,12109.0,1.6,2594.0,176 of 3141,81,county,4,demographics_001.csv,0,0,https://www.statecancerprofiles.cancer.gov/demographics/index.php?stateFIPS=12&areatype=county&topic=ed&demo=00004&race=00&sex=0&age=081&type=manyareacensus&sortVariableName=value&sortOrder=asc&output=1,12,ed,manyareacensus,,
Seminole County,12117.0,2.0,6392.0,343 of 3141,81,county,4,demographics_001.csv,0,0,https://www.statecancerprofiles.cancer.gov/demographics/index.php?stateFIPS=12&areatype=county&topic=ed&demo=00004&race=00&sex=0&age=081&type=manyareacensus&sortVariableName=value&sortOrder=asc&output=1,12,ed,manyareacensus,,
Leon County,12073.0,2.1,3473.0,364 of 3141,81,county,4,demographics_001.csv,0,0,https://www.statecancerprofiles.cancer.gov/demographics/index.php?stateFIPS=12&areatype=county&topic=ed&demo=00004&race=00&sex=0&age=081&type=manyareacensus&sortVariableName=value&sortOrder=asc&output=1,12,ed,manyareacensus,,
Santa Rosa County,12113.0,2.4,2770.0,519 of 3141,81,county,4,demographics_001.csv,0,0,https://www.statecancerprofiles.cancer.gov/demographics/index.php?stateFIPS=12&areatype=county&topic=ed&demo=00004&race=00&sex=0&age=081&type=manyareacensus&sortVariableName=value&sortOrder=asc&output=1,12,ed,manyareacensus,,
Sumter County,12119.0,2.4,2519.0,528 of 3141,81,county,4,demographics_001.csv,0,0,https://www.statecancerprofiles.cancer.gov/demographics/index.php?stateFIPS=12&areatype=county&topic=ed&demo=00004&race=00&sex=0&age=081&type=manyareacensus&sortVariableName=value&sortOrder=asc&output=1,12,ed,manyareacensus,,
Brevard County,12009.0,2.4,10254.0,542 of 3141,81,county,4,demographics_001.csv,0,0,https://www.statecancerprofiles.cancer.gov/demographics/index.php?stateFIPS=12&areatype=county&topic=ed&demo=00004&race=00&sex=0&age=081&type=manyareacensus&sortVariableName=value&sortOrder=asc&output=1,12,ed,manyareacensus,,
Escambia County,12033.0,2.5,5142.0,569 of 3141,81,county,4,demographics_001.csv,0,0,https://www.statecancerprofiles.cancer.gov/demographics/index.php?stateFIPS=12&areatype=county&topic=ed&demo=00004&race=00&sex=0&age=081&type=manyareacensus&sortVariableName=value&sortOrder=asc&output=1,12,ed,manyareacensus,,
Flagler County,12035.0,2.5,2012.0,591 of 3141,81,county,4,demographics_001.csv,0,0,https://www.statecancerprofiles.cancer.gov/demographics/index.php?stateFIPS=12&areatype=county&topic=ed&demo=00004&race=00&sex=0&age=081&type=manyareacensus&sortVariableName=value&sortOrder=asc&output=1,12,ed,manyareacensus,,
Sarasota County,12115.0,2.6,8201.0,602 of 3141,81,county,4,demographics_001.csv,0,0,https://www.statecancerprofiles.cancer.gov/demographics/index.php?stateFIPS=12&areatype=county&topic=ed&demo=00004&race=00&sex=0&age=081&type=manyareacensus&sortVariableName=value&sortOrder=asc&output=1,12,ed,manyareacensus,,
Clay County,12019.0,2.6,3552.0,626 of 3141,81,county,4,demographics_001.csv,0,0,https://www.statecancerprofiles.cancer.gov/demographics/index.php?stateFIPS=12&areatype=county&topic=ed&demo=00004&race=00&sex=0&age=081&type=manyareacensus&sortVariableName=value&sortOrder=asc&output=1,12,ed,manyareacensus,,
Wakulla County,12129.0,2.7,618.0,703 of 3141,81,county,4,demographics_001.csv,0,0,https://www.statecancerprofiles.cancer.gov/demographics/index.php?stateFIPS=12&areatype=county&topic=ed&demo=00004&race=00&sex=0&age=081&type=manyareacensus&sortVariableName=value&sortOrder=asc&output=1,12,ed,manyareacensus,,
Okaloosa County,12091.0,2.8,3707.0,731 of 3141,81,county,4,demographics_001.csv,0,0,https://www.statecancerprofiles.cancer.gov/demographics/index.php?stateFIPS=12&areatype=county&topic=ed&demo=00004&race=00&sex=0&age=081&type=manyareacensus&sortVariableName=value&sortOrder=asc&output=1,12,ed,manyareacensus,,
Alachua County,12001.0,2.8,4345.0,746 of 3141,81,county,4,demographics_001.csv,0,0,https://www.statecancerprofiles.cancer.gov/demographics/index.php?stateFIPS=12&areatype=county&topic=ed&demo=00004&race=00&sex=0&age=081&type=manyareacensus&sortVariableName=value&sortOrder=asc&output=1,12,ed,manyareacensus,,
Charlotte County,12015.0,2.8,3996.0,781 of 3141,81,county,4,demographics_001.csv,0,0,https://www.statecancerprofiles.cancer.gov/demographics/index.php?stateFIPS=12&areatype=county&topic=ed&demo=00004&race=00&sex=0&age=081&type=manyareacensus&sortVariableName=value&sortOrder=asc&output=1,12,ed,manyareacensus,,
Volusia County,12127.0,2.9,10903.0,805 of 3141,81,county,4,demographics_001.csv,0,0,https://www.statecancerprofiles.cancer.gov/demographics/index.php?stateFIPS=12&areatype=county&topic=ed&demo=00004&race=00&sex=0&age=081&type=manyareacensus&sortVariableName=value&sortOrder=asc&output=1,12,ed,manyareacensus,,
Pinellas County,12103.0,3.0,21949.0,924 of 3141,81,county,4,demographics_001.csv,0,0,https://www.statecancerprofiles.cancer.gov/demographics/index.php?stateFIPS=12&areatype=county&topic=ed&demo=00004&race=00&sex=0&age=081&type=manyareacensus&sortVariableName=value&sortOrder=asc&output=1,12,ed,manyareacensus,,
Bay County,12005.0,3.1,3871.0,943 of 3141,81,county,4,demographics_001.csv,0,0,https://www.statecancerprofiles.cancer.gov/demographics/index.php?stateFIPS=12&areatype=county&topic=ed&demo=00004&race=00&sex=0&age=081&type=manyareacensus&sortVariableName=value&sortOrder=asc&output=1,12,ed,manyareacensus,,
Duval County,12031.0,3.1,19108.0,950 of 3141,81,county,4,demographics_001.csv,0,0,https://www.statecancerprofiles.cancer.gov/demographics/index.php?stateFIPS=12&areatype=county&topic=ed&demo=00004&race=00&sex=0&age=081&type=manyareacensus&sortVariableName=value&sortOrder=asc&output=1,12,ed,manyareacensus,,
Nassau County,12089.0,3.2,1818.0,1008 of 3141,81,county,4,demographics_001.csv,0,0,https://www.statecancerprofiles.cancer.gov/demographics/index.php?stateFIPS=12&areatype=county&topic=ed&demo=00004&race=00&sex=0&age=081&type=manyareacensus&sortVariableName=value&sortOrder=asc&output=1,12,ed,manyareacensus,,
Citrus County,12017.0,3.3,3650.0,1039 of 3141,81,county,4,demographics_001.csv,0,0,https://www.statecancerprofiles.cancer.gov/demographics/index.php?stateFIPS=12&areatype=county&topic=ed&demo=00004&race=00&sex=0&age=081&type=manyareacensus&sortVariableName=value&sortOrder=asc&output=1,12,ed,manyareacensus,,
Pasco County,12101.0,3.4,12301.0,1128 of 3141,81,county,4,demographics_001.csv,0,0,https://www.statecancerprofiles.cancer.gov/demographics/index.php?stateFIPS=12&areatype=county&topic=ed&demo=00004&race=00&sex=0&age=081&type=manyareacensus&sortVariableName=value&sortOrder=asc&output=1,12,ed,manyareacensus,,
Hernando County,12053.0,3.6,4819.0,1242 of 3141,81,county,4,demographics_001.csv,0,0,https://www.statecancerprofiles.cancer.gov/demographics/index.php?stateFIPS=12&areatype=county&topic=ed&demo=00004&race=00&sex=0&age=081&type=manyareacensus&sortVariableName=value&sortOrder=asc&output=1,12,ed,manyareacensus,,
Lake County,12069.0,3.6,8717.0,1254 of 3141,81,county,4,demographics_001.csv,0,0,https://www.statecancerprofiles.cancer.gov/demographics/index.php?stateFIPS=12&areatype=county&topic=ed&demo=00004&race=00&sex=0&age=081&type=manyareacensus&sortVariableName=value&sortOrder=asc&output=1,12,ed,manyareacensus,,
Marion County,12083.0,3.6,9296.0,1257 of 3141,81,county,4,demographics_001.csv,0,0,https://www.statecancerprofiles.cancer.gov/demographics/index.php?stateFIPS=12&areatype=county&topic=ed&demo=00004&race=00&sex=0&age=081&type=manyareacensus&sortVariableName=value&sortOrder=asc&output=1,12,ed,manyareacensus,,
Walton County,12131.0,3.7,1707.0,1279 of 3141,81,county,4,demographics_001.csv,0,0,https://www.statecancerprofiles.cancer.gov/demographics/index.php?stateFIPS=12&areatype=county&topic=ed&demo=00004&race=00&sex=0&age=081&type=manyareacensus&sortVariableName=value&sortOrder=asc&output=1,12,ed,manyareacensus,,
Levy County,12075.0,3.9,1128.0,1392 of 3141,81,county,4,demographics_001.csv,0,0,https://www.statecancerprofiles.cancer.gov/demographics/index.php?stateFIPS=12&areatype=county&topic=ed&demo=00004&race=00&sex=0&age=081&type=manyareacensus&sortVariableName=value&sortOrder=asc&output=1,12,ed,manyareacensus,,
Martin County,12085.0,4.0,4815.0,1449 of 3141,81,county,4,demographics_001.csv,0,0,https://www.statecancerprofiles.cancer.gov/demographics/index.php?stateFIPS=12&areatype=county&topic=ed&demo=00004&race=00&sex=0&age=081&type=manyareacensus&sortVariableName=value&sortOrder=asc&output=1,12,ed,manyareacensus,,
Monroe County,12087.0,4.1,2430.0,1465 of 3141,81,county,4,demographics_001.csv,0,0,https://www.statecancerprofiles.cancer.gov/demographics/index.php?stateFIPS=12&areatype=county&topic=ed&demo=00004&race=00&sex=0&age=081&type=manyareacensus&sortVariableName=value&sortOrder=asc&output=1,12,ed,manyareacensus,,
Columbia County,12023.0,4.2,1998.0,1539 of 3141,81,county,4,demographics_001.csv,0,0,https://www.statecancerprofiles.cancer.gov/demographics/index.php?stateFIPS=12&areatype=county&topic=ed&demo=00004&race=00&sex=0&age=081&type=manyareacensus&sortVariableName=value&sortOrder=asc&output=1,12,ed,manyareacensus,,
Manatee County,12081.0,4.4,11766.0,1608 of 3141,81,county,4,demographics_001.csv,0,0,https://www.statecancerprofiles.cancer.gov/demographics/index.php?stateFIPS=12&areatype=county&topic=ed&demo=00004&race=00&sex=0&age=081&type=manyareacensus&sortVariableName=value&sortOrder=asc&output=1,12,ed,manyareacensus,,
Indian River County,12061.0,4.5,5054.0,1660 of 3141,81,county,4,demographics_001.csv,0,0,https://www.statecancerprofiles.cancer.gov/demographics/index.php?stateFIPS=12&areatype=county&topic=ed&demo=00004&race=00&sex=0&age=081&type=manyareacensus&sortVariableName=value&sortOrder=asc&output=1,12,ed,manyareacensus,,
Gilchrist County,12041.0,4.5,521.0,1661 of 3141,81,county,4,demographics_001.csv,0,0,https://www.statecancerprofiles.cancer.gov/demographics/index.php?stateFIPS=12&areatype=county&topic=ed&demo=00004&race=00&sex=0&age=081&type=manyareacensus&sortVariableName=value&sortOrder=asc&output=1,12,ed,manyareacensus,,
Gulf County,12045.0,4.5,548.0,1670 of 3141,81,county,4,demographics_001.csv,0,0,https://www.statecancerprofiles.cancer.gov/demographics/index.php?stateFIPS=12&areatype=county&topic=ed&demo=00004&race=00&sex=0&age=081&type=manyareacensus&sortVariableName=value&sortOrder=asc&output=1,12,ed,manyareacensus,,
Baker County,12003.0,4.6,850.0,1734 of 3141,81,county,4,demographics_001.csv,0,0,https://www.statecancerprofiles.cancer.gov/demographics/index.php?stateFIPS=12&areatype=county&topic=ed&demo=00004&race=00&sex=0&age=081&type=manyareacensus&sortVariableName=value&sortOrder=asc&output=1,12,ed,manyareacensus,,
Orange County,12095.0,4.7,40508.0,1779 of 3141,81,county,4,demographics_001.csv,0,0,https://www.statecancerprofiles.cancer.gov/demographics/index.php?stateFIPS=12&areatype=county&topic=ed&demo=00004&race=00&sex=0&age=081&type=manyareacensus&sortVariableName=value&sortOrder=asc&output=1,12,ed,manyareacensus,,
Hillsborough County,12057.0,4.8,44103.0,1808 of 3141,81,county,4,demographics_001.csv,0,0,https://www.statecancerprofiles.cancer.gov/demographics/index.php?stateFIPS=12&areatype=county&topic=ed&demo=00004&race=00&sex=0&age=081&type=manyareacensus&sortVariableName=value&sortOrder=asc&output=1,12,ed,manyareacensus,,
Madison County,12079.0,5.0,664.0,1857 of 3141,81,county,4,demographics_001.csv,0,0,https://www.statecancerprofiles.cancer.gov/demographics/index.php?stateFIPS=12&areatype=county&topic=ed&demo=00004&race=00&sex=0&age=081&type=manyareacensus&sortVariableName=value&sortOrder=asc&output=1,12,ed,manyareacensus,,
Broward County,12011.0,5.0,66008.0,1859 of 3141,81,county,4,demographics_001.csv,0,0,https://www.statecancerprofiles.cancer.gov/demographics/index.php?stateFIPS=12&areatype=county&topic=ed&demo=00004&race=00&sex=0&age=081&type=manyareacensus&sortVariableName=value&sortOrder=asc&output=1,12,ed,manyareacensus,,
Franklin County,12037.0,5.3,473.0,1967 of 3141,81,county,4,demographics_001.csv,0,0,https://www.statecancerprofiles.cancer.gov/demographics/index.php?stateFIPS=12&areatype=county&topic=ed&demo=00004&race=00&sex=0&age=081&type=manyareacensus&sortVariableName=value&sortOrder=asc&output=1,12,ed,manyareacensus,,
Lee County,12071.0,5.3,27749.0,1968 of 3141,81,county,4,demographics_001.csv,0,0,https://www.statecancerprofiles.cancer.gov/demographics/index.php?stateFIPS=12&areatype=county&topic=ed&demo=00004&race=00&sex=0&age=081&type=manyareacensus&sortVariableName=value&sortOrder=asc&output=1,12,ed,manyareacensus,,
Osceola County,12097.0,5.4,11540.0,1998 of 3141,81,county,4,demographics_001.csv,0,0,https://www.statecancerprofiles.cancer.gov/demographics/index.php?stateFIPS=12&areatype=county&topic=ed&demo=00004&race=00&sex=0&age=081&type=manyareacensus&sortVariableName=value&sortOrder=asc&output=1,12,ed,manyareacensus,,
Holmes County,12059.0,5.5,771.0,2031 of 3141,81,county,4,demographics_001.csv,0,0,https://www.statecancerprofiles.cancer.gov/demographics/index.php?stateFIPS=12&areatype=county&topic=ed&demo=00004&race=00&sex=0&age=081&type=manyareacensus&sortVariableName=value&sortOrder=asc&output=1,12,ed,manyareacensus,,
Suwannee County,12121.0,5.5,1696.0,2038 of 3141,81,county,4,demographics_001.csv,0,0,https://www.statecancerprofiles.cancer.gov/demographics/index.php?stateFIPS=12&areatype=county&topic=ed&demo=00004&race=00&sex=0&age=081&type=manyareacensus&sortVariableName=value&sortOrder=asc&output=1,12,ed,manyareacensus,,
Taylor County,12123.0,5.6,909.0,2071 of 3141,81,county,4,demographics_001.csv,0,0,https://www.statecancerprofiles.cancer.gov/demographics/index.php?stateFIPS=12&areatype=county&topic=ed&demo=00004&race=00&sex=0&age=081&type=manyareacensus&sortVariableName=value&sortOrder=asc&output=1,12,ed,manyareacensus,,
St. Lucie County,12111.0,5.7,12204.0,2095 of 3141,81,county,4,demographics_001.csv,0,0,https://www.statecancerprofiles.cancer.gov/demographics/index.php?stateFIPS=12&areatype=county&topic=ed&demo=00004&race=00&sex=0&age=081&type=manyareacensus&sortVariableName=value&sortOrder=asc&output=1,12,ed,manyareacensus,,
Jackson County,12063.0,5.7,2031.0,2110 of 3141,81,county,4,demographics_001.csv,0,0,https://www.statecancerprofiles.cancer.gov/demographics/index.php?stateFIPS=12&areatype=county&topic=ed&demo=00004&race=00&sex=0&age=081&type=manyareacensus&sortVariableName=value&sortOrder=asc&output=1,12,ed,manyareacensus,,
Palm Beach County,12099.0,5.9,61296.0,2172 of 3141,81,county,4,demographics_001.csv,0,0,https://www.statecancerprofiles.cancer.gov/demographics/index.php?stateFIPS=12&areatype=county&topic=ed&demo=00004&race=00&sex=0&age=081&type=manyareacensus&sortVariableName=value&sortOrder=asc&output=1,12,ed,manyareacensus,,
Washington County,12133.0,6.0,1047.0,2203 of 3141,81,county,4,demographics_001.csv,0,0,https://www.statecancerprofiles.cancer.gov/demographics/index.php?stateFIPS=12&areatype=county&topic=ed&demo=00004&race=00&sex=0&age=081&type=manyareacensus&sortVariableName=value&sortOrder=asc&output=1,12,ed,manyareacensus,,
Jefferson County,12065.0,6.1,666.0,2225 of 3141,81,county,4,demographics_001.csv,0,0,https://www.statecancerprofiles.cancer.gov/demographics/index.php?stateFIPS=12&areatype=county&topic=ed&demo=00004&race=00&sex=0&age=081&type=manyareacensus&sortVariableName=value&sortOrder=asc&output=1,12,ed,manyareacensus,,
Bradford County,12007.0,6.2,1197.0,2257 of 3141,81,county,4,demographics_001.csv,0,0,https://www.statecancerprofiles.cancer.gov/demographics/index.php?stateFIPS=12&areatype=county&topic=ed&demo=00004&race=00&sex=0&age=081&type=manyareacensus&sortVariableName=value&sortOrder=asc&output=1,12,ed,manyareacensus,,
Highlands County,12055.0,6.3,4797.0,2295 of 3141,81,county,4,demographics_001.csv,0,0,https://www.statecancerprofiles.cancer.gov/demographics/index.php?stateFIPS=12&areatype=county&topic=ed&demo=00004&race=00&sex=0&age=081&type=manyareacensus&sortVariableName=value&sortOrder=asc&output=1,12,ed,manyareacensus,,
Polk County,12105.0,6.3,28433.0,2309 of 3141,81,county,4,demographics_001.csv,0,0,https://www.statecancerprofiles.cancer.gov/demographics/index.php?stateFIPS=12&areatype=county&topic=ed&demo=00004&race=00&sex=0&age=081&type=manyareacensus&sortVariableName=value&sortOrder=asc&output=1,12,ed,manyareacensus,,
Gadsden County,12039.0,6.5,2074.0,2347 of 3141,81,county,4,demographics_001.csv,0,0,https://www.statecancerprofiles.cancer.gov/demographics/index.php?stateFIPS=12&areatype=county&topic=ed&demo=00004&race=00&sex=0&age=081&type=manyareacensus&sortVariableName=value&sortOrder=asc&output=1,12,ed,manyareacensus,,
Union County,12125.0,6.6,743.0,2365 of 3141,81,county,4,demographics_001.csv,0,0,https://www.statecancerprofiles.cancer.gov/demographics/index.php?stateFIPS=12&areatype=county&topic=ed&demo=00004&race=00&sex=0&age=081&type=manyareacensus&sortVariableName=value&sortOrder=asc&output=1,12,ed,manyareacensus,,
Hamilton County,12047.0,6.6,657.0,2383 of 3141,81,county,4,demographics_001.csv,0,0,https://www.statecancerprofiles.cancer.gov/demographics/index.php?stateFIPS=12&areatype=county&topic=ed&demo=00004&race=00&sex=0&age=081&type=manyareacensus&sortVariableName=value&sortOrder=asc&output=1,12,ed,manyareacensus,,
Liberty County,12077.0,6.8,387.0,2438 of 3141,81,county,4,demographics_001.csv,0,0,https://www.statecancerprofiles.cancer.gov/demographics/index.php?stateFIPS=12&areatype=county&topic=ed&demo=00004&race=00&sex=0&age=081&type=manyareacensus&sortVariableName=value&sortOrder=asc&output=1,12,ed,manyareacensus,,
Putnam County,12107.0,7.0,3594.0,2471 of 3141,81,county,4,demographics_001.csv,0,0,https://www.statecancerprofiles.cancer.gov/demographics/index.php?stateFIPS=12&areatype=county&topic=ed&demo=00004&race=00&sex=0&age=081&type=manyareacensus&sortVariableName=value&sortOrder=asc&output=1,12,ed,manyareacensus,,
Collier County,12021.0,7.3,19628.0,2542 of 3141,81,county,4,demographics_001.csv,0,0,https://www.statecancerprofiles.cancer.gov/demographics/index.php?stateFIPS=12&areatype=county&topic=ed&demo=00004&race=00&sex=0&age=081&type=manyareacensus&sortVariableName=value&sortOrder=asc&output=1,12,ed,manyareacensus,,
Calhoun County,12013.0,7.9,817.0,2642 of 3141,81,county,4,demographics_001.csv,0,0,https://www.statecancerprofiles.cancer.gov/demographics/index.php?stateFIPS=12&areatype=county&topic=ed&demo=00004&race=00&sex=0&age=081&type=manyareacensus&sortVariableName=value&sortOrder=asc&output=1,12,ed,manyareacensus,,
Dixie County,12029.0,8.1,994.0,2656 of 3141,81,county,4,demographics_001.csv,0,0,https://www.statecancerprofiles.cancer.gov/demographics/index.php?stateFIPS=12&areatype=county&topic=ed&demo=00004&race=00&sex=0&age=081&type=manyareacensus&sortVariableName=value&sortOrder=asc&output=1,12,ed,manyareacensus,,
Lafayette County,12067.0,9.5,586.0,2831 of 3141,81,county,4,demographics_001.csv,0,0,https://www.statecancerprofiles.cancer.gov/demographics/index.php?stateFIPS=12&areatype=county&topic=ed&demo=00004&race=00&sex=0&age=081&type=manyareacensus&sortVariableName=value&sortOrder=asc&output=1,12,ed,manyareacensus,,
Miami-Dade County,12086.0,10.2,194934.0,2889 of 3141,81,county,4,demographics_001.csv,0,0,https://www.statecancerprofiles.cancer.gov/demographics/index.php?stateFIPS=12&areatype=county&topic=ed&demo=00004&race=00&sex=0&age=081&type=manyareacensus&sortVariableName=value&sortOrder=asc&output=1,12,ed,manyareacensus,,
Okeechobee County,12093.0,11.7,3276.0,2968 of 3141,81,county,4,demographics_001.csv,0,0,https://www.statecancerprofiles.cancer.gov/demographics/index.php?stateFIPS=12&areatype=county&topic=ed&demo=00004&race=00&sex=0&age=081&type=manyareacensus&sortVariableName=value&sortOrder=asc&output=1,12,ed,manyareacensus,,
Glades County,12043.0,11.9,1178.0,2976 of 3141,81,county,4,demographics_001.csv,0,0,https://www.statecancerprofiles.cancer.gov/demographics/index.php?stateFIPS=12&areatype=county&topic=ed&demo=00004&race=00&sex=0&age=081&type=manyareacensus&sortVariableName=value&sortOrder=asc&output=1,12,ed,manyareacensus,,
DeSoto County,12027.0,16.3,4119.0,3080 of 3141,81,county,4,demographics_001.csv,0,0,https://www.statecancerprofiles.cancer.gov/demographics/index.php?stateFIPS=12&areatype=county&topic=ed&demo=00004&race=00&sex=0&age=081&type=manyareacensus&sortVariableName=value&sortOrder=asc&output=1,12,ed,manyareacensus,,
Hardee County,12049.0,17.2,2969.0,3090 of 3141,81,county,4,demographics_001.csv,0,0,https://www.statecancerprofiles.cancer.gov/demographics/index.php?stateFIPS=12&areatype=county&topic=ed&demo=00004&race=00&sex=0&age=081&type=manyareacensus&sortVariableName=value&sortOrder=asc&output=1,12,ed,manyareacensus,,
Hendry County,12051.0,19.8,4842.0,3114 of 3141,81,county,4,demographics_001.csv,0,0,https://www.statecancerprofiles.cancer.gov/demographics/index.php?stateFIPS=12&areatype=county&topic=ed&demo=00004&race=00&sex=0&age=081&type=manyareacensus&sortVariableName=value&sortOrder=asc&output=1,12,ed,manyareacensus,,
Florida,12000.0,12.4,,33 of 52,81,state,5,demographics_002.csv,0,0,https://www.statecancerprofiles.cancer.gov/demographics/index.php?stateFIPS=12&areatype=county&topic=ed&demo=00005&race=00&sex=0&age=081&type=manyareacensus&sortVariableName=value&sortOrder=asc&output=1,12,ed,manyareacensus,1787348.0,
United States,0.0,12.7,,,81,country,5,demographics_002.csv,0,0,https://www.statecancerprofiles.cancer.gov/demographics/index.php?stateFIPS=12&areatype=county&topic=ed&demo=00005&race=00&sex=0&age=081&type=manyareacensus&sortVariableName=value&sortOrder=asc&output=1,12,ed,manyareacensus,27437114.0,
St. Johns County,12109.0,5.6,,156 of 3141,81,county,5,demographics_002.csv,0,0,https://www.statecancerprofiles.cancer.gov/demographics/index.php?stateFIPS=12&areatype=county&topic=ed&demo=00005&race=00&sex=0&age=081&type=manyareacensus&sortVariableName=value&sortOrder=asc&output=1,12,ed,manyareacensus,8895.0,
Seminole County,12117.0,5.9,,185 of 3141,81,county,5,demographics_002.csv,0,0,https://www.statecancerprofiles.cancer.gov/demographics/index.php?stateFIPS=12&areatype=county&topic=ed&demo=00005&race=00&sex=0&age=081&type=manyareacensus&sortVariableName=value&sortOrder=asc&output=1,12,ed,manyareacensus,18433.0,
Leon County,12073.0,6.8,,321 of 3141,81,county,5,demographics_002.csv,0,0,https://www.statecancerprofiles.cancer.gov/demographics/index.php?stateFIPS=12&areatype=county&topic=ed&demo=00005&race=00&sex=0&age=081&type=manyareacensus&sortVariableName=value&sortOrder=asc&output=1,12,ed,manyareacensus,11407.0,
Sarasota County,12115.0,7.5,,446 of 3141,81,county,5,demographics_002.csv,0,0,https://www.statecancerprofiles.cancer.gov/demographics/index.php?stateFIPS=12&areatype=county&topic=ed&demo=00005&race=00&sex=0&age=081&type=manyareacensus&sortVariableName=value&sortOrder=asc&output=1,12,ed,manyareacensus,24009.0,
Alachua County,12001.0,7.9,,532 of 3141,81,county,5,demographics_002.csv,0,0,https://www.statecancerprofiles.cancer.gov/demographics/index.php?stateFIPS=12&areatype=county&topic=ed&demo=00005&race=00&sex=0&age=081&type=manyareacensus&sortVariableName=value&sortOrder=asc&output=1,12,ed,manyareacensus,12281.0,
Flagler County,12035.0,8.1,,593 of 3141,81,county,5,demographics_002.csv,0,0,https://www.statecancerprofiles.cancer.gov/demographics/index.php?stateFIPS=12&areatype=county&topic=ed&demo=00005&race=00&sex=0&age=081&type=manyareacensus&sortVariableName=value&sortOrder=asc&output=1,12,ed,manyareacensus,6384.0,
Brevard County,12009.0,8.3,,628 of 3141,81,county,5,demographics_002.csv,0,0,https://www.statecancerprofiles.cancer.gov/demographics/index.php?stateFIPS=12&areatype=county&topic=ed&demo=00005&race=00&sex=0&age=081&type=manyareacensus&sortVariableName=value&sortOrder=asc&output=1,12,ed,manyareacensus,34563.0,
Sumter County,12119.0,8.4,,652 of 3141,81,county,5,demographics_002.csv,0,0,https://www.statecancerprofiles.cancer.gov/demographics/index.php?stateFIPS=12&areatype=county&topic=ed&demo=00005&race=00&sex=0&age=081&type=manyareacensus&sortVariableName=value&sortOrder=asc&output=1,12,ed,manyareacensus,8728.0,
Okaloosa County,12091.0,8.4,,654 of 3141,81,county,5,demographics_002.csv,0,0,https://www.statecancerprofiles.cancer.gov/demographics/index.php?stateFIPS=12&areatype=county&topic=ed&demo=00005&race=00&sex=0&age=081&type=manyareacensus&sortVariableName=value&sortOrder=asc&output=1,12,ed,manyareacensus,11289.0,
Nassau County,12089.0,8.6,,710 of 3141,81,county,5,demographics_002.csv,0,0,https://www.statecancerprofiles.cancer.gov/demographics/index.php?stateFIPS=12&areatype=county&topic=ed&demo=00005&race=00&sex=0&age=081&type=manyareacensus&sortVariableName=value&sortOrder=asc&output=1,12,ed,manyareacensus,4923.0,
Monroe County,12087.0,8.8,,743 of 3141,81,county,5,demographics_002.csv,0,0,https://www.statecancerprofiles.cancer.gov/demographics/index.php?stateFIPS=12&areatype=county&topic=ed&demo=00005&race=00&sex=0&age=081&type=manyareacensus&sortVariableName=value&sortOrder=asc&output=1,12,ed,manyareacensus,5246.0,
Clay County,12019.0,8.9,,756 of 3141,81,county,5,demographics_002.csv,0,0,https://www.statecancerprofiles.cancer.gov/demographics/index.php?stateFIPS=12&areatype=county&topic=ed&demo=00005&race=00&sex=0&age=081&type=manyareacensus&sortVariableName=value&sortOrder=asc&output=1,12,ed,manyareacensus,12179.0,
Pinellas County,12103.0,9.3,,867 of 3141,81,county,5,demographics_002.csv,0,0,https://www.statecancerprofiles.cancer.gov/demographics/index.php?stateFIPS=12&areatype=county&topic=ed&demo=00005&race=00&sex=0&age=081&type=manyareacensus&sortVariableName=value&sortOrder=asc&output=1,12,ed,manyareacensus,67211.0,
Santa Rosa County,12113.0,9.3,,877 of 3141,81,county,5,demographics_002.csv,0,0,https://www.statecancerprofiles.cancer.gov/demographics/index.php?stateFIPS=12&areatype=county&topic=ed&demo=00005&race=00&sex=0&age=081&type=manyareacensus&sortVariableName=value&sortOrder=asc&output=1,12,ed,manyareacensus,10766.0,
Escambia County,12033.0,9.4,,897 of 3141,81,county,5,demographics_002.csv,0,0,https://www.statecancerprofiles.cancer.gov/demographics/index.php?stateFIPS=12&areatype=county&topic=ed&demo=00005&race=00&sex=0&age=081&type=manyareacensus&sortVariableName=value&sortOrder=asc&output=1,12,ed,manyareacensus,19462.0,
Martin County,12085.0,9.7,,960 of 3141,81,county,5,demographics_002.csv,0,0,https://www.statecancerprofiles.cancer.gov/demographics/index.php?stateFIPS=12&areatype=county&topic=ed&demo=00005&race=00&sex=0&age=081&type=manyareacensus&sortVariableName=value&sortOrder=asc&output=1,12,ed,manyareacensus,11596.0,
Charlotte County,12015.0,10.0,,1021 of 3141,81,county,5,demographics_002.csv,0,0,https://www.statecancerprofiles.cancer.gov/demographics/index.php?stateFIPS=12&areatype=county&topic=ed&demo=00005&race=00&sex=0&age=081&type=manyareacensus&sortVariableName=value&sortOrder=asc&output=1,12,ed,manyareacensus,14099.0,
Volusia County,12127.0,10.4,,1131 of 3141,81,county,5,demographics_002.csv,0,0,https://www.statecancerprofiles.cancer.gov/demographics/index.php?stateFIPS=12&areatype=county&topic=ed&demo=00005&race=00&sex=0&age=081&type=manyareacensus&sortVariableName=value&sortOrder=asc&output=1,12,ed,manyareacensus,39552.0,
Duval County,12031.0,10.6,,1198 of 3141,81,county,5,demographics_002.csv,0,0,https://www.statecancerprofiles.cancer.gov/demographics/index.php?stateFIPS=12&areatype=county&topic=ed&demo=00005&race=00&sex=0&age=081&type=manyareacensus&sortVariableName=value&sortOrder=asc&output=1,12,ed,manyareacensus,65766.0,
Bay County,12005.0,10.9,,1237 of 3141,81,county,5,demographics_002.csv,0,0,https://www.statecancerprofiles.cancer.gov/demographics/index.php?stateFIPS=12&areatype=county&topic=ed&demo=00005&race=00&sex=0&age=081&type=manyareacensus&sortVariableName=value&sortOrder=asc&output=1,12,ed,manyareacensus,13637.0,
Manatee County,12081.0,11.1,,1291 of 3141,81,county,5,demographics_002.csv,0,0,https://www.statecancerprofiles.cancer.gov/demographics/index.php?stateFIPS=12&areatype=county&topic=ed&demo=00005&race=00&sex=0&age=081&type=manyareacensus&sortVariableName=value&sortOrder=asc&output=1,12,ed,manyareacensus,29814.0,
Pasco County,12101.0,11.3,,1342 of 3141,81,county,5,demographics_002.csv,0,0,https://www.statecancerprofiles.cancer.gov/demographics/index.php?stateFIPS=12&areatype=county&topic=ed&demo=00005&race=00&sex=0&age=081&type=manyareacensus&sortVariableName=value&sortOrder=asc&output=1,12,ed,manyareacensus,40760.0,
Lake County,12069.0,11.4,,1360 of 3141,81,county,5,demographics_002.csv,0,0,https://www.statecancerprofiles.cancer.gov/demographics/index.php?stateFIPS=12&areatype=county&topic=ed&demo=00005&race=00&sex=0&age=081&type=manyareacensus&sortVariableName=value&sortOrder=asc&output=1,12,ed,manyareacensus,27240.0,
Broward County,12011.0,11.4,,1365 of 3141,81,county,5,demographics_002.csv,0,0,https://www.statecancerprofiles.cancer.gov/demographics/index.php?stateFIPS=12&areatype=county&topic=ed&demo=00005&race=00&sex=0&age=081&type=manyareacensus&sortVariableName=value&sortOrder=asc&output=1,12,ed,manyareacensus,151309.0,
Indian River County,12061.0,11.6,,1397 of 3141,81,county,5,demographics_002.csv,0,0,https://www.statecancerprofiles.cancer.gov/demographics/index.php?stateFIPS=12&areatype=county&topic=ed&demo=00005&race=00&sex=0&age=081&type=manyareacensus&sortVariableName=value&sortOrder=asc&output=1,12,ed,manyareacensus,13007.0,
Orange County,12095.0,11.8,,1455 of 3141,81,county,5,demographics_002.csv,0,0,https://www.statecancerprofiles.cancer.gov/demographics/index.php?stateFIPS=12&areatype=county&topic=ed&demo=00005&race=00&sex=0&age=081&type=manyareacensus&sortVariableName=value&sortOrder=asc&output=1,12,ed,manyareacensus,100986.0,
Hillsborough County,12057.0,11.8,,1465 of 3141,81,county,5,demographics_002.csv,0,0,https://www.statecancerprofiles.cancer.gov/demographics/index.php?stateFIPS=12&areatype=county&topic=ed&demo=00005&race=00&sex=0&age=081&type=manyareacensus&sortVariableName=value&sortOrder=asc&output=1,12,ed,manyareacensus,108113.0,
Palm Beach County,12099.0,11.9,,1478 of 3141,81,county,5,demographics_002.csv,0,0,https://www.statecancerprofiles.cancer.gov/demographics/index.php?stateFIPS=12&areatype=county&topic=ed&demo=00005&race=00&sex=0&age=081&type=manyareacensus&sortVariableName=value&sortOrder=asc&output=1,12,ed,manyareacensus,123896.0,
Hernando County,12053.0,12.2,,1531 of 3141,81,county,5,demographics_002.csv,0,0,https://www.statecancerprofiles.cancer.gov/demographics/index.php?stateFIPS=12&areatype=county&topic=ed&demo=00005&race=00&sex=0&age=081&type=manyareacensus&sortVariableName=value&sortOrder=asc&output=1,12,ed,manyareacensus,16324.0,
Wakulla County,12129.0,12.5,,1585 of 3141,81,county,5,demographics_002.csv,0,0,https://www.statecancerprofiles.cancer.gov/demographics/index.php?stateFIPS=12&areatype=county&topic=ed&demo=00005&race=00&sex=0&age=081&type=manyareacensus&sortVariableName=value&sortOrder=asc&output=1,12,ed,manyareacensus,2842.0,
Citrus County,12017.0,12.6,,1611 of 3141,81,county,5,demographics_002.csv,0,0,https://www.statecancerprofiles.cancer.gov/demographics/index.php?stateFIPS=12&areatype=county&topic=ed&demo=00005&race=00&sex=0&age=081&type=manyareacensus&sortVariableName=value&sortOrder=asc&output=1,12,ed,manyareacensus,14146.0,
Lee County,12071.0,12.7,,1615 of 3141,81,county,5,demographics_002.csv,0,0,https://www.statecancerprofiles.cancer.gov/demographics/index.php?stateFIPS=12&areatype=county&topic=ed&demo=00005&race=00&sex=0&age=081&type=manyareacensus&sortVariableName=value&sortOrder=asc&output=1,12,ed,manyareacensus,66037.0,
Columbia County,12023.0,13.0,,1662 of 3141,81,county,5,demographics_002.csv,0,0,https://www.statecancerprofiles.cancer.gov/demographics/index.php?stateFIPS=12&areatype=county&topic=ed&demo=00005&race=00&sex=0&age=081&type=manyareacensus&sortVariableName=value&sortOrder=asc&output=1,12,ed,manyareacensus,6117.0,
Marion County,12083.0,13.2,,1716 of 3141,81,county,5,demographics_002.csv,0,0,https://www.statecancerprofiles.cancer.gov/demographics/index.php?stateFIPS=12&areatype=county&topic=ed&demo=00005&race=00&sex=0&age=081&type=manyareacensus&sortVariableName=value&sortOrder=asc&output=1,12,ed,manyareacensus,33768.0,
Collier County,12021.0,13.5,,1753 of 3141,81,county,5,demographics_002.csv,0,0,https://www.statecancerprofiles.cancer.gov/demographics/index.php?stateFIPS=12&areatype=county&topic=ed&demo=00005&race=00&sex=0&age=081&type=manyareacensus&sortVariableName=value&sortOrder=asc&output=1,12,ed,manyareacensus,36199.0,
St. Lucie County,12111.0,13.8,,1804 of 3141,81,county,5,demographics_002.csv,0,0,https://www.statecancerprofiles.cancer.gov/demographics/index.php?stateFIPS=12&areatype=county&topic=ed&demo=00005&race=00&sex=0&age=081&type=manyareacensus&sortVariableName=value&sortOrder=asc&output=1,12,ed,manyareacensus,29694.0,
Osceola County,12097.0,14.0,,1821 of 3141,81,county,5,demographics_002.csv,0,0,https://www.statecancerprofiles.cancer.gov/demographics/index.php?stateFIPS=12&areatype=county&topic=ed&demo=00005&race=00&sex=0&age=081&type=manyareacensus&sortVariableName=value&sortOrder=asc&output=1,12,ed,manyareacensus,29688.0,
Walton County,12131.0,14.1,,1841 of 3141,81,county,5,demographics_002.csv,0,0,https://www.statecancerprofiles.cancer.gov/demographics/index.php?stateFIPS=12&areatype=county&topic=ed&demo=00005&race=00&sex=0&age=081&type=manyareacensus&sortVariableName=value&sortOrder=asc&output=1,12,ed,manyareacensus,6532.0,
Gilchrist County,12041.0,15.5,,2072 of 3141,81,county,5,demographics_002.csv,0,0,https://www.statecancerprofiles.cancer.gov/demographics/index.php?stateFIPS=12&areatype=county&topic=ed&demo=00005&race=00&sex=0&age=081&type=manyareacensus&sortVariableName=value&sortOrder=asc&output=1,12,ed,manyareacensus,1802.0,
Gulf County,12045.0,15.7,,2088 of 3141,81,county,5,demographics_002.csv,0,0,https://www.statecancerprofiles.cancer.gov/demographics/index.php?stateFIPS=12&areatype=county&topic=ed&demo=00005&race=00&sex=0&age=081&type=manyareacensus&sortVariableName=value&sortOrder=asc&output=1,12,ed,manyareacensus,1898.0,
Polk County,12105.0,15.7,,2097 of 3141,81,county,5,demographics_002.csv,0,0,https://www.statecancerprofiles.cancer.gov/demographics/index.php?stateFIPS=12&areatype=county&topic=ed&demo=00005&race=00&sex=0&age=081&type=manyareacensus&sortVariableName=value&sortOrder=asc&output=1,12,ed,manyareacensus,70510.0,
Baker County,12003.0,15.8,,2105 of 3141,81,county,5,demographics_002.csv,0,0,https://www.statecancerprofiles.cancer.gov/demographics/index.php?stateFIPS=12&areatype=county&topic=ed&demo=00005&race=00&sex=0&age=081&type=manyareacensus&sortVariableName=value&sortOrder=asc&output=1,12,ed,manyareacensus,2890.0,
Highlands County,12055.0,16.0,,2134 of 3141,81,county,5,demographics_002.csv,0,0,https://www.statecancerprofiles.cancer.gov/demographics/index.php?stateFIPS=12&areatype=county&topic=ed&demo=00005&race=00&sex=0&age=081&type=manyareacensus&sortVariableName=value&sortOrder=asc&output=1,12,ed,manyareacensus,12195.0,
Levy County,12075.0,16.5,,2191 of 3141,81,county,5,demographics_002.csv,0,0,https://www.statecancerprofiles.cancer.gov/demographics/index.php?stateFIPS=12&areatype=county&topic=ed&demo=00005&race=00&sex=0&age=081&type=manyareacensus&sortVariableName=value&sortOrder=asc&output=1,12,ed,manyareacensus,4756.0,
Madison County,12079.0,17.8,,2360 of 3141,81,county,5,demographics_002.csv,0,0,https://www.statecancerprofiles.cancer.gov/demographics/index.php?stateFIPS=12&areatype=county&topic=ed&demo=00005&race=00&sex=0&age=081&type=manyareacensus&sortVariableName=value&sortOrder=asc&output=1,12,ed,manyareacensus,2372.0,
Franklin County,12037.0,18.6,,2448 of 3141,81,county,5,demographics_002.csv,0,0,https://www.statecancerprofiles.cancer.gov/demographics/index.php?stateFIPS=12&areatype=county&topic=ed&demo=00005&race=00&sex=0&age=081&type=manyareacensus&sortVariableName=value&sortOrder=asc&output=1,12,ed,manyareacensus,1658.0,
Miami-Dade County,12086.0,19.0,,2485 of 3141,81,county,5,demographics_002.csv,0,0,https://www.statecancerprofiles.cancer.gov/demographics/index.php?stateFIPS=12&areatype=county&topic=ed&demo=00005&race=00&sex=0&age=081&type=manyareacensus&sortVariableName=value&sortOrder=asc&output=1,12,ed,manyareacensus,362333.0,
Jefferson County,12065.0,19.1,,2496 of 3141,81,county,5,demographics_002.csv,0,0,https://www.statecancerprofiles.cancer.gov/demographics/index.php?stateFIPS=12&areatype=county&topic=ed&demo=00005&race=00&sex=0&age=081&type=manyareacensus&sortVariableName=value&sortOrder=asc&output=1,12,ed,manyareacensus,2088.0,
Washington County,12133.0,19.5,,2551 of 3141,81,county,5,demographics_002.csv,0,0,https://www.statecancerprofiles.cancer.gov/demographics/index.php?stateFIPS=12&areatype=county&topic=ed&demo=00005&race=00&sex=0&age=081&type=manyareacensus&sortVariableName=value&sortOrder=asc&output=1,12,ed,manyareacensus,3412.0,
Suwannee County,12121.0,19.8,,2575 of 3141,81,county,5,demographics_002.csv,0,0,https://www.statecancerprofiles.cancer.gov/demographics/index.php?stateFIPS=12&areatype=county&topic=ed&demo=00005&race=00&sex=0&age=081&type=manyareacensus&sortVariableName=value&sortOrder=asc&output=1,12,ed,manyareacensus,6054.0,
Liberty County,12077.0,20.2,,2626 of 3141,81,county,5,demographics_002.csv,0,0,https://www.statecancerprofiles.cancer.gov/demographics/index.php?stateFIPS=12&areatype=county&topic=ed&demo=00005&race=00&sex=0&age=081&type=manyareacensus&sortVariableName=value&sortOrder=asc&output=1,12,ed,manyareacensus,1144.0,
Gadsden County,12039.0,20.3,,2632 of 3141,81,county,5,demographics_002.csv,0,0,https://www.statecancerprofiles.cancer.gov/demographics/index.php?stateFIPS=12&areatype=county&topic=ed&demo=00005&race=00&sex=0&age=081&type=manyareacensus&sortVariableName=value&sortOrder=asc&output=1,12,ed,manyareacensus,6498.0,
Jackson County,12063.0,20.3,,2633 of 3141,81,county,5,demographics_002.csv,0,0,https://www.statecancerprofiles.cancer.gov/demographics/index.php?stateFIPS=12&areatype=county&topic=ed&demo=00005&race=00&sex=0&age=081&type=manyareacensus&sortVariableName=value&sortOrder=asc&output=1,12,ed,manyareacensus,7197.0,
Putnam County,12107.0,20.4,,2642 of 3141,81,county,5,demographics_002.csv,0,0,https://www.statecancerprofiles.cancer.gov/demographics/index.php?stateFIPS=12&areatype=county&topic=ed&demo=00005&race=00&sex=0&age=081&type=manyareacensus&sortVariableName=value&sortOrder=asc&output=1,12,ed,manyareacensus,10473.0,
Taylor County,12123.0,20.5,,2649 of 3141,81,county,5,demographics_002.csv,0,0,https://www.statecancerprofiles.cancer.gov/demographics/index.php?stateFIPS=12&areatype=county&topic=ed&demo=00005&race=00&sex=0&age=081&type=manyareacensus&sortVariableName=value&sortOrder=asc&output=1,12,ed,manyareacensus,3309.0,
Dixie County,12029.0,20.9,,2679 of 3141,81,county,5,demographics_002.csv,0,0,https://www.statecancerprofiles.cancer.gov/demographics/index.php?stateFIPS=12&areatype=county&topic=ed&demo=00005&race=00&sex=0&age=081&type=manyareacensus&sortVariableName=value&sortOrder=asc&output=1,12,ed,manyareacensus,2567.0,
Bradford County,12007.0,21.8,,2776 of 3141,81,county,5,demographics_002.csv,0,0,https://www.statecancerprofiles.cancer.gov/demographics/index.php?stateFIPS=12&areatype=county&topic=ed&demo=00005&race=00&sex=0&age=081&type=manyareacensus&sortVariableName=value&sortOrder=asc&output=1,12,ed,manyareacensus,4222.0,
Calhoun County,12013.0,22.6,,2827 of 3141,81,county,5,demographics_002.csv,0,0,https://www.statecancerprofiles.cancer.gov/demographics/index.php?stateFIPS=12&areatype=county&topic=ed&demo=00005&race=00&sex=0&age=081&type=manyareacensus&sortVariableName=value&sortOrder=asc&output=1,12,ed,manyareacensus,2320.0,
Holmes County,12059.0,23.9,,2908 of 3141,81,county,5,demographics_002.csv,0,0,https://www.statecancerprofiles.cancer.gov/demographics/index.php?stateFIPS=12&areatype=county&topic=ed&demo=00005&race=00&sex=0&age=081&type=manyareacensus&sortVariableName=value&sortOrder=asc&output=1,12,ed,manyareacensus,3322.0,
Union County,12125.0,24.1,,2920 of 3141,81,county,5,demographics_002.csv,0,0,https://www.statecancerprofiles.cancer.gov/demographics/index.php?stateFIPS=12&areatype=county&topic=ed&demo=00005&race=00&sex=0&age=081&type=manyareacensus&sortVariableName=value&sortOrder=asc&output=1,12,ed,manyareacensus,2723.0,
Hamilton County,12047.0,24.6,,2940 of 3141,81,county,5,demographics_002.csv,0,0,https://www.statecancerprofiles.cancer.gov/demographics/index.php?stateFIPS=12&areatype=county&topic=ed&demo=00005&race=00&sex=0&age=081&type=manyareacensus&sortVariableName=value&sortOrder=asc&output=1,12,ed,manyareacensus,2431.0,
Okeechobee County,12093.0,26.1,,3007 of 3141,81,county,5,demographics_002.csv,0,0,https://www.statecancerprofiles.cancer.gov/demographics/index.php?stateFIPS=12&areatype=county&topic=ed&demo=00005&race=00&sex=0&age=081&type=manyareacensus&sortVariableName=value&sortOrder=asc&output=1,12,ed,manyareacensus,7269.0,
Lafayette County,12067.0,26.1,,3010 of 3141,81,county,5,demographics_002.csv,0,0,https://www.statecancerprofiles.cancer.gov/demographics/index.php?stateFIPS=12&areatype=county&topic=ed&demo=00005&race=00&sex=0&age=081&type=manyareacensus&sortVariableName=value&sortOrder=asc&output=1,12,ed,manyareacensus,1610.0,
Glades County,12043.0,26.3,,3015 of 3141,81,county,5,demographics_002.csv,0,0,https://www.statecancerprofiles.cancer.gov/demographics/index.php?stateFIPS=12&areatype=county&topic=ed&demo=00005&race=00&sex=0&age=081&type=manyareacensus&sortVariableName=value&sortOrder=asc&output=1,12,ed,manyareacensus,2607.0,
Hardee County,12049.0,28.0,,3052 of 3141,81,county,5,demographics_002.csv,0,0,https://www.statecancerprofiles.cancer.gov/demographics/index.php?stateFIPS=12&areatype=county&topic=ed&demo=00005&race=00&sex=0&age=081&type=manyareacensus&sortVariableName=value&sortOrder=asc&output=1,12,ed,manyareacensus,4847.0,
DeSoto County,12027.0,29.5,,3074 of 3141,81,county,5,demographics_002.csv,0,0,https://www.statecancerprofiles.cancer.gov/demographics/index.php?stateFIPS=12&areatype=county&topic=ed&demo=00005&race=00&sex=0&age=081&type=manyareacensus&sortVariableName=value&sortOrder=asc&output=1,12,ed,manyareacensus,7440.0,
Hendry County,12051.0,34.9,,3123 of 3141,81,county,5,demographics_002.csv,0,0,https://www.statecancerprofiles.cancer.gov/demographics/index.php?stateFIPS=12&areatype=county&topic=ed&demo=00005&race=00&sex=0&age=081&type=manyareacensus&sortVariableName=value&sortOrder=asc&output=1,12,ed,manyareacensus,8503.0,
Florida,12000.0,28.5,,31 of 52,81,state,6,demographics_003.csv,0,0,https://www.statecancerprofiles.cancer.gov/demographics/index.php?stateFIPS=12&areatype=county&topic=ed&demo=00006&race=00&sex=0&age=081&type=manyareacensus&sortVariableName=value&sortOrder=asc&output=1,12,ed,manyareacensus,,4095858.0
United States,0.0,30.9,,,81,country,6,demographics_003.csv,0,0,https://www.statecancerprofiles.cancer.gov/demographics/index.php?stateFIPS=12&areatype=county&topic=ed&demo=00006&race=00&sex=0&age=081&type=manyareacensus&sortVariableName=value&sortOrder=asc&output=1,12,ed,manyareacensus,,66887603.0
Union County,12125.0,8.3,,3111 of 3141,81,county,6,demographics_003.csv,0,0,https://www.statecancerprofiles.cancer.gov/demographics/index.php?stateFIPS=12&areatype=county&topic=ed&demo=00006&race=00&sex=0&age=081&type=manyareacensus&sortVariableName=value&sortOrder=asc&output=1,12,ed,manyareacensus,,937.0
Hendry County,12051.0,8.4,,3107 of 3141,81,county,6,demographics_003.csv,0,0,https://www.statecancerprofiles.cancer.gov/demographics/index.php?stateFIPS=12&areatype=county&topic=ed&demo=00006&race=00&sex=0&age=081&type=manyareacensus&sortVariableName=value&sortOrder=asc&output=1,12,ed,manyareacensus,,2061.0
Taylor County,12123.0,8.6,,3101 of 3141,81,county,6,demographics_003.csv,0,0,https://www.statecancerprofiles.cancer.gov/demographics/index.php?stateFIPS=12&areatype=county&topic=ed&demo=00006&race=00&sex=0&age=081&type=manyareacensus&sortVariableName=value&sortOrder=asc&output=1,12,ed,manyareacensus,,1390.0
Dixie County,12029.0,9.1,,3076 of 3141,81,county,6,demographics_003.csv,0,0,https://www.statecancerprofiles.cancer.gov/demographics/index.php?stateFIPS=12&areatype=county&topic=ed&demo=00006&race=00&sex=0&age=081&type=manyareacensus&sortVariableName=value&sortOrder=asc&output=1,12,ed,manyareacensus,,1126.0
Calhoun County,12013.0,9.6,,3053 of 3141,81,county,6,demographics_003.csv,0,0,https://www.statecancerprofiles.cancer.gov/demographics/index.php?stateFIPS=12&areatype=county&topic=ed&demo=00006&race=00&sex=0&age=081&type=manyareacensus&sortVariableName=value&sortOrder=asc&output=1,12,ed,manyareacensus,,982.0
Hamilton County,12047.0,10.2,,3020 of 3141,81,county,6,demographics_003.csv,0,0,https://www.statecancerprofiles.cancer.gov/demographics/index.php?stateFIPS=12&areatype=county&topic=ed&demo=00006&race=00&sex=0&age=081&type=manyareacensus&sortVariableName=value&sortOrder=asc&output=1,12,ed,manyareacensus,,1009.0
Bradford County,12007.0,10.4,,3007 of 3141,81,county,6,demographics_003.csv,0,0,https://www.statecancerprofiles.cancer.gov/demographics/index.php?stateFIPS=12&areatype=county&topic=ed&demo=00006&race=00&sex=0&age=081&type=manyareacensus&sortVariableName=value&sortOrder=asc&output=1,12,ed,manyareacensus,,2016.0
Hardee County,12049.0,10.5,,2998 of 3141,81,county,6,demographics_003.csv,0,0,https://www.statecancerprofiles.cancer.gov/demographics/index.php?stateFIPS=12&areatype=county&topic=ed&demo=00006&race=00&sex=0&age=081&type=manyareacensus&sortVariableName=value&sortOrder=asc&output=1,12,ed,manyareacensus,,1819.0
Glades County,12043.0,10.9,,2967 of 3141,81,county,6,demographics_003.csv,0,0,https://www.statecancerprofiles.cancer.gov/demographics/index.php?stateFIPS=12&areatype=county&topic=ed&demo=00006&race=00&sex=0&age=081&type=manyareacensus&sortVariableName=value&sortOrder=asc&output=1,12,ed,manyareacensus,,1077.0
Okeechobee County,12093.0,11.0,,2957 of 3141,81,county,6,demographics_003.csv,0,0,https://www.statecancerprofiles.cancer.gov/demographics/index.php?stateFIPS=12&areatype=county&topic=ed&demo=00006&race=00&sex=0&age=081&type=manyareacensus&sortVariableName=value&sortOrder=asc&output=1,12,ed,manyareacensus,,3062.0
Liberty County,12077.0,11.1,,2937 of 3141,81,county,6,demographics_003.csv,0,0,https://www.statecancerprofiles.cancer.gov/demographics/index.php?stateFIPS=12&areatype=county&topic=ed&demo=00006&race=00&sex=0&age=081&type=manyareacensus&sortVariableName=value&sortOrder=asc&output=1,12,ed,manyareacensus,,630.0
Washington County,12133.0,11.3,,2919 of 3141,81,county,6,demographics_003.csv,0,0,https://www.statecancerprofiles.cancer.gov/demographics/index.php?stateFIPS=12&areatype=county&topic=ed&demo=00006&race=00&sex=0&age=081&type=manyareacensus&sortVariableName=value&sortOrder=asc&output=1,12,ed,manyareacensus,,1973.0
Holmes County,12059.0,11.5,,2892 of 3141,81,county,6,demographics_003.csv,0,0,https://www.statecancerprofiles.cancer.gov/demographics/index.php?stateFIPS=12&areatype=county&topic=ed&demo=00006&race=00&sex=0&age=081&type=manyareacensus&sortVariableName=value&sortOrder=asc&output=1,12,ed,manyareacensus,,1600.0
DeSoto County,12027.0,11.5,,2891 of 3141,81,county,6,demographics_003.csv,0,0,https://www.statecancerprofiles.cancer.gov/demographics/index.php?stateFIPS=12&areatype=county&topic=ed&demo=00006&race=00&sex=0&age=081&type=manyareacensus&sortVariableName=value&sortOrder=asc&output=1,12,ed,manyareacensus,,2895.0
Levy County,12075.0,11.9,,2841 of 3141,81,county,6,demographics_003.csv,0,0,https://www.statecancerprofiles.cancer.gov/demographics/index.php?stateFIPS=12&areatype=county&topic=ed&demo=00006&race=00&sex=0&age=081&type=manyareacensus&sortVariableName=value&sortOrder=asc&output=1,12,ed,manyareacensus,,3445.0
Gilchrist County,12041.0,12.4,,2774 of 3141,81,county,6,demographics_003.csv,0,0,https://www.statecancerprofiles.cancer.gov/demographics/index.php?stateFIPS=12&areatype=county&topic=ed&demo=00006&race=00&sex=0&age=081&type=manyareacensus&sortVariableName=value&sortOrder=asc&output=1,12,ed,manyareacensus,,1436.0
Putnam County,12107.0,12.5,,2751 of 3141,81,county,6,demographics_003.csv,0,0,https://www.statecancerprofiles.cancer.gov/demographics/index.php?stateFIPS=12&areatype=county&topic=ed&demo=00006&race=00&sex=0&age=081&type=manyareacensus&sortVariableName=value&sortOrder=asc&output=1,12,ed,manyareacensus,,6400.0
Madison County,12079.0,12.5,,2747 of 3141,81,county,6,demographics_003.csv,0,0,https://www.statecancerprofiles.cancer.gov/demographics/index.php?stateFIPS=12&areatype=county&topic=ed&demo=00006&race=00&sex=0&age=081&type=manyareacensus&sortVariableName=value&sortOrder=asc&output=1,12,ed,manyareacensus,,1671.0
Baker County,12003.0,13.1,,2647 of 3141,81,county,6,demographics_003.csv,0,0,https://www.statecancerprofiles.cancer.gov/demographics/index.php?stateFIPS=12&areatype=county&topic=ed&demo=00006&race=00&sex=0&age=081&type=manyareacensus&sortVariableName=value&sortOrder=asc&output=1,12,ed,manyareacensus,,2395.0
Suwannee County,12121.0,13.7,,2545 of 3141,81,county,6,demographics_003.csv,0,0,https://www.statecancerprofiles.cancer.gov/demographics/index.php?stateFIPS=12&areatype=county&topic=ed&demo=00006&race=00&sex=0&age=081&type=manyareacensus&sortVariableName=value&sortOrder=asc&output=1,12,ed,manyareacensus,,4197.0
Lafayette County,12067.0,14.0,,2499 of 3141,81,county,6,demographics_003.csv,0,0,https://www.statecancerprofiles.cancer.gov/demographics/index.php?stateFIPS=12&areatype=county&topic=ed&demo=00006&race=00&sex=0&age=081&type=manyareacensus&sortVariableName=value&sortOrder=asc&output=1,12,ed,manyareacensus,,860.0
Jackson County,12063.0,14.0,,2493 of 3141,81,county,6,demographics_003.csv,0,0,https://www.statecancerprofiles.cancer.gov/demographics/index.php?stateFIPS=12&areatype=county&topic=ed&demo=00006&race=00&sex=0&age=081&type=manyareacensus&sortVariableName=value&sortOrder=asc&output=1,12,ed,manyareacensus,,4955.0
Gadsden County,12039.0,16.3,,2053 of 3141,81,county,6,demographics_003.csv,0,0,https://www.statecancerprofiles.cancer.gov/demographics/index.php?stateFIPS=12&areatype=county&topic=ed&demo=00006&race=00&sex=0&age=081&type=manyareacensus&sortVariableName=value&sortOrder=asc&output=1,12,ed,manyareacensus,,5197.0
Columbia County,12023.0,16.4,,2031 of 3141,81,county,6,demographics_003.csv,0,0,https://www.statecancerprofiles.cancer.gov/demographics/index.php?stateFIPS=12&areatype=county&topic=ed&demo=00006&race=00&sex=0&age=081&type=manyareacensus&sortVariableName=value&sortOrder=asc&output=1,12,ed,manyareacensus,,7751.0
Hernando County,12053.0,17.1,,1922 of 3141,81,county,6,demographics_003.csv,0,0,https://www.statecancerprofiles.cancer.gov/demographics/index.php?stateFIPS=12&areatype=county&topic=ed&demo=00006&race=00&sex=0&age=081&type=manyareacensus&sortVariableName=value&sortOrder=asc&output=1,12,ed,manyareacensus,,22780.0
Highlands County,12055.0,17.1,,1913 of 3141,81,county,6,demographics_003.csv,0,0,https://www.statecancerprofiles.cancer.gov/demographics/index.php?stateFIPS=12&areatype=county&topic=ed&demo=00006&race=00&sex=0&age=081&type=manyareacensus&sortVariableName=value&sortOrder=asc&output=1,12,ed,manyareacensus,,13053.0
Wakulla County,12129.0,17.8,,1802 of 3141,81,county,6,demographics_003.csv,0,0,https://www.statecancerprofiles.cancer.gov/demographics/index.php?stateFIPS=12&areatype=county&topic=ed&demo=00006&race=00&sex=0&age=081&type=manyareacensus&sortVariableName=value&sortOrder=asc&output=1,12,ed,manyareacensus,,4048.0
Citrus County,12017.0,17.8,,1782 of 3141,81,county,6,demographics_003.csv,0,0,https://www.statecancerprofiles.cancer.gov/demographics/index.php?stateFIPS=12&areatype=county&topic=ed&demo=00006&race=00&sex=0&age=081&type=manyareacensus&sortVariableName=value&sortOrder=asc&output=1,12,ed,manyareacensus,,19994.0
Franklin County,12037.0,18.4,,1684 of 3141,81,county,6,demographics_003.csv,0,0,https://www.statecancerprofiles.cancer.gov/demographics/index.php?stateFIPS=12&areatype=county&topic=ed&demo=00006&race=00&sex=0&age=081&type=manyareacensus&sortVariableName=value&sortOrder=asc&output=1,12,ed,manyareacensus,,1639.0
Gulf County,12045.0,18.5,,1661 of 3141,81,county,6,demographics_003.csv,0,0,https://www.statecancerprofiles.cancer.gov/demographics/index.php?stateFIPS=12&areatype=county&topic=ed&demo=00006&race=00&sex=0&age=081&type=manyareacensus&sortVariableName=value&sortOrder=asc&output=1,12,ed,manyareacensus,,2249.0
Osceola County,12097.0,19.0,,1573 of 3141,81,county,6,demographics_003.csv,0,0,https://www.statecancerprofiles.cancer.gov/demographics/index.php?stateFIPS=12&areatype=county&topic=ed&demo=00006&race=00&sex=0&age=081&type=manyareacensus&sortVariableName=value&sortOrder=asc&output=1,12,ed,manyareacensus,,40391.0
Marion County,12083.0,19.4,,1513 of 3141,81,county,6,demographics_003.csv,0,0,https://www.statecancerprofiles.cancer.gov/demographics/index.php?stateFIPS=12&areatype=county&topic=ed&demo=00006&race=00&sex=0&age=081&type=manyareacensus&sortVariableName=value&sortOrder=asc&output=1,12,ed,manyareacensus,,49412.0
Polk County,12105.0,19.5,,1490 of 3141,81,county,6,demographics_003.csv,0,0,https://www.statecancerprofiles.cancer.gov/demographics/index.php?stateFIPS=12&areatype=county&topic=ed&demo=00006&race=00&sex=0&age=081&type=manyareacensus&sortVariableName=value&sortOrder=asc&output=1,12,ed,manyareacensus,,87405.0
St. Lucie County,12111.0,19.6,,1473 of 3141,81,county,6,demographics_003.csv,0,0,https://www.statecancerprofiles.cancer.gov/demographics/index.php?stateFIPS=12&areatype=county&topic=ed&demo=00006&race=00&sex=0&age=081&type=manyareacensus&sortVariableName=value&sortOrder=asc&output=1,12,ed,manyareacensus,,41982.0
Jefferson County,12065.0,21.2,,1209 of 3141,81,county,6,demographics_003.csv,0,0,https://www.statecancerprofiles.cancer.gov/demographics/index.php?stateFIPS=12&areatype=county&topic=ed&demo=00006&race=00&sex=0&age=081&type=manyareacensus&sortVariableName=value&sortOrder=asc&output=1,12,ed,manyareacensus,,2313.0
Bay County,12005.0,22.4,,1067 of 3141,81,county,6,demographics_003.csv,0,0,https://www.statecancerprofiles.cancer.gov/demographics/index.php?stateFIPS=12&areatype=county&topic=ed&demo=00006&race=00&sex=0&age=081&type=manyareacensus&sortVariableName=value&sortOrder=asc&output=1,12,ed,manyareacensus,,28085.0
Lake County,12069.0,22.4,,1065 of 3141,81,county,6,demographics_003.csv,0,0,https://www.statecancerprofiles.cancer.gov/demographics/index.php?stateFIPS=12&areatype=county&topic=ed&demo=00006&race=00&sex=0&age=081&type=manyareacensus&sortVariableName=value&sortOrder=asc&output=1,12,ed,manyareacensus,,53520.0
Charlotte County,12015.0,22.4,,1063 of 3141,81,county,6,demographics_003.csv,0,0,https://www.statecancerprofiles.cancer.gov/demographics/index.php?stateFIPS=12&areatype=county&topic=ed&demo=00006&race=00&sex=0&age=081&type=manyareacensus&sortVariableName=value&sortOrder=asc&output=1,12,ed,manyareacensus,,31643.0
Pasco County,12101.0,22.7,,1021 of 3141,81,county,6,demographics_003.csv,0,0,https://www.statecancerprofiles.cancer.gov/demographics/index.php?stateFIPS=12&areatype=county&topic=ed&demo=00006&race=00&sex=0&age=081&type=manyareacensus&sortVariableName=value&sortOrder=asc&output=1,12,ed,manyareacensus,,81795.0
Volusia County,12127.0,22.7,,1016 of 3141,81,county,6,demographics_003.csv,0,0,https://www.statecancerprofiles.cancer.gov/demographics/index.php?stateFIPS=12&areatype=county&topic=ed&demo=00006&race=00&sex=0&age=081&type=manyareacensus&sortVariableName=value&sortOrder=asc&output=1,12,ed,manyareacensus,,86516.0
Flagler County,12035.0,23.6,,921 of 3141,81,county,6,demographics_003.csv,0,0,https://www.statecancerprofiles.cancer.gov/demographics/index.php?stateFIPS=12&areatype=county&topic=ed&demo=00006&race=00&sex=0&age=081&type=manyareacensus&sortVariableName=value&sortOrder=asc&output=1,12,ed,manyareacensus,,18686.0
Clay County,12019.0,23.7,,907 of 3141,81,county,6,demographics_003.csv,0,0,https://www.statecancerprofiles.cancer.gov/demographics/index.php?stateFIPS=12&areatype=county&topic=ed&demo=00006&race=00&sex=0&age=081&type=manyareacensus&sortVariableName=value&sortOrder=asc&output=1,12,ed,manyareacensus,,32556.0
Escambia County,12033.0,26.0,,730 of 3141,81,county,6,demographics_003.csv,0,0,https://www.statecancerprofiles.cancer.gov/demographics/index.php?stateFIPS=12&areatype=county&topic=ed&demo=00006&race=00&sex=0&age=081&type=manyareacensus&sortVariableName=value&sortOrder=asc&output=1,12,ed,manyareacensus,,53465.0
Walton County,12131.0,26.7,,669 of 3141,81,county,6,demographics_003.csv,0,0,https://www.statecancerprofiles.cancer.gov/demographics/index.php?stateFIPS=12&areatype=county&topic=ed&demo=00006&race=00&sex=0&age=081&type=manyareacensus&sortVariableName=value&sortOrder=asc&output=1,12,ed,manyareacensus,,12381.0
Santa Rosa County,12113.0,27.1,,639 of 3141,81,county,6,demographics_003.csv,0,0,https://www.statecancerprofiles.cancer.gov/demographics/index.php?stateFIPS=12&areatype=county&topic=ed&demo=00006&race=00&sex=0&age=081&type=manyareacensus&sortVariableName=value&sortOrder=asc&output=1,12,ed,manyareacensus,,31247.0
Nassau County,12089.0,27.2,,636 of 3141,81,county,6,demographics_003.csv,0,0,https://www.statecancerprofiles.cancer.gov/demographics/index.php?stateFIPS=12&areatype=county&topic=ed&demo=00006&race=00&sex=0&age=081&type=manyareacensus&sortVariableName=value&sortOrder=asc&output=1,12,ed,manyareacensus,,15459.0
Lee County,12071.0,27.2,,632 of 3141,81,county,6,demographics_003.csv,0,0,https://www.statecancerprofiles.cancer.gov/demographics/index.php?stateFIPS=12&areatype=county&topic=ed&demo=00006&race=00&sex=0&age=081&type=manyareacensus&sortVariableName=value&sortOrder=asc&output=1,12,ed,manyareacensus,,142016.0
Miami-Dade County,12086.0,27.8,,597 of 3141,81,county,6,demographics_003.csv,0,0,https://www.statecancerprofiles.cancer.gov/demographics/index.php?stateFIPS=12&areatype=county&topic=ed&demo=00006&race=00&sex=0&age=081&type=manyareacensus&sortVariableName=value&sortOrder=asc&output=1,12,ed,manyareacensus,,530196.0
Indian River County,12061.0,27.8,,596 of 3141,81,county,6,demographics_003.csv,0,0,https://www.statecancerprofiles.cancer.gov/demographics/index.php?stateFIPS=12&areatype=county&topic=ed&demo=00006&race=00&sex=0&age=081&type=manyareacensus&sortVariableName=value&sortOrder=asc&output=1,12,ed,manyareacensus,,31330.0
Brevard County,12009.0,28.4,,570 of 3141,81,county,6,demographics_003.csv,0,0,https://www.statecancerprofiles.cancer.gov/demographics/index.php?stateFIPS=12&areatype=county&topic=ed&demo=00006&race=00&sex=0&age=081&type=manyareacensus&sortVariableName=value&sortOrder=asc&output=1,12,ed,manyareacensus,,118861.0
Duval County,12031.0,28.7,,550 of 3141,81,county,6,demographics_003.csv,0,0,https://www.statecancerprofiles.cancer.gov/demographics/index.php?stateFIPS=12&areatype=county&topic=ed&demo=00006&race=00&sex=0&age=081&type=manyareacensus&sortVariableName=value&sortOrder=asc&output=1,12,ed,manyareacensus,,177121.0
Manatee County,12081.0,29.1,,533 of 3141,81,county,6,demographics_003.csv,0,0,https://www.statecancerprofiles.cancer.gov/demographics/index.php?stateFIPS=12&areatype=county&topic=ed&demo=00006&race=00&sex=0&age=081&type=manyareacensus&sortVariableName=value&sortOrder=asc&output=1,12,ed,manyareacensus,,78176.0
Okaloosa County,12091.0,29.8,,500 of 3141,81,county,6,demographics_003.csv,0,0,https://www.statecancerprofiles.cancer.gov/demographics/index.php?stateFIPS=12&areatype=county&topic=ed&demo=00006&race=00&sex=0&age=081&type=manyareacensus&sortVariableName=value&sortOrder=asc&output=1,12,ed,manyareacensus,,40112.0
Pinellas County,12103.0,30.1,,482 of 3141,81,county,6,demographics_003.csv,0,0,https://www.statecancerprofiles.cancer.gov/demographics/index.php?stateFIPS=12&areatype=county&topic=ed&demo=00006&race=00&sex=0&age=081&type=manyareacensus&sortVariableName=value&sortOrder=asc&output=1,12,ed,manyareacensus,,217265.0
Sumter County,12119.0,30.9,,428 of 3141,81,county,6,demographics_003.csv,0,0,https://www.statecancerprofiles.cancer.gov/demographics/index.php?stateFIPS=12&areatype=county&topic=ed&demo=00006&race=00&sex=0&age=081&type=manyareacensus&sortVariableName=value&sortOrder=asc&output=1,12,ed,manyareacensus,,32228.0
Broward County,12011.0,31.5,,398 of 3141,81,county,6,demographics_003.csv,0,0,https://www.statecancerprofiles.cancer.gov/demographics/index.php?stateFIPS=12&areatype=county&topic=ed&demo=00006&race=00&sex=0&age=081&type=manyareacensus&sortVariableName=value&sortOrder=asc&output=1,12,ed,manyareacensus,,417852.0
Monroe County,12087.0,31.8,,385 of 3141,81,county,6,demographics_003.csv,0,0,https://www.statecancerprofiles.cancer.gov/demographics/index.php?stateFIPS=12&areatype=county&topic=ed&demo=00006&race=00&sex=0&age=081&type=manyareacensus&sortVariableName=value&sortOrder=asc&output=1,12,ed,manyareacensus,,18992.0
Hillsborough County,12057.0,32.0,,374 of 3141,81,county,6,demographics_003.csv,0,0,https://www.statecancerprofiles.cancer.gov/demographics/index.php?stateFIPS=12&areatype=county&topic=ed&demo=00006&race=00&sex=0&age=081&type=manyareacensus&sortVariableName=value&sortOrder=asc&output=1,12,ed,manyareacensus,,291612.0
Martin County,12085.0,32.3,,361 of 3141,81,county,6,demographics_003.csv,0,0,https://www.statecancerprofiles.cancer.gov/demographics/index.php?stateFIPS=12&areatype=county&topic=ed&demo=00006&race=00&sex=0&age=081&type=manyareacensus&sortVariableName=value&sortOrder=asc&output=1,12,ed,manyareacensus,,38583.0
Orange County,12095.0,32.7,,347 of 3141,81,county,6,demographics_003.csv,0,0,https://www.statecancerprofiles.cancer.gov/demographics/index.php?stateFIPS=12&areatype=county&topic=ed&demo=00006&race=00&sex=0&age=081&type=manyareacensus&sortVariableName=value&sortOrder=asc&output=1,12,ed,manyareacensus,,279550.0
Sarasota County,12115.0,33.9,,306 of 3141,81,county,6,demographics_003.csv,0,0,https://www.statecancerprofiles.cancer.gov/demographics/index.php?stateFIPS=12&areatype=county&topic=ed&demo=00006&race=00&sex=0&age=081&type=manyareacensus&sortVariableName=value&sortOrder=asc&output=1,12,ed,manyareacensus,,108780.0
Palm Beach County,12099.0,34.8,,271 of 3141,81,county,6,demographics_003.csv,0,0,https://www.statecancerprofiles.cancer.gov/demographics/index.php?stateFIPS=12&areatype=county&topic=ed&demo=00006&race=00&sex=0&age=081&type=manyareacensus&sortVariableName=value&sortOrder=asc&output=1,12,ed,manyareacensus,,360746.0
Collier County,12021.0,34.9,,267 of 3141,81,county,6,demographics_003.csv,0,0,https://www.statecancerprofiles.cancer.gov/demographics/index.php?stateFIPS=12&areatype=county&topic=ed&demo=00006&race=00&sex=0&age=081&type=manyareacensus&sortVariableName=value&sortOrder=asc&output=1,12,ed,manyareacensus,,93730.0
Seminole County,12117.0,37.6,,204 of 3141,81,county,6,demographics_003.csv,0,0,https://www.statecancerprofiles.cancer.gov/demographics/index.php?stateFIPS=12&areatype=county&topic=ed&demo=00006&race=00&sex=0&age=081&type=manyareacensus&sortVariableName=value&sortOrder=asc&output=1,12,ed,manyareacensus,,117681.0
Alachua County,12001.0,41.4,,136 of 3141,81,county,6,demographics_003.csv,0,0,https://www.statecancerprofiles.cancer.gov/demographics/index.php?stateFIPS=12&areatype=county&topic=ed&demo=00006&race=00&sex=0&age=081&type=manyareacensus&sortVariableName=value&sortOrder=asc&output=1,12,ed,manyareacensus,,64670.0
St. Johns County,12109.0,43.0,,111 of 3141,81,county,6,demographics_003.csv,0,0,https://www.statecancerprofiles.cancer.gov/demographics/index.php?stateFIPS=12&areatype=county&topic=ed&demo=00006&race=00&sex=0&age=081&type=manyareacensus&sortVariableName=value&sortOrder=asc&output=1,12,ed,manyareacensus,,68621.0
Leon County,12073.0,45.5,,88 of 3141,81,county,6,demographics_003.csv,0,0,https://www.statecancerprofiles.cancer.gov/demographics/index.php?stateFIPS=12&areatype=county&topic=ed&demo=00006&race=00&sex=0&age=081&type=manyareacensus&sortVariableName=value&sortOrder=asc&output=1,12,ed,manyareacensus,,76233.0
