"Table 1","B","C","D","E","F","G"
"Industry Codes and Aggregations in the Industry Economic Accounts","","","","","",""
"Estimates in the Industry Economic Accounts of the Bureau of Economic Analysis (BEA) are generally available at four levels of detail: sector (21 industry groups), summary (71 industry groups), underlying summary (138 industry groups), and detail (405 industry groups).  For most data products, estimates at the detail level are available only for estimate year 2012. This table shows the relationship between these four levels of detail as well as how each level relates to the 2012 North American Industry Classification System (NAICS) code structure.","","","","","",""
"","","","","","",""
"BEA Industry Code","","","","","",""
"Sector","Summary","U.Summary","Detail","Industry Title","Notes","Related 2012 NAICS Codes"
"11","AGRICULTURE, FORESTRY, FISHING, AND HUNTING","","","","",""
"","","","","","",""
"","111CA","Farms","","","",""
"","","","","","",""
"","","111","Crop production","","",""
"","","","","","",""
"","","","1111A0","Oilseed farming","","11111-2"
"","","","1111B0","Grain farming","","11113-6, 11119"
"","","","111200","Vegetable and melon farming","","1112"
"","","","111300","Fruit and tree nut farming","","1113"
"","","","111400","Greenhouse, nursery, and floriculture production","","1114"
"","","","111900","Other crop farming","","1119"
"","","","","","",""
"","","112","Animal production and aquaculture","","",""
"","","","","","",""
"","","","1121A0","Beef cattle ranching and farming, including feedlots and dual-purpose ranching and farming","","11211, 11213"
"","","","112120","Dairy cattle and milk production","","11212"
"","","","112A00","Animal production, except cattle and poultry and eggs","","1122, 1124-5, 1129"
"","","","112300","Poultry and egg production","","1123"
"","","","","","",""
"","113FF","Forestry, fishing, and related activities","","","",""
"","","","","","",""
"","","113FF","Forestry, fishing, and related activities","","",""
"","","","","","",""
"","","","113000","Forestry and logging","","113"
"","","","114000","Fishing, hunting and trapping","","114"
"","","","115000","Support activities for agriculture and forestry","","115"
"","","","","","",""
"21","MINING","","","","",""
"","","","","","",""
"","211","Oil and gas extraction","","","",""
"","","","","","",""
"","","211","Oil and gas extraction","","",""
"","","","","","",""
"","","","211000","Oil and gas extraction","","211"
"","","","","","",""
"","212","Mining, except oil and gas","","","",""
"","","","","","",""
"","","212","Mining, except oil and gas","","",""
"","","","","","",""
"","","","212100","Coal mining","","2121"
"","","","2122A0","Iron, gold, silver, and other metal ore mining","","21221, 21222, 21229"
"","","","212230","Copper, nickel, lead, and zinc mining","","21223"
"","","","212310","Stone mining and quarrying","","21231"
"","","","2123A0","Other nonmetallic mineral mining and quarrying","","21232, 21239"
"","","","","","",""
"","213","Support activities for mining","","","",""
"","","","","","",""
"","","213","Support activities for mining","","",""
"","","","","","",""
"","","","213111","Drilling oil and gas wells","","213111"
"","","","21311A","Other support activities for mining","","213112-5"
"","","","","","",""
"22","UTILITIES","","","","",""
"","","","","","",""
"","22","Utilities","","","",""
"","","","","","",""
"","","2211","Electric power generation, transmission, and distribution","","",""
"","","","","","",""
"","","","221100","Electric power generation, transmission, and distribution","","2211"
"","","","","","",""
"","","2212NW","Natural gas distribution and water, sewage and other systems","","",""
"","","","","","",""
"","","","221200","Natural gas distribution","","2212"
"","","","221300","Water, sewage and other systems","","2213"
"","","","","","",""
"23","CONSTRUCTION","","","","",""
"","","","","","",""
"","23","Construction","","","",""
"","","","","","",""
"","","23EH","Education, hospital, and health structures","","",""
"","","","","","",""
"","","","233210","Health care structures","†","23*"
"","","","233262","Educational and vocational structures","†","23*"
"","","","","","",""
"","","23OC","Office and commercial structures","","",""
"","","","","","",""
"","","","2332A0","Office and commercial structures","†","23*"
"","","","","","",""
"","","23PC","Power and communication structures","","",""
"","","","","","",""
"","","","233240","Power and communication structures","†","23*"
"","","","","","",""
"","","23TH","Transportation structures and highways and streets","","",""
"","","","","","",""
"","","","2332C0","Transportation structures and highways and streets","","23*"
"","","","","","",""
"","","23OT","Other nonresidential structures","","",""
"","","","","","",""
"","","","233230","Manufacturing structures","†","23*"
"","","","2332D0","Other nonresidential structures","","23*"
"","","","","","",""
"","","23SF","Single-family residential structures","","",""
"","","","","","",""
"","","","233411","Single-family residential structures","†","23*"
"","","","","","",""
"","","23OR","Other residential construction","","",""
"","","","","","",""
"","","","233412","Multifamily residential structures","†","23*"
"","","","2334A0","Other residential structures","†","23*"
"","","","","","",""
"","","23MR","Maintenance and repair construction","","",""
"","","","","","",""
"","","","230301","Nonresidential maintenance and repair","†","23*"
"","","","230302","Residential maintenance and repair","†","23*"
"","","","","","",""
"33DG","DURABLE GOODS","","","","",""
"","","","","","",""
"","321","Wood products","","","",""
"","","","","","",""
"","","321","Wood products","","",""
"","","","","","",""
"","","","321100","Sawmills and wood preservation","","3211"
"","","","321200","Veneer, plywood, and engineered wood product manufacturing","","3212"
"","","","321910","Millwork","","32191"
"","","","3219A0","All other wood product manufacturing","","32192-9"
"","","","","","",""
"","327","Nonmetallic mineral products","","","",""
"","","","","","",""
"","","327","Nonmetallic mineral products","","",""
"","","","","","",""
"","","","327100","Clay product and refractory manufacturing","","3271"
"","","","327200","Glass and glass product manufacturing","","3272"
"","","","327310","Cement manufacturing","","32731"
"","","","327320","Ready-mix concrete manufacturing","","32732"
"","","","327330","Concrete pipe, brick, and block manufacturing","","32733"
"","","","327390","Other concrete product manufacturing","","32739"
"","","","327400","Lime and gypsum product manufacturing","","3274"
"","","","327910","Abrasive product manufacturing","","32791"
"","","","327991","Cut stone and stone product manufacturing","","327991"
"","","","327992","Ground or treated mineral and earth manufacturing","","327992"
"","","","327993","Mineral wool manufacturing","","327993"
"","","","327999","Miscellaneous nonmetallic mineral products","","327999"
"","","","","","",""
"","331","Primary metals","","","",""
"","","","","","",""
"","","3311IS","Iron and steel mills and manufacturing from purchased steel","","",""
"","","","","","",""
"","","","331110","Iron and steel mills and ferroalloy manufacturing","","3311"
"","","","331200","Steel product manufacturing from purchased steel","","3312"
"","","","","","",""
"","","3313NF","Nonferrous metal production and processing and foundries","","",""
"","","","","","",""
"","","","331313","Alumina refining and primary aluminum production","","331313"
"","","","331314","Secondary smelting and alloying of aluminum","‡","331314"
"","","","33131B","Aluminum product manufacturing from purchased aluminum","","331315, 331318"
"","","","331410","Nonferrous metal (except aluminum) smelting and refining","","331410"
"","","","331420","Copper rolling, drawing, extruding and alloying","","33142"
"","","","331490","Nonferrous metal (except copper and aluminum) rolling, drawing, extruding and alloying","","33149"
"","","","331510","Ferrous metal foundries","","33151"
"","","","331520","Nonferrous metal foundries","","33152"
"","","","","","",""
"","332","Fabricated metal products","","","",""
"","","","","","",""
"","","332","Fabricated metal products","","",""
"","","","","","",""
"","","","33211A","All other forging, stamping, and sintering","","332111-2, 332117"
"","","","332114","Custom roll forming","","332114"
"","","","332119","Metal crown, closure, and other metal stamping (except automotive)","","332119"
"","","","332200","Cutlery and handtool manufacturing","","3322"
"","","","332310","Plate work and fabricated structural product manufacturing","","33231"
"","","","332320","Ornamental and architectural metal products manufacturing","","33232"
"","","","332410","Power boiler and heat exchanger manufacturing","","33241"
"","","","332420","Metal tank (heavy gauge) manufacturing","","33242"
"","","","332430","Metal can, box, and other metal container (light gauge) manufacturing","","33243"
"","","","332500","Hardware manufacturing","","3325"
"","","","332600","Spring and wire product manufacturing","","3326"
"","","","332710","Machine shops","","33271"
"","","","332720","Turned product and screw, nut, and bolt manufacturing","","33272"
"","","","332800","Coating, engraving, heat treating and allied activities","","3328"
"","","","33291A","Valve and fittings other than plumbing","","332911-2, 332919"
"","","","332913","Plumbing fixture fitting and trim manufacturing","","332913"
"","","","332991","Ball and roller bearing manufacturing","","332991"
"","","","33299A","Ammunition, arms, ordnance, and accessories manufacturing","","332992-4"
"","","","332996","Fabricated pipe and pipe fitting manufacturing","","332996"
"","","","332999","Other fabricated metal manufacturing","","332999"
"","","","","","",""
"","333","Machinery","","","",""
"","","","","","",""
"","","33311","Agricultural implement manufacturing","","",""
"","","","","","",""
"","","","333111","Farm machinery and equipment manufacturing","","333111"
"","","","333112","Lawn and garden equipment manufacturing","","333112"
"","","","","","",""
"","","33312","Construction machinery manufacturing","","",""
"","","","","","",""
"","","","333120","Construction machinery manufacturing","","33312"
"","","","","","",""
"","","33313","Mining and oil and gas field machinery manufacturing","","",""
"","","","","","",""
"","","","333130","Mining and oil and gas field machinery manufacturing","","33313"
"","","","","","",""
"","","3332OM","Other machinery","","",""
"","","","","","",""
"","","","333242","Semiconductor machinery manufacturing","","333242"
"","","","33329A","Other industrial machinery manufacturing","","333241, 333243, 333244, 333249"
"","","","333314","Optical instrument and lens manufacturing","","333314"
"","","","333316","Photographic and photocopying equipment manufacturing","","333316"
"","","","333318","Other commercial and service industry machinery manufacturing","","333318"
"","","","333413","Industrial and commercial fan and blower and air purification equipment manufacturing","","333413"
"","","","333414","Heating equipment (except warm air furnaces) manufacturing","","333414"
"","","","333415","Air conditioning, refrigeration, and warm air heating equipment manufacturing","","333415"
"","","","333511","Industrial mold manufacturing","","333511"
"","","","333517","Machine tool manufacturing","","333517"
"","","","333514","Special tool, die, jig, and fixture manufacturing","","333514"
"","","","33351B","Cutting and machine tool accessory, rolling mill, and other metalworking machinery manufacturing","","333515, 333519"
"","","","333611","Turbine and turbine generator set units manufacturing","","333611"
"","","","333612","Speed changer, industrial high-speed drive, and gear manufacturing","","333612"
"","","","333613","Mechanical power transmission equipment manufacturing","","333613"
"","","","333618","Other engine equipment manufacturing","","333618"
"","","","33391A","Pump and pumping equipment manufacturing","","333911, 333913"
"","","","333912","Air and gas compressor manufacturing","","333912"
"","","","333920","Material handling equipment manufacturing","","33392"
"","","","333991","Power-driven handtool manufacturing","","333991"
"","","","33399A","Other general purpose machinery manufacturing","","333992, 333997, 333999"
"","","","333993","Packaging machinery manufacturing","","333993"
"","","","333994","Industrial process furnace and oven manufacturing","","333994"
"","","","33399B","Fluid power process machinery","","333995-6"
"","","","","","",""
"","334","Computer and electronic products","","","",""
"","","","","","",""
"","","3341","Computer and peripheral equipment manufacturing","","",""
"","","","","","",""
"","","","334111","Electronic computer manufacturing","","334111"
"","","","334112","Computer storage device manufacturing","","334112"
"","","","334118","Computer terminals and other computer peripheral equipment manufacturing","","334118"
"","","","","","",""
"","","3342","Communications equipment manufacturing","","",""
"","","","","","",""
"","","","334210","Telephone apparatus manufacturing","","33421"
"","","","334220","Broadcast and wireless communications equipment","","33422"
"","","","334290","Other communications equipment manufacturing","","33429"
"","","","","","",""
"","","3344","Semiconductor and other electronic component manufacturing","","",""
"","","","","","",""
"","","","334413","Semiconductor and related device manufacturing","","334413"
"","","","334418","Printed circuit assembly (electronic assembly) manufacturing","","334418"
"","","","33441A","Other electronic component manufacturing","","334412, 334416, 334417, 334419"
"","","","","","",""
"","","3345","Navigational, measuring, electromedical, and control instruments manufacturing","","",""
"","","","","","",""
"","","","334510","Electromedical and electrotherapeutic apparatus manufacturing","","334510"
"","","","334511","Search, detection, and navigation instruments manufacturing","","334511"
"","","","334512","Automatic environmental control manufacturing","","334512"
"","","","334513","Industrial process variable instruments manufacturing","","334513"
"","","","334514","Totalizing fluid meter and counting device manufacturing","","334514"
"","","","334515","Electricity and signal testing instruments manufacturing","","334515"
"","","","334516","Analytical laboratory instrument manufacturing","","334516"
"","","","334517","Irradiation apparatus manufacturing","","334517"
"","","","33451A","Watch, clock, and other measuring and controlling device manufacturing","","334519"
"","","","","","",""
"","","334X","Other computer and electronic product manufacturing","","",""
"","","","","","",""
"","","","334300","Audio and video equipment manufacturing","","3343"
"","","","334610","Manufacturing and reproducing magnetic and optical media","","33461"
"","","","","","",""
"","335","Electrical equipment, appliances, and components","","","",""
"","","","","","",""
"","","335","Electrical equipment, appliances, and components","","",""
"","","","","","",""
"","","","335110","Electric lamp bulb and part manufacturing","","33511"
"","","","335120","Lighting fixture manufacturing","","33512"
"","","","335210","Small electrical appliance manufacturing","","33521"
"","","","335221","Household cooking appliance manufacturing","","335221"
"","","","335222","Household refrigerator and home freezer manufacturing","","335222"
"","","","335224","Household laundry equipment manufacturing","","335224"
"","","","335228","Other major household appliance manufacturing","","335228"
"","","","335311","Power, distribution, and specialty transformer manufacturing","","335311"
"","","","335312","Motor and generator manufacturing","","335312"
"","","","335313","Switchgear and switchboard apparatus manufacturing","","335313"
"","","","335314","Relay and industrial control manufacturing","","335314"
"","","","335911","Storage battery manufacturing","","335911"
"","","","335912","Primary battery manufacturing","","335912"
"","","","335920","Communication and energy wire and cable manufacturing","","33592"
"","","","335930","Wiring device manufacturing","","33593"
"","","","335991","Carbon and graphite product manufacturing","","335991"
"","","","335999","All other miscellaneous electrical equipment and component manufacturing","","335999"
"","","","","","",""
"","3361MV","Motor vehicles, bodies and trailers, and parts","","","",""
"","","","","","",""
"","","336111","Automobile manufacturing","","",""
"","","","","","",""
"","","","336111","Automobile manufacturing","","336111"
"","","","","","",""
"","","336112","Light truck and utility vehicle manufacturing","","",""
"","","","","","",""
"","","","336112","Light truck and utility vehicle manufacturing","","336112"
"","","","","","",""
"","","33612","Heavy duty truck manufacturing","","",""
"","","","","","",""
"","","","336120","Heavy duty truck manufacturing","","33612"
"","","","","","",""
"","","3362BP","Motor vehicle body, trailer, and parts manufacturing","","",""
"","","","","","",""
"","","","336211","Motor vehicle body manufacturing","","336211"
"","","","336212","Truck trailer manufacturing","","336212"
"","","","336213","Motor home manufacturing","","336213"
"","","","336214","Travel trailer and camper manufacturing","","336214"
"","","","336310","Motor vehicle gasoline engine and engine parts manufacturing","","33631"
"","","","336320","Motor vehicle electrical and electronic equipment manufacturing","","33632"
"","","","3363A0","Motor vehicle steering, suspension component (except spring), and brake systems manufacturing","","33633-4"
"","","","336350","Motor vehicle transmission and power train parts manufacturing","","33635"
"","","","336360","Motor vehicle seating and interior trim manufacturing","","33636"
"","","","336370","Motor vehicle metal stamping","","33637"
"","","","336390","Other motor vehicle parts manufacturing","","33639"
"","","","","","",""
"","3364OT","Other transportation equipment","","","",""
"","","","","","",""
"","","3364","Aerospace product and parts manufacturing","","",""
"","","","","","",""
"","","","336411","Aircraft manufacturing","","336411"
"","","","336412","Aircraft engine and engine parts manufacturing","","336412"
"","","","336413","Other aircraft parts and auxiliary equipment manufacturing","","336413"
"","","","336414","Guided missile and space vehicle manufacturing","","336414"
"","","","33641A","Propulsion units and parts for space vehicles and guided missiles","","336415, 336419"
"","","","","","",""
"","","3365AO","All other transportation equipment manufacturing","","",""
"","","","","","",""
"","","","336500","Railroad rolling stock manufacturing","","3365"
"","","","336611","Ship building and repairing","","336611"
"","","","336612","Boat building","","336612"
"","","","336991","Motorcycle, bicycle, and parts manufacturing","","336991"
"","","","336992","Military armored vehicle, tank, and tank component manufacturing","","336992"
"","","","336999","All other transportation equipment manufacturing","","336999"
"","","","","","",""
"","337","Furniture and related products","","","",""
"","","","","","",""
"","","337","Furniture and related products","","",""
"","","","","","",""
"","","","337110","Wood kitchen cabinet and countertop manufacturing","","33711"
"","","","337121","Upholstered household furniture manufacturing","","337121"
"","","","337122","Nonupholstered wood household furniture manufacturing","","337122"
"","","","33712N","Other household nonupholstered furniture","","337124-5"
"","","","337127","Institutional furniture manufacturing","","337127"
"","","","33721A","Office furniture and custom architectural woodwork and millwork manufacturing","","337211-2, 337214"
"","","","337215","Showcase, partition, shelving, and locker manufacturing","","337215"
"","","","337900","Other furniture related product manufacturing","","3379"
"","","","","","",""
"","339","Miscellaneous manufacturing","","","",""
"","","","","","",""
"","","3391","Medical equipment and supplies manufacturing","","",""
"","","","","","",""
"","","","339112","Surgical and medical instrument manufacturing","","339112"
"","","","339113","Surgical appliance and supplies manufacturing","","339113"
"","","","339114","Dental equipment and supplies manufacturing","","339114"
"","","","339115","Ophthalmic goods manufacturing","","339115"
"","","","339116","Dental laboratories","","339116"
"","","","","","",""
"","","3399","Other miscellaneous manufacturing","","",""
"","","","","","",""
"","","","339910","Jewelry and silverware manufacturing","","33991"
"","","","339920","Sporting and athletic goods manufacturing","","33992"
"","","","339930","Doll, toy, and game manufacturing","","33993"
"","","","339940","Office supplies (except paper) manufacturing","","33994"
"","","","339950","Sign manufacturing","","33995"
"","","","339990","All other miscellaneous manufacturing","","33999"
"","","","","","",""
"31ND","NONDURABLE GOODS","","","","",""
"","","","","","",""
"","311FT","Food and beverage and tobacco products","","","",""
"","","","","","",""
"","","311","Food manufacturing","","",""
"","","","","","",""
"","","","311111","Dog and cat food manufacturing","","311111"
"","","","311119","Other animal food manufacturing","","311119"
"","","","311210","Flour milling and malt manufacturing","","31121"
"","","","311221","Wet corn milling","","311221"
"","","","311224","Soybean and other oilseed processing","","311224"
"","","","311225","Fats and oils refining and blending","","311225"
"","","","311230","Breakfast cereal manufacturing","","31123"
"","","","311300","Sugar and confectionery product manufacturing","","3113"
"","","","311410","Frozen food manufacturing","","31141"
"","","","311420","Fruit and vegetable canning, pickling, and drying","","31142"
"","","","31151A","Fluid milk and butter manufacturing","","311511-2"
"","","","311513","Cheese manufacturing","","311513"
"","","","311514","Dry, condensed, and evaporated dairy product manufacturing","","311514"
"","","","311520","Ice cream and frozen dessert manufacturing","","31152"
"","","","31161A","Animal (except poultry) slaughtering, rendering, and processing","","311611-3"
"","","","311615","Poultry processing","","311615"
"","","","311700","Seafood product preparation and packaging","","3117"
"","","","311810","Bread and bakery product manufacturing","","31181"
"","","","3118A0","Cookie, cracker, pasta, and tortilla manufacturing","","31182-3"
"","","","311910","Snack food manufacturing","","31191"
"","","","311920","Coffee and tea manufacturing","","31192"
"","","","311930","Flavoring syrup and concentrate manufacturing","","31193"
"","","","311940","Seasoning and dressing manufacturing","","31194"
"","","","311990","All other food manufacturing","","31199"
"","","","","","",""
"","","3121","Beverage manufacturing","","",""
"","","","","","",""
"","","","312110","Soft drink and ice manufacturing","","31211"
"","","","312120","Breweries","","31212"
"","","","312130","Wineries","","31213"
"","","","312140","Distilleries","","31214"
"","","","","","",""
"","","3122","Tobacco manufacturing","","",""
"","","","","","",""
"","","","312200","Tobacco manufacturing","","3122"
"","","","","","",""
"","313TT","Textile mills and textile product mills","","","",""
"","","","","","",""
"","","313TT","Textile mills and textile product mills","","",""
"","","","","","",""
"","","","313100","Fiber, yarn, and thread mills","","3131"
"","","","313200","Fabric mills","","3132"
"","","","313300","Textile and fabric finishing and fabric coating mills","","3133"
"","","","314110","Carpet and rug mills","","31411"
"","","","314120","Curtain and linen mills","","31412"
"","","","314900","Other textile product mills","","3149"
"","","","","","",""
"","315AL","Apparel and leather and allied products","","","",""
"","","","","","",""
"","","315AL","Apparel and leather and allied products","","",""
"","","","","","",""
"","","","315000","Apparel manufacturing","","315"
"","","","316000","Leather and allied product manufacturing","","316"
"","","","","","",""
"","322","Paper products","","","",""
"","","","","","",""
"","","322","Paper products","","",""
"","","","","","",""
"","","","322110","Pulp mills","","32211"
"","","","322120","Paper mills","","32212"
"","","","322130","Paperboard mills","","32213"
"","","","322210","Paperboard container manufacturing","","32221"
"","","","322220","Paper bag and coated and treated paper manufacturing","","32222"
"","","","322230","Stationery product manufacturing","","32223"
"","","","322291","Sanitary paper product manufacturing","","322291"
"","","","322299","All other converted paper product manufacturing","","322299"
"","","","","","",""
"","323","Printing and related support activities","","","",""
"","","","","","",""
"","","323","Printing and related support activities","","",""
"","","","","","",""
"","","","323110","Printing","","32311"
"","","","323120","Support activities for printing","","32312"
"","","","","","",""
"","324","Petroleum and coal products","","","",""
"","","","","","",""
"","","324","Petroleum and coal products","","",""
"","","","","","",""
"","","","324110","Petroleum refineries","","32411"
"","","","324121","Asphalt paving mixture and block manufacturing","","324121"
"","","","324122","Asphalt shingle and coating materials manufacturing","","324122"
"","","","324190","Other petroleum and coal products manufacturing","","32419"
"","","","","","",""
"","325","Chemical products","","","",""
"","","","","","",""
"","","3251","Basic chemical manufacturing","","",""
"","","","","","",""
"","","","325110","Petrochemical manufacturing","","32511"
"","","","325120","Industrial gas manufacturing","","32512"
"","","","325130","Synthetic dye and pigment manufacturing","","32513"
"","","","325180","Other basic inorganic chemical manufacturing","","32518"
"","","","325190","Other basic organic chemical manufacturing","","32519"
"","","","","","",""
"","","3252","Resin, rubber, and artificial fibers manufacturing","","",""
"","","","","","",""
"","","","325211","Plastics material and resin manufacturing","","325211"
"","","","3252A0","Synthetic rubber and artificial and synthetic fibers and filaments manufacturing","","325212, 32522"
"","","","","","",""
"","","3254","Pharmaceutical and medicine manufacturing","","",""
"","","","","","",""
"","","","325411","Medicinal and botanical manufacturing","","325411"
"","","","325412","Pharmaceutical preparation manufacturing","","325412"
"","","","325413","In-vitro diagnostic substance manufacturing","","325413"
"","","","325414","Biological product (except diagnostic) manufacturing","","325414"
"","","","","","",""
"","","325X","Other chemical manufacturing","","",""
"","","","","","",""
"","","","325310","Fertilizer manufacturing","","32531"
"","","","325320","Pesticide and other agricultural chemical manufacturing","","32532"
"","","","325510","Paint and coating manufacturing","","32551"
"","","","325520","Adhesive manufacturing","","32552"
"","","","325610","Soap and cleaning compound manufacturing","","32561"
"","","","325620","Toilet preparation manufacturing","","32562"
"","","","325910","Printing ink manufacturing","","32591"
"","","","3259A0","All other chemical product and preparation manufacturing","","32592, 32599"
"","","","","","",""
"","326","Plastics and rubber products","","","",""
"","","","","","",""
"","","326","Plastics and rubber products","","",""
"","","","","","",""
"","","","326110","Plastics packaging materials and unlaminated film and sheet manufacturing","","32611"
"","","","326120","Plastics pipe, pipe fitting, and unlaminated profile shape manufacturing","","32612"
"","","","326130","Laminated plastics plate, sheet (except packaging), and shape manufacturing","","32613"
"","","","326140","Polystyrene foam product manufacturing","","32614"
"","","","326150","Urethane and other foam product (except polystyrene) manufacturing","","32615"
"","","","326160","Plastics bottle manufacturing","","32616"
"","","","326190","Other plastics product manufacturing","","32619"
"","","","326210","Tire manufacturing","","32621"
"","","","326220","Rubber and plastics hoses and belting manufacturing","","32622"
"","","","326290","Other rubber product manufacturing","","32629"
"","","","","","",""
"42","WHOLESALE TRADE","","","","",""
"","","","","","",""
"","42","Wholesale trade","","","",""
"","","","","","",""
"","","4231","Motor vehicle and motor vehicle parts and supplies","","",""
"","","","","","",""
"","","","423100","Motor vehicle and motor vehicle parts and supplies","","4231"
"","","","","","",""
"","","4234","Professional and commercial equipment and supplies","","",""
"","","","","","",""
"","","","423400","Professional and commercial equipment and supplies","","4234"
"","","","","","",""
"","","4236","Household appliances and electrical and electronic goods","","",""
"","","","","","",""
"","","","423600","Household appliances and electrical and electronic goods","","4236"
"","","","","","",""
"","","4238","Machinery, equipment, and supplies","","",""
"","","","","","",""
"","","","423800","Machinery, equipment, and supplies","","4238"
"","","","","","",""
"","","423X","Other durable goods merchant wholesalers","","",""
"","","","","","",""
"","","","423A00","Other durable goods merchant wholesalers","","4232, 4233, 4235, 4237, 4239"
"","","","","","",""
"","","4242","Drugs and druggists' sundries","","",""
"","","","","","",""
"","","","424200","Drugs and druggists' sundries","","4242"
"","","","","","",""
"","","4244","Grocery and related product wholesalers","","",""
"","","","","","",""
"","","","424400","Grocery and related product wholesalers","","4244"
"","","","","","",""
"","","4247","Petroleum and petroleum products","","",""
"","","","","","",""
"","","","424700","Petroleum and petroleum products","","4247"
"","","","","","",""
"","","424X","Other nondurable goods merchant wholesalers","","",""
"","","","","","",""
"","","","424A00","Other nondurable goods merchant wholesalers","","4241, 4243, 4245, 4246, 4248, 4249"
"","","","","","",""
"","","425","Wholesale electronic markets and agents and brokers","","",""
"","","","","","",""
"","","","425000","Wholesale electronic markets and agents and brokers","","425"
"","","","","","",""
"","","42ID","Customs duties","","",""
"","","","","","",""
"","","","4200ID","Customs duties","","n.a."
"","","","","","",""
"44RT","RETAIL TRADE","","","","",""
"","","","","","",""
"","441","Motor vehicle and parts dealers","","","",""
"","","","","","",""
"","","441","Motor vehicle and parts dealers","","",""
"","","","","","",""
"","","","441000","Motor vehicle and parts dealers","","441"
"","","","","","",""
"","445","Food and beverage stores","","","",""
"","","","","","",""
"","","445","Food and beverage stores","","",""
"","","","","","",""
"","","","445000","Food and beverage stores","","445"
"","","","","","",""
"","452","General merchandise stores","","","",""
"","","","","","",""
"","","452","General merchandise stores","","",""
"","","","","","",""
"","","","452000","General merchandise stores","","452"
"","","","","","",""
"","4A0","Other retail","","","",""
"","","","","","",""
"","","444","Building material and garden equipment and supplies dealers","","",""
"","","","","","",""
"","","","444000","Building material and garden equipment and supplies dealers","","444"
"","","","","","",""
"","","446","Health and personal care stores","","",""
"","","","","","",""
"","","","446000","Health and personal care stores","","446"
"","","","","","",""
"","","447","Gasoline stations","","",""
"","","","","","",""
"","","","447000","Gasoline stations","","447"
"","","","","","",""
"","","448","Clothing and clothing accessories stores","","",""
"","","","","","",""
"","","","448000","Clothing and clothing accessories stores","","448"
"","","","","","",""
"","","454","Nonstore retailers","","",""
"","","","","","",""
"","","","454000","Nonstore retailers","","454"
"","","","","","",""
"","","4A0X","All other retail","","",""
"","","","","","",""
"","","","4B0000","All other retail","","442, 443, 451, 453"
"","","","","","",""
"48TW","TRANSPORTATION AND WAREHOUSING, EXCLUDING POSTAL SERVICE","","","","",""
"","","","","","",""
"","481","Air transportation  ","","","",""
"","","","","","",""
"","","481","Air transportation","","",""
"","","","","","",""
"","","","481000","Air transportation","","481"
"","","","","","",""
"","482","Rail transportation ","","","",""
"","","","","","",""
"","","482","Rail transportation","","",""
"","","","","","",""
"","","","482000","Rail transportation","","482"
"","","","","","",""
"","483","Water transportation","","","",""
"","","","","","",""
"","","483","Water transportation","","",""
"","","","","","",""
"","","","483000","Water transportation","","483"
"","","","","","",""
"","484","Truck transportation","","","",""
"","","","","","",""
"","","484","Truck transportation","","",""
"","","","","","",""
"","","","484000","Truck transportation","","484"
"","","","","","",""
"","485","Transit and ground passenger transportation ","","","",""
"","","","","","",""
"","","485","Transit and ground passenger transportation","","",""
"","","","","","",""
"","","","485000","Transit and ground passenger transportation","","485"
"","","","","","",""
"","486","Pipeline transportation","","","",""
"","","","","","",""
"","","486","Pipeline transportation","","",""
"","","","","","",""
"","","","486000","Pipeline transportation","","486"
"","","","","","",""
"","487OS","Other transportation and support activities","","","",""
"","","","","","",""
"","","48A","Scenic and sightseeing transportation and support activities","","",""
"","","","","","",""
"","","","48A000","Scenic and sightseeing transportation and support activities","","487, 488"
"","","","","","",""
"","","492","Couriers and messengers","","",""
"","","","","","",""
"","","","492000","Couriers and messengers","","492"
"","","","","","",""
"","493","Warehousing and storage","","","",""
"","","","","","",""
"","","493","Warehousing and storage","","",""
"","","","","","",""
"","","","493000","Warehousing and storage","","493"
"","","","","","",""
"51","INFORMATION","","","","",""
"","","","","","",""
"","511","Publishing industries, except internet (includes software)","","","",""
"","","","","","",""
"","","5111","Newspaper, periodical, book, and directory publishers","","",""
"","","","","","",""
"","","","511110","Newspaper publishers","","51111"
"","","","511120","Periodical publishers","","51112"
"","","","511130","Book publishers","","51113"
"","","","5111A0","Directory, mailing list, and other publishers","","51114, 51119"
"","","","","","",""
"","","5112","Software publishers","","",""
"","","","","","",""
"","","","511200","Software publishers","","51121"
"","","","","","",""
"","512","Motion picture and sound recording industries","","","",""
"","","","","","",""
"","","512","Motion picture and sound recording industries","","",""
"","","","","","",""
"","","","512100","Motion picture and video industries","","5121"
"","","","512200","Sound recording industries","","5122"
"","","","","","",""
"","513","Broadcasting and telecommunications","","","",""
"","","","","","",""
"","","515","Broadcasting (except Internet)","","",""
"","","","","","",""
"","","","515100","Radio and television broadcasting","","5151"
"","","","515200","Cable and other subscription programming","","5152"
"","","","","","",""
"","","5171","Wired telecommunications carriers","","",""
"","","","","","",""
"","","","517110","Wired telecommunications carriers","","5171"
"","","","","","",""
"","","5172","Wireless telecommunications carriers (except satellite)","","",""
"","","","","","",""
"","","","517210","Wireless telecommunications carriers (except satellite)","","5172"
"","","","","","",""
"","","5174OT","Other telecommunications, including satellite","","",""
"","","","","","",""
"","","","517A00","Satellite, telecommunications resellers, and all other telecommunications","","5174-9"
"","","","","","",""
"","514","Data processing, internet publishing, and other information services","","","",""
"","","","","","",""
"","","518","Data processing, hosting, and related services","","",""
"","","","","","",""
"","","","518200","Data processing, hosting, and related services","","5182"
"","","","","","",""
"","","519","Other information services","","",""
"","","","","","",""
"","","","519130","Internet publishing and broadcasting and Web search portals","","51913"
"","","","5191A0","News syndicates, libraries, archives and all other information services","","51911-2, 51919"
"","","","","","",""
"52","FINANCE AND INSURANCE","","","","",""
"","","","","","",""
"","521CI","Federal Reserve banks, credit intermediation, and related activities","","","",""
"","","","","","",""
"","","521CI","Federal Reserve banks, credit intermediation, and related activities","","",""
"","","","","","",""
"","","","52A000","Monetary authorities and depository credit intermediation","","521, 5221"
"","","","522A00","Nondepository credit intermediation and related activities","","5222-3"
"","","","","","",""
"","523","Securities, commodity contracts, and investments","","","",""
"","","","","","",""
"","","523","Securities, commodity contracts, and investments","","",""
"","","","","","",""
"","","","523A00","Securities and commodity contracts intermediation and brokerage","","5231-2"
"","","","523900","Other financial investment activities","","5239"
"","","","","","",""
"","524","Insurance carriers and related activities","","","",""
"","","","","","",""
"","","524113","Direct life insurance carriers","","",""
"","","","","","",""
"","","","524113","Direct life insurance carriers","","524113"
"","","","","","",""
"","","5241X","Insurance carriers, except direct life","","",""
"","","","","","",""
"","","","5241XX","Insurance carriers, except direct life","","524114, 52412, 52413"
"","","","","","",""
"","","5242","Agencies, brokerages, and other insurance related activities","","",""
"","","","","","",""
"","","","524200","Insurance agencies, brokerages, and related activities","","5242"
"","","","","","",""
"","525","Funds, trusts, and other financial vehicles","","","",""
"","","","","","",""
"","","525","Funds, trusts, and other financial vehicles","","",""
"","","","","","",""
"","","","525000","Funds, trusts, and other financial vehicles","","525"
"","","","","","",""
"53","REAL ESTATE AND RENTAL AND LEASING","","","","",""
"","","","","","",""
"","HS","Housing","","","",""
"","","","","","",""
"","","HSO","Owner-occupied housing","","",""
"","","","","","",""
"","","","531HSO","Owner-occupied housing","","n.a."
"","","","","","",""
"","","HST","Tenant-occupied housing","","",""
"","","","","","",""
"","","","531HST","Tenant-occupied housing","","531"
"","","","","","",""
"","","","","","",""
"","ORE","Other real estate","","","",""
"","","","","","",""
"","","ORE","Other real estate","","",""
"","","","","","",""
"","","","531ORE","Other real estate","","531"
"","","","","","",""
"","532RL","Rental and leasing services and lessors of intangible assets","","","",""
"","","","","","",""
"","","532RL","Rental and leasing services and lessors of intangible assets","","",""
"","","","","","",""
"","","","532100","Automotive equipment rental and leasing","","5321"
"","","","532A00","General and consumer goods rental","","5322-3"
"","","","532400","Commercial and industrial machinery and equipment rental and leasing","","5324"
"","","","533000","Lessors of nonfinancial intangible assets","","533"
"","","","","","",""
"54","PROFESSIONAL AND TECHNICAL SERVICES","","","","",""
"","","","","","",""
"","5411","Legal services","","","",""
"","","","","","",""
"","","5411","Legal services","","",""
"","","","","","",""
"","","","541100","Legal services","","5411"
"","","","","","",""
"","5412OP","Miscellaneous professional, scientific, and technical services","","","",""
"","","","","","",""
"","","5412","Accounting, tax preparation, bookkeeping, and payroll services","","",""
"","","","","","",""
"","","","541200","Accounting, tax preparation, bookkeeping, and payroll services","","5412"
"","","","","","",""
"","","5413","Architectural, engineering, and related services","","",""
"","","","","","",""
"","","","541300","Architectural, engineering, and related services","","5413"
"","","","","","",""
"","","5416","Management, scientific, and technical consulting services","","",""
"","","","","","",""
"","","","541610","Management consulting services","","54161"
"","","","5416A0","Environmental and other technical consulting services","","54162, 54169"
"","","","","","",""
"","","5417","Scientific research and development services","","",""
"","","","","","",""
"","","","541700","Scientific research and development services","","5417"
"","","","","","",""
"","","5418","Advertising, public relations, and related services","","",""
"","","","","","",""
"","","","541800","Advertising, public relations, and related services","","5418"
"","","","","","",""
"","","541X","Specialized design services and other professional, scientific, and technical services","","",""
"","","","","","",""
"","","","541400","Specialized design services","","5414"
"","","","5419A0","All other miscellaneous professional, scientific, and technical services","","54191, 54193, 54199"
"","","","541920","Photographic services","","54192"
"","","","541940","Veterinary services","","54194"
"","","","","","",""
"","5415","Computer systems design and related services","","","",""
"","","","","","",""
"","","5415","Computer systems design and related services","","",""
"","","","","","",""
"","","","541511","Custom computer programming services","","541511"
"","","","541512","Computer systems design services","","541512"
"","","","54151A","Other computer related services, including facilities management","","541513, 541519"
"","","","","","",""
"55","MANAGEMENT OF COMPANIES AND ENTREPRISES","","","","",""
"","","","","","",""
"","55","Management of companies and enterprises","","","",""
"","","","","","",""
"","","55","Management of companies and enterprises","","",""
"","","","","","",""
"","","","550000","Management of companies and enterprises","","55"
"","","","","","",""
"56","ADMINISTRATIVE AND WASTE SERVICES","","","","",""
"","","","","","",""
"","561","Administrative and support services","","","",""
"","","","","","",""
"","","5613","Employment services","","",""
"","","","","","",""
"","","","561300","Employment services","","5613"
"","","","","","",""
"","","5617","Services to buildings and dwellings","","",""
"","","","","","",""
"","","","561700","Services to buildings and dwellings","","5617"
"","","","","","",""
"","","561X","Other administrative and support services","","",""
"","","","","","",""
"","","","561100","Office administrative services","","5611"
"","","","561200","Facilities support services","","5612"
"","","","561400","Business support services","","5614"
"","","","561500","Travel arrangement and reservation services","","5615"
"","","","561600","Investigation and security services","","5616"
"","","","561900","Other support services","","5619"
"","","","","","",""
"","562","Waste management and remediation services","","","",""
"","","","","","",""
"","","562","Waste management and remediation services","","",""
"","","","","","",""
"","","","562000","Waste management and remediation services","","562"
"","","","","","",""
"61","EDUCATIONAL SERVICES","","","","",""
"","","","","","",""
"","61","Educational services","","","",""
"","","","","","",""
"","","61","Educational services","","",""
"","","","","","",""
"","","","611100","Elementary and secondary schools","","6111"
"","","","611A00","Junior colleges, colleges, universities, and professional schools","","6112-3"
"","","","611B00","Other educational services","","6114-7"
"","","","","","",""
"62","HEALTH CARE AND SOCIAL ASSISTANCE","","","","",""
"","","","","","",""
"","621","Ambulatory health care services","","","",""
"","","","","","",""
"","","6211","Offices of physicians","","",""
"","","","","","",""
"","","","621100","Offices of physicians","","6211"
"","","","","","",""
"","","6212","Offices of dentists","","",""
"","","","","","",""
"","","","621200","Offices of dentists","","6212"
"","","","","","",""
"","","6213","Offices of other health practitioners","","",""
"","","","","","",""
"","","","621300","Offices of other health practitioners","","6213"
"","","","","","",""
"","","6214","Outpatient care centers","","",""
"","","","","","",""
"","","","621400","Outpatient care centers","","6214"
"","","","","","",""
"","","6215OH","Other ambulatory health care services","","",""
"","","","","","",""
"","","","621500","Medical and diagnostic laboratories","","6215"
"","","","621600","Home health care services","","6216"
"","","","621900","Other ambulatory health care services","","6219"
"","","","","","",""
"","622","Hospitals","","","",""
"","","","","","",""
"","","622","Hospitals","","",""
"","","","","","",""
"","","","622000","Hospitals","","622"
"","","","","","",""
"","623","Nursing and residential care facilities","","","",""
"","","","","","",""
"","","623","Nursing and residential care facilities","","",""
"","","","","","",""
"","","","623A00","Nursing and community care facilities","","6231, 6233"
"","","","623B00","Residential mental health, substance abuse, and other residential care facilities","","6232, 6239"
"","","","","","",""
"","624","Social assistance","","","",""
"","","","","","",""
"","","624","Social assistance","","",""
"","","","","","",""
"","","","624100","Individual and family services","","6241"
"","","","624A00","Community food, housing, and other relief services, including vocational rehabilitation services","","6242-3"
"","","","624400","Child day care services","","6244"
"","","","","","",""
"71","ARTS, ENTERTAINMENT, AND RECREATION","","","","",""
"","","","","","",""
"","711AS","Performing arts, spectator sports, museums, and related activities","","","",""
"","","","","","",""
"","","711AS","Performing arts, spectator sports, museums, and related activities","","",""
"","","","","","",""
"","","","711100","Performing arts companies","","7111"
"","","","711200","Spectator sports","","7112"
"","","","711A00","Promoters of performing arts and sports and agents for public figures","","7113-4"
"","","","711500","Independent artists, writers, and performers","","7115"
"","","","712000","Museums, historical sites, zoos, and parks","","712"
"","","","","","",""
"","713","Amusements, gambling, and recreation industries","","","",""
"","","","","","",""
"","","713","Amusements, gambling, and recreation industries","","",""
"","","","","","",""
"","","","713100","Amusement parks and arcades","","7131"
"","","","713200","Gambling industries (except casino hotels)","","7132"
"","","","713900","Other amusement and recreation industries","","7139"
"","","","","","",""
"72","ACCOMMODATION AND FOOD SERVICES","","","","",""
"","","","","","",""
"","721","Accommodation","","","",""
"","","","","","",""
"","","721","Accommodation","","",""
"","","","","","",""
"","","","721000","Accommodation","","721"
"","","","","","",""
"","722","Food services and drinking places","","","",""
"","","","","","",""
"","","722","Food services and drinking places","","",""
"","","","","","",""
"","","","722110","Full-service restaurants","","722511"
"","","","722211","Limited-service restaurants","","722513"
"","","","722A00","All other food and drinking places","","7223-4, 722514-5"
"","","","","","",""
"81","OTHER SERVICES, EXCEPT GOVERNMENT","","","","",""
"","","","","","",""
"","81","Other services, except government","","","",""
"","","","","","",""
"","","811","Repair and maintenance","","",""
"","","","","","",""
"","","","811100","Automotive repair and maintenance (including car washes)","","8111"
"","","","811200","Electronic and precision equipment repair and maintenance","","8112"
"","","","811300","Commercial and industrial machinery and equipment repair and maintenance","","8113"
"","","","811400","Personal and household goods repair and maintenance","","8114"
"","","","","","",""
"","","812","Personal and laundry services","","",""
"","","","","","",""
"","","","812100","Personal care services","","8121"
"","","","812200","Death care services","","8122"
"","","","812300","Dry-cleaning and laundry services","","8123"
"","","","812900","Other personal services","","8129"
"","","","","","",""
"","","813","Religious, grantmaking, civic, professional, and similar organizations","","",""
"","","","","","",""
"","","","813100","Religious organizations","","8131"
"","","","813A00","Grantmaking, giving, and social advocacy organizations","","8132, 8133"
"","","","813B00","Civic, social, professional, and similar organizations","","8134, 8139"
"","","","","","",""
"","","814","Private households","","",""
"","","","","","",""
"","","","814000","Private households","","814"
"","","","","","",""
"G","GOVERNMENT","","","","",""
"","","","","","",""
"","GFGD","Federal general government (defense)","","","",""
"","","","","","",""
"","","GFGD","Federal general government (defense)","","",""
"","","","","","",""
"","","","S00500","Federal general government (defense)","","n.a."
"","","","","","",""
"","GFGN","Federal general government (nondefense)","","","",""
"","","","","","",""
"","","","","","",""
"","","GFGN","Federal general government (nondefense)","","",""
"","","","","","",""
"","","","S00600","Federal general government (nondefense)","","n.a."
"","","","","","",""
"","GFE","Federal government enterprises","","","",""
"","","","","","",""
"","","GFE","Federal government enterprises","","",""
"","","","","","",""
"","","","491000","Postal service","","491"
"","","","S00101","Federal electric utilities","**","n.a."
"","","","S00102","Other federal government enterprises","","n.a."
"","","","","","",""
"","GSLG","State and local general government","","","",""
"","","","","","",""
"","","GSLGE","State and local government (educational services)","","",""
"","","","","","",""
"","","","GSLGE","State and local government (educational services)","","n.a."
"","","","","","",""
"","","GSLGH","State and local government (hospitals and health services)","","",""
"","","","","","",""
"","","","GSLGH","State and local government (hospitals and health services)","","n.a."
"","","","","","",""
"","","GSLGO","State and local government (other services)","","",""
"","","","","","",""
"","","","GSLGO","State and local government (other services)","","n.a."
"","","","","","",""
"","GSLE","State and local government enterprises","","","",""
"","","","","","",""
"","","GSLE","State and local government enterprises","","",""
"","","","","","",""
"","","","S00201","State and local government passenger transit","**","n.a."
"","","","S00202","State and local government electric utilities","**","n.a."
"","","","S00203","Other state and local government enterprises","","n.a."
"","","","","","",""
"Used","SCRAP, USED AND SECONDHAND GOODS","","","","",""
"","Used","Scrap, used and secondhand goods","","","",""
"","","","","","",""
"","","S004 ","Scrap, used and secondhand goods","","",""
"","","","S00401","Scrap","††","n.a."
"","","","S00402","Used and secondhand goods","††","n.a."
"","","","","","",""
"Other","NONCOMPARABLE IMPORTS AND REST-OF-THE-WORLD ADJUSTMENT","","","","",""
"","Other","Noncomparable imports and rest-of-the-world adjustment","","","",""
"","","","","","",""
"","","S003 ","Noncomparable imports","","",""
"","","","S00300","Noncomparable imports","††","n.a."
"","","","","","",""
"","","S009 ","Rest of the world adjustment","","",""
"","","","S00900","Rest of the world adjustment","††","n.a."
"n.a. Not applicable.","","","","","",""
"Note. An asterisk following a (NAICS) code indicates that the NAICS industry is included in more than one I-O industry.","","","","","",""
"† Construction data published by BEA at the detail level do not align with 2012 NAICS industries.  In NAICS, industries are classified based on their production processes, whereas BEA construction is classified by type of structure.  For example, activity by the 2012 NAICS Roofing contractors industry would be split among many BEA construction categories because roofs are built on many types of structures.","","","","","",""
"‡ Primary output of the ""secondary smelting and alloying of aluminum"" and ""alumina refining and primary aluminum production"" industries is treated as being identical and is reported as ""alumina refining and primary aluminum production"" for both industries.  As a result, ""secondary smelting and alloying of aluminum"" appears as an industry at the detail level but not as a commodity.","","","","","",""
"** Where possible, the output of government enterprises is classified into the same commodity as the primary output of a comparable private industry.  All output of federal government electric utilities; state and local government passenger transit; and state and local electric utilities is classified in this way, with the result that these government enterprise categories appear as industries at the detail level but not as commodities.","","","","","",""
"†† The scrap; used and secondhand goods; noncomparable imports; and rest of the world adjustment lines identify special commodities which may appear in the commodity dimension of the make and use tables but which do not appear in the industry dimension.","","","","","",""