"GEO_TTL","YEAR","NAICS2012","NAICS2012_TTL","ESTAB","EMP","PAYANN","state",
"American Samoa","2015","00","Total for all sectors","486","8156","140751","60",
"American Samoa","2015","11","Agriculture, forestry, fishing and hunting","1","0","0","60",
"American Samoa","2015","114","Fishing, hunting and trapping","1","0","0","60",
"American Samoa","2015","1141","Fishing","1","0","0","60",
"American Samoa","2015","11411","Fishing","1","0","0","60",
"American Samoa","2015","2361","Residential building construction","6","50","772","60",
"American Samoa","2015","114111","Finfish fishing","1","0","0","60",
"American Samoa","2015","23","Construction","30","500","9113","60",
"American Samoa","2015","236","Construction of buildings","10","254","4400","60",
"American Samoa","2015","236220","Commercial and institutional building construction","4","0","0","60",
"American Samoa","2015","23611","Residential building construction","6","50","772","60",
"American Samoa","2015","236115","New single-family housing construction (except for-sale builders)","5","46","749","60",
"American Samoa","2015","236118","Residential remodelers","1","0","0","60",
"American Samoa","2015","2362","Nonresidential building construction","4","0","0","60",
"American Samoa","2015","23622","Commercial and institutional building construction","4","0","0","60",
"American Samoa","2015","237110","Water and sewer line and related structures construction","1","0","0","60",
"American Samoa","2015","237","Heavy and civil engineering construction","6","141","3730","60",
"American Samoa","2015","2371","Utility system construction","4","100","3065","60",
"American Samoa","2015","23711","Water and sewer line and related structures construction","1","0","0","60",
"American Samoa","2015","2379","Other heavy and civil engineering construction","1","0","0","60",
"American Samoa","2015","23713","Power and communication line and related structures construction","3","79","2618","60",
"American Samoa","2015","237130","Power and communication line and related structures construction","3","79","2618","60",
"American Samoa","2015","2373","Highway, street, and bridge construction","1","0","0","60",
"American Samoa","2015","23731","Highway, street, and bridge construction","1","0","0","60",
"American Samoa","2015","237310","Highway, street, and bridge construction","1","0","0","60",
"American Samoa","2015","238160","Roofing contractors","1","0","0","60",
"American Samoa","2015","23799","Other heavy and civil engineering construction","1","0","0","60",
"American Samoa","2015","237990","Other heavy and civil engineering construction","1","0","0","60",
"American Samoa","2015","238","Specialty trade contractors","14","105","983","60",
"American Samoa","2015","2381","Foundation, structure, and building exterior contractors","3","8","74","60",
"American Samoa","2015","23816","Roofing contractors","1","0","0","60",
"American Samoa","2015","23821","Electrical contractors and other wiring installation contractors","2","0","0","60",
"American Samoa","2015","23817","Siding contractors","2","0","0","60",
"American Samoa","2015","238170","Siding contractors","2","0","0","60",
"American Samoa","2015","2382","Building equipment contractors","8","55","559","60",
"American Samoa","2015","238310","Drywall and insulation contractors","2","0","0","60",
"American Samoa","2015","238210","Electrical contractors and other wiring installation contractors","2","0","0","60",
"American Samoa","2015","23822","Plumbing, heating, and air-conditioning contractors","6","23","185","60",
"American Samoa","2015","238220","Plumbing, heating, and air-conditioning contractors","6","23","185","60",
"American Samoa","2015","2383","Building finishing contractors","3","42","350","60",
"American Samoa","2015","23831","Drywall and insulation contractors","2","0","0","60",
"American Samoa","2015","31142","Fruit and vegetable canning, pickling, and drying","1","0","0","60",
"American Samoa","2015","23835","Finish carpentry contractors","1","0","0","60",
"American Samoa","2015","238350","Finish carpentry contractors","1","0","0","60",
"American Samoa","2015","31-33","Manufacturing","38","3160","50943","60",
"American Samoa","2015","311","Food manufacturing","8","0","0","60",
"American Samoa","2015","3114","Fruit and vegetable preserving and specialty food manufacturing","1","0","0","60",
"American Samoa","2015","311514","Dry, condensed, and evaporated dairy product manufacturing","1","0","0","60",
"American Samoa","2015","311421","Fruit and vegetable canning","1","0","0","60",
"American Samoa","2015","3115","Dairy product manufacturing","1","0","0","60",
"American Samoa","2015","31151","Dairy product (except frozen) manufacturing","1","0","0","60",
"American Samoa","2015","311710","Seafood product preparation and packaging","2","0","0","60",
"American Samoa","2015","3116","Animal slaughtering and processing","1","0","0","60",
"American Samoa","2015","31161","Animal slaughtering and processing","1","0","0","60",
"American Samoa","2015","311612","Meat processed from carcasses","1","0","0","60",
"American Samoa","2015","3117","Seafood product preparation and packaging","2","0","0","60",
"American Samoa","2015","31171","Seafood product preparation and packaging","2","0","0","60",
"American Samoa","2015","311821","Cookie and cracker manufacturing","1","0","0","60",
"American Samoa","2015","3118","Bakeries and tortilla manufacturing","3","47","602","60",
"American Samoa","2015","31181","Bread and bakery product manufacturing","2","0","0","60",
"American Samoa","2015","311811","Retail bakeries","1","0","0","60",
"American Samoa","2015","311812","Commercial bakeries","1","0","0","60",
"American Samoa","2015","31182","Cookie, cracker, and pasta manufacturing","1","0","0","60",
"American Samoa","2015","313","Textile mills","1","0","0","60",
"American Samoa","2015","31521","Cut and sew apparel contractors","14","28","244","60",
"American Samoa","2015","3133","Textile and fabric finishing and fabric coating mills","1","0","0","60",
"American Samoa","2015","31331","Textile and fabric finishing mills","1","0","0","60",
"American Samoa","2015","313310","Textile and fabric finishing mills","1","0","0","60",
"American Samoa","2015","315","Apparel manufacturing","22","104","939","60",
"American Samoa","2015","3152","Cut and sew apparel manufacturing","21","69","477","60",
"American Samoa","2015","315990","Apparel accessories and other apparel manufacturing","1","0","0","60",
"American Samoa","2015","315210","Cut and sew apparel contractors","14","28","244","60",
"American Samoa","2015","31524","Women's, girls', and infants' cut and sew apparel manufacturing","7","0","0","60",
"American Samoa","2015","315240","Women's, girls', and infants' cut and sew apparel manufacturing","7","0","0","60",
"American Samoa","2015","3159","Apparel accessories and other apparel manufacturing","1","0","0","60",
"American Samoa","2015","31599","Apparel accessories and other apparel manufacturing","1","0","0","60",
"American Samoa","2015","323","Printing and related support activities","4","114","2629","60",
"American Samoa","2015","32512","Industrial gas manufacturing","1","0","0","60",
"American Samoa","2015","3231","Printing and related support activities","4","114","2629","60",
"American Samoa","2015","32311","Printing","4","114","2629","60",
"American Samoa","2015","323111","Commercial printing (except screen and books)","4","114","2629","60",
"American Samoa","2015","325","Chemical manufacturing","1","0","0","60",
"American Samoa","2015","3251","Basic chemical manufacturing","1","0","0","60",
"American Samoa","2015","33995","Sign manufacturing","2","0","0","60",
"American Samoa","2015","325120","Industrial gas manufacturing","1","0","0","60",
"American Samoa","2015","339","Miscellaneous manufacturing","2","0","0","60",
"American Samoa","2015","3399","Other miscellaneous manufacturing","2","0","0","60",
"American Samoa","2015","423130","Tire and tube merchant wholesalers","1","0","0","60",
"American Samoa","2015","339950","Sign manufacturing","2","0","0","60",
"American Samoa","2015","42","Wholesale trade","25","264","4784","60",
"American Samoa","2015","423","Merchant wholesalers, durable goods","6","26","720","60",
"American Samoa","2015","4231","Motor vehicle and motor vehicle parts and supplies merchant wholesalers","1","0","0","60",
"American Samoa","2015","42313","Tire and tube merchant wholesalers","1","0","0","60",
"American Samoa","2015","423710","Hardware merchant wholesalers","1","0","0","60",
"American Samoa","2015","4234","Professional and commercial equipment and supplies merchant wholesalers","1","0","0","60",
"American Samoa","2015","42345","Medical, dental, and hospital equipment and supplies merchant wholesalers","1","0","0","60",
"American Samoa","2015","423450","Medical, dental, and hospital equipment and supplies merchant wholesalers","1","0","0","60",
"American Samoa","2015","4237","Hardware, plumbing and heating equipment and supplies merchant wholesalers","1","0","0","60",
"American Samoa","2015","42371","Hardware merchant wholesalers","1","0","0","60",
"American Samoa","2015","423910","Sporting and recreational goods and supplies merchant wholesalers","1","0","0","60",
"American Samoa","2015","4238","Machinery, equipment, and supplies merchant wholesalers","1","0","0","60",
"American Samoa","2015","42386","Transportation equipment and supplies (except motor vehicle) merchant wholesalers","1","0","0","60",
"American Samoa","2015","423860","Transportation equipment and supplies (except motor vehicle) merchant wholesalers","1","0","0","60",
"American Samoa","2015","4239","Miscellaneous durable goods merchant wholesalers","2","0","0","60",
"American Samoa","2015","42391","Sporting and recreational goods and supplies merchant wholesalers","1","0","0","60",
"American Samoa","2015","424120","Stationery and office supplies merchant wholesalers","1","0","0","60",
"American Samoa","2015","42399","Other miscellaneous durable goods merchant wholesalers","1","0","0","60",
"American Samoa","2015","423990","Other miscellaneous durable goods merchant wholesalers","1","0","0","60",
"American Samoa","2015","424","Merchant wholesalers, nondurable goods","16","213","3866","60",
"American Samoa","2015","4241","Paper and paper product merchant wholesalers","2","0","0","60",
"American Samoa","2015","42412","Stationery and office supplies merchant wholesalers","1","0","0","60",
"American Samoa","2015","4243","Apparel, piece goods, and notions merchant wholesalers","3","9","388","60",
"American Samoa","2015","42413","Industrial and personal service paper merchant wholesalers","1","0","0","60",
"American Samoa","2015","424130","Industrial and personal service paper merchant wholesalers","1","0","0","60",
"American Samoa","2015","4242","Drugs and druggists' sundries merchant wholesalers","1","0","0","60",
"American Samoa","2015","42421","Drugs and druggists' sundries merchant wholesalers","1","0","0","60",
"American Samoa","2015","424210","Drugs and druggists' sundries merchant wholesalers","1","0","0","60",
"American Samoa","2015","42445","Confectionery merchant wholesalers","1","0","0","60",
"American Samoa","2015","42433","Women's, children's, and infants' clothing and accessories merchant wholesalers","3","9","388","60",
"American Samoa","2015","424330","Women's, children's, and infants' clothing and accessories merchant wholesalers","3","9","388","60",
"American Samoa","2015","4244","Grocery and related product merchant wholesalers","7","87","1154","60",
"American Samoa","2015","42441","General line grocery merchant wholesalers","4","71","919","60",
"American Samoa","2015","424410","General line grocery merchant wholesalers","4","71","919","60",
"American Samoa","2015","42448","Fresh fruit and vegetable merchant wholesalers","1","0","0","60",
"American Samoa","2015","424450","Confectionery merchant wholesalers","1","0","0","60",
"American Samoa","2015","42446","Fish and seafood merchant wholesalers","1","0","0","60",
"American Samoa","2015","424460","Fish and seafood merchant wholesalers","1","0","0","60",
"American Samoa","2015","42481","Beer and ale merchant wholesalers","1","0","0","60",
"American Samoa","2015","424480","Fresh fruit and vegetable merchant wholesalers","1","0","0","60",
"American Samoa","2015","4247","Petroleum and petroleum products merchant wholesalers","1","0","0","60",
"American Samoa","2015","42471","Petroleum bulk stations and terminals ","1","0","0","60",
"American Samoa","2015","424710","Petroleum bulk stations and terminals ","1","0","0","60",
"American Samoa","2015","4248","Beer, wine, and distilled alcoholic beverage merchant wholesalers","2","0","0","60",
"American Samoa","2015","42512","Wholesale trade agents and brokers","3","25","198","60",
"American Samoa","2015","424810","Beer and ale merchant wholesalers","1","0","0","60",
"American Samoa","2015","42482","Wine and distilled alcoholic beverage merchant wholesalers","1","0","0","60",
"American Samoa","2015","424820","Wine and distilled alcoholic beverage merchant wholesalers","1","0","0","60",
"American Samoa","2015","425","Wholesale electronic markets and agents and brokers","3","25","198","60",
"American Samoa","2015","4251","Wholesale electronic markets and agents and brokers","3","25","198","60",
"American Samoa","2015","4411","Automobile dealers","5","88","1724","60",
"American Samoa","2015","425120","Wholesale trade agents and brokers","3","25","198","60",
"American Samoa","2015","44-45","Retail trade","170","1465","20655","60",
"American Samoa","2015","441","Motor vehicle and parts dealers","7","91","1772","60",
"American Samoa","2015","44122","Motorcycle, boat, and other motor vehicle dealers","1","0","0","60",
"American Samoa","2015","44111","New car dealers","3","81","1685","60",
"American Samoa","2015","441110","New car dealers","3","81","1685","60",
"American Samoa","2015","44112","Used car dealers","2","0","0","60",
"American Samoa","2015","441120","Used car dealers","2","0","0","60",
"American Samoa","2015","4412","Other motor vehicle dealers","1","0","0","60",
"American Samoa","2015","441222","Boat dealers","1","0","0","60",
"American Samoa","2015","44211","Furniture stores","2","0","0","60",
"American Samoa","2015","4413","Automotive parts, accessories, and tire stores","1","0","0","60",
"American Samoa","2015","44132","Tire dealers","1","0","0","60",
"American Samoa","2015","441320","Tire dealers","1","0","0","60",
"American Samoa","2015","442","Furniture and home furnishings stores","4","7","186","60",
"American Samoa","2015","4421","Furniture stores","2","0","0","60",
"American Samoa","2015","442110","Furniture stores","2","0","0","60",
"American Samoa","2015","44314","Electronics and appliance stores","5","41","432","60",
"American Samoa","2015","4422","Home furnishings stores","2","0","0","60",
"American Samoa","2015","44229","Other home furnishings stores","2","0","0","60",
"American Samoa","2015","442299","All other home furnishings stores","2","0","0","60",
"American Samoa","2015","443","Electronics and appliance stores","5","41","432","60",
"American Samoa","2015","4431","Electronics and appliance stores","5","41","432","60",
"American Samoa","2015","44411","Home centers","3","0","0","60",
"American Samoa","2015","443142","Electronics stores","5","41","432","60",
"American Samoa","2015","444","Building material and garden equipment and supplies dealers","8","236","4384","60",
"American Samoa","2015","4441","Building material and supplies dealers","8","236","4384","60",
"American Samoa","2015","445","Food and beverage stores","83","478","5425","60",
"American Samoa","2015","444110","Home centers","3","0","0","60",
"American Samoa","2015","44413","Hardware stores","3","0","0","60",
"American Samoa","2015","444130","Hardware stores","3","0","0","60",
"American Samoa","2015","44419","Other building material dealers","2","0","0","60",
"American Samoa","2015","444190","Other building material dealers","2","0","0","60",
"American Samoa","2015","4451","Grocery stores","77","455","5128","60",
"American Samoa","2015","44521","Meat markets","1","0","0","60",
"American Samoa","2015","44511","Supermarkets and other grocery (except convenience) stores","73","448","5061","60",
"American Samoa","2015","445110","Supermarkets and other grocery (except convenience) stores","73","448","5061","60",
"American Samoa","2015","44512","Convenience stores","4","7","67","60",
"American Samoa","2015","445120","Convenience stores","4","7","67","60",
"American Samoa","2015","4452","Specialty food stores","4","21","284","60",
"American Samoa","2015","44529","Other specialty food stores","2","0","0","60",
"American Samoa","2015","445210","Meat markets","1","0","0","60",
"American Samoa","2015","44523","Fruit and vegetable markets","1","0","0","60",
"American Samoa","2015","445230","Fruit and vegetable markets","1","0","0","60",
"American Samoa","2015","446","Health and personal care stores","2","0","0","60",
"American Samoa","2015","445291","Baked goods stores","1","0","0","60",
"American Samoa","2015","445292","Confectionery and nut stores","1","0","0","60",
"American Samoa","2015","4453","Beer, wine, and liquor stores","2","0","0","60",
"American Samoa","2015","44531","Beer, wine, and liquor stores","2","0","0","60",
"American Samoa","2015","445310","Beer, wine, and liquor stores","2","0","0","60",
"American Samoa","2015","4461","Health and personal care stores","2","0","0","60",
"American Samoa","2015","4471","Gasoline stations","13","158","1641","60",
"American Samoa","2015","44611","Pharmacies and drug stores","1","0","0","60",
"American Samoa","2015","446110","Pharmacies and drug stores","1","0","0","60",
"American Samoa","2015","44612","Cosmetics, beauty supplies, and perfume stores","1","0","0","60",
"American Samoa","2015","446120","Cosmetics, beauty supplies, and perfume stores","1","0","0","60",
"American Samoa","2015","447","Gasoline stations","13","158","1641","60",
"American Samoa","2015","447190","Other gasoline stations","6","87","888","60",
"American Samoa","2015","44711","Gasoline stations with convenience stores","7","71","753","60",
"American Samoa","2015","447110","Gasoline stations with convenience stores","7","71","753","60",
"American Samoa","2015","44719","Other gasoline stations","6","87","888","60",
"American Samoa","2015","448140","Family clothing stores","5","39","634","60",
"American Samoa","2015","448","Clothing and clothing accessories stores","9","56","951","60",
"American Samoa","2015","4481","Clothing stores","7","43","657","60",
"American Samoa","2015","44812","Women's clothing stores","2","0","0","60",
"American Samoa","2015","448120","Women's clothing stores","2","0","0","60",
"American Samoa","2015","44814","Family clothing stores","5","39","634","60",
"American Samoa","2015","4482","Shoe stores","1","0","0","60",
"American Samoa","2015","451","Sporting goods, hobby, musical instrument, and book stores","6","21","240","60",
"American Samoa","2015","44821","Shoe stores","1","0","0","60",
"American Samoa","2015","448210","Shoe stores","1","0","0","60",
"American Samoa","2015","4483","Jewelry, luggage, and leather goods stores","1","0","0","60",
"American Samoa","2015","44831","Jewelry stores","1","0","0","60",
"American Samoa","2015","448310","Jewelry stores","1","0","0","60",
"American Samoa","2015","4511","Sporting goods, hobby, and musical instrument stores","5","20","227","60",
"American Samoa","2015","451140","Musical instrument and supplies stores","1","0","0","60",
"American Samoa","2015","45111","Sporting goods stores","2","0","0","60",
"American Samoa","2015","451110","Sporting goods stores","2","0","0","60",
"American Samoa","2015","45113","Sewing, needlework, and piece goods stores","2","0","0","60",
"American Samoa","2015","451130","Sewing, needlework, and piece goods stores","2","0","0","60",
"American Samoa","2015","45114","Musical instrument and supplies stores","1","0","0","60",
"American Samoa","2015","452","General merchandise stores","22","297","4386","60",
"American Samoa","2015","4512","Book stores and news dealers","1","0","0","60",
"American Samoa","2015","45121","Book stores and news dealers","1","0","0","60",
"American Samoa","2015","451211","Book stores","1","0","0","60",
"American Samoa","2015","452910","Warehouse clubs and supercenters","1","0","0","60",
"American Samoa","2015","4521","Department stores","2","0","0","60",
"American Samoa","2015","45211","Department stores","2","0","0","60",
"American Samoa","2015","452112","Discount department stores","2","0","0","60",
"American Samoa","2015","4529","Other general merchandise stores","20","287","4254","60",
"American Samoa","2015","45291","Warehouse clubs and supercenters","1","0","0","60",
"American Samoa","2015","45299","All other general merchandise stores","19","234","3400","60",
"American Samoa","2015","4532","Office supplies, stationery, and gift stores","4","15","214","60",
"American Samoa","2015","452990","All other general merchandise stores","19","234","3400","60",
"American Samoa","2015","453","Miscellaneous store retailers","8","41","465","60",
"American Samoa","2015","4531","Florists","1","0","0","60",
"American Samoa","2015","45311","Florists","1","0","0","60",
"American Samoa","2015","453110","Florists","1","0","0","60",
"American Samoa","2015","45321","Office supplies and stationery stores","1","0","0","60",
"American Samoa","2015","453991","Tobacco stores","2","0","0","60",
"American Samoa","2015","453210","Office supplies and stationery stores","1","0","0","60",
"American Samoa","2015","45322","Gift, novelty, and souvenir stores","3","15","200","60",
"American Samoa","2015","453220","Gift, novelty, and souvenir stores","3","15","200","60",
"American Samoa","2015","4539","Other miscellaneous store retailers","3","18","170","60",
"American Samoa","2015","45399","All other miscellaneous store retailers","3","18","170","60",
"American Samoa","2015","4543","Direct selling establishments","1","0","0","60",
"American Samoa","2015","453998","All other miscellaneous store retailers (except tobacco stores)","1","0","0","60",
"American Samoa","2015","454","Nonstore retailers","3","0","0","60",
"American Samoa","2015","4541","Electronic shopping and mail-order houses","2","0","0","60",
"American Samoa","2015","45411","Electronic shopping and mail-order houses","2","0","0","60",
"American Samoa","2015","454111","Electronic shopping","2","0","0","60",
"American Samoa","2015","45431","Fuel dealers","1","0","0","60",
"American Samoa","2015","481111","Scheduled passenger air transportation","2","0","0","60",
"American Samoa","2015","454310","Fuel dealers","1","0","0","60",
"American Samoa","2015","48-49","Transportation and warehousing","27","326","4649","60",
"American Samoa","2015","481","Air transportation","4","69","855","60",
"American Samoa","2015","4811","Scheduled air transportation","3","64","836","60",
"American Samoa","2015","48111","Scheduled air transportation","3","64","836","60",
"American Samoa","2015","481112","Scheduled freight air transportation","1","0","0","60",
"American Samoa","2015","48311","Deep sea, coastal, and great lakes water transportation","2","0","0","60",
"American Samoa","2015","4812","Nonscheduled air transportation","1","0","0","60",
"American Samoa","2015","48121","Nonscheduled air transportation","1","0","0","60",
"American Samoa","2015","481219","Other nonscheduled air transportation","1","0","0","60",
"American Samoa","2015","483","Water transportation","2","0","0","60",
"American Samoa","2015","4831","Deep sea, coastal, and great lakes water transportation","2","0","0","60",
"American Samoa","2015","4841","General freight trucking","2","0","0","60",
"American Samoa","2015","483111","Deep sea freight transportation","1","0","0","60",
"American Samoa","2015","483114","Coastal and great lakes passenger transportation","1","0","0","60",
"American Samoa","2015","484","Truck transportation","3","0","0","60",
"American Samoa","2015","485","Transit and ground passenger transportation","8","23","131","60",
"American Samoa","2015","48411","General freight trucking, local","2","0","0","60",
"American Samoa","2015","484110","General freight trucking, local","2","0","0","60",
"American Samoa","2015","4842","Specialized freight trucking","1","0","0","60",
"American Samoa","2015","48422","Specialized freight (except used goods) trucking, local","1","0","0","60",
"American Samoa","2015","484220","Specialized freight (except used goods) trucking, local","1","0","0","60",
"American Samoa","2015","485310","Taxi service","1","0","0","60",
"American Samoa","2015","4852","Interurban and rural bus transportation","3","9","88","60",
"American Samoa","2015","48521","Interurban and rural bus transportation","3","9","88","60",
"American Samoa","2015","485210","Interurban and rural bus transportation","3","9","88","60",
"American Samoa","2015","4853","Taxi and limousine service","4","1","9","60",
"American Samoa","2015","48531","Taxi service","1","0","0","60",
"American Samoa","2015","48532","Limousine service","3","1","4","60",
"American Samoa","2015","4881","Support activities for air transportation","1","0","0","60",
"American Samoa","2015","485320","Limousine service","3","1","4","60",
"American Samoa","2015","4854","School and employee bus transportation","1","0","0","60",
"American Samoa","2015","48541","School and employee bus transportation","1","0","0","60",
"American Samoa","2015","485410","School and employee bus transportation","1","0","0","60",
"American Samoa","2015","488","Support activities for transportation","8","51","1692","60",
"American Samoa","2015","48811","Airport operations","1","0","0","60",
"American Samoa","2015","488320","Marine cargo handling","1","0","0","60",
"American Samoa","2015","488119","Other airport operations","1","0","0","60",
"American Samoa","2015","4883","Support activities for water transportation","3","20","1092","60",
"American Samoa","2015","48831","Port and harbor operations","1","0","0","60",
"American Samoa","2015","488310","Port and harbor operations","1","0","0","60",
"American Samoa","2015","48832","Marine cargo handling","1","0","0","60",
"American Samoa","2015","48851","Freight transportation arrangement","4","26","559","60",
"American Samoa","2015","48839","Other support activities for water transportation","1","0","0","60",
"American Samoa","2015","488390","Other support activities for water transportation","1","0","0","60",
"American Samoa","2015","4885","Freight transportation arrangement","4","26","559","60",
"American Samoa","2015","493","Warehousing and storage","1","0","0","60",
"American Samoa","2015","488510","Freight transportation arrangement","4","26","559","60",
"American Samoa","2015","492","Couriers and messengers","1","0","0","60",
"American Samoa","2015","4921","Couriers and express delivery services","1","0","0","60",
"American Samoa","2015","49211","Couriers and express delivery services","1","0","0","60",
"American Samoa","2015","492110","Couriers and express delivery services","1","0","0","60",
"American Samoa","2015","51","Information","6","168","4024","60",
"American Samoa","2015","4931","Warehousing and storage","1","0","0","60",
"American Samoa","2015","49313","Farm product warehousing and storage","1","0","0","60",
"American Samoa","2015","493130","Farm product warehousing and storage","1","0","0","60",
"American Samoa","2015","5121","Motion picture and video industries","1","0","0","60",
"American Samoa","2015","511","Publishing industries (except internet)","1","0","0","60",
"American Samoa","2015","5111","Newspaper, periodical, book, and directory publishers","1","0","0","60",
"American Samoa","2015","51111","Newspaper publishers","1","0","0","60",
"American Samoa","2015","511110","Newspaper publishers","1","0","0","60",
"American Samoa","2015","512","Motion picture and sound recording industries","1","0","0","60",
"American Samoa","2015","51213","Motion picture and video exhibition","1","0","0","60",
"American Samoa","2015","517","Telecommunications","1","0","0","60",
"American Samoa","2015","512131","Motion picture theaters (except drive-ins)","1","0","0","60",
"American Samoa","2015","515","Broadcasting (except internet)","1","0","0","60",
"American Samoa","2015","5151","Radio and television broadcasting","1","0","0","60",
"American Samoa","2015","51511","Radio broadcasting","1","0","0","60",
"American Samoa","2015","515112","Radio stations","1","0","0","60",
"American Samoa","2015","51913","Internet publishing and broadcasting and web search portals","2","0","0","60",
"American Samoa","2015","5172","Wireless telecommunications carriers (except satellite)","1","0","0","60",
"American Samoa","2015","51721","Wireless telecommunications carriers (except satellite)","1","0","0","60",
"American Samoa","2015","517210","Wireless telecommunications carriers (except satellite)","1","0","0","60",
"American Samoa","2015","519","Other information services","2","0","0","60",
"American Samoa","2015","5191","Other information services","2","0","0","60",
"American Samoa","2015","519130","Internet publishing and broadcasting and web search portals","2","0","0","60",
"American Samoa","2015","5222","Nondepository credit intermediation","1","0","0","60",
"American Samoa","2015","52","Finance and insurance","10","110","2735","60",
"American Samoa","2015","522","Credit intermediation and related activities","5","93","2364","60",
"American Samoa","2015","5221","Depository credit intermediation","2","0","0","60",
"American Samoa","2015","52211","Commercial banking","2","0","0","60",
"American Samoa","2015","522110","Commercial banking","2","0","0","60",
"American Samoa","2015","52229","Other nondepository credit intermediation","1","0","0","60",
"American Samoa","2015","522390","Other activities related to credit intermediation","1","0","0","60",
"American Samoa","2015","522291","Consumer lending","1","0","0","60",
"American Samoa","2015","5223","Activities related to credit intermediation","2","0","0","60",
"American Samoa","2015","52232","Financial transactions processing, reserve, and clearinghouse activities","1","0","0","60",
"American Samoa","2015","522320","Financial transactions processing, reserve, and clearinghouse activities","1","0","0","60",
"American Samoa","2015","52239","Other activities related to credit intermediation","1","0","0","60",
"American Samoa","2015","531","Real estate","6","39","506","60",
"American Samoa","2015","524","Insurance carriers and related activities","5","17","371","60",
"American Samoa","2015","5242","Agencies, brokerages, and other insurance related activities","5","17","371","60",
"American Samoa","2015","52421","Insurance agencies and brokerages","5","17","371","60",
"American Samoa","2015","524210","Insurance agencies and brokerages","5","17","371","60",
"American Samoa","2015","53","Real estate and rental and leasing","13","67","878","60",
"American Samoa","2015","531210","Offices of real estate agents and brokers","1","0","0","60",
"American Samoa","2015","5311","Lessors of real estate","4","21","351","60",
"American Samoa","2015","53112","Lessors of nonresidential buildings (except miniwarehouses)","4","21","351","60",
"American Samoa","2015","531120","Lessors of nonresidential buildings (except miniwarehouses)","4","21","351","60",
"American Samoa","2015","5312","Offices of real estate agents and brokers","1","0","0","60",
"American Samoa","2015","53121","Offices of real estate agents and brokers","1","0","0","60",
"American Samoa","2015","5313","Activities related to real estate","1","0","0","60",
"American Samoa","2015","532111","Passenger car rental","5","18","231","60",
"American Samoa","2015","53131","Real estate property managers","1","0","0","60",
"American Samoa","2015","531311","Residential property managers","1","0","0","60",
"American Samoa","2015","532","Rental and leasing services","7","28","372","60",
"American Samoa","2015","5321","Automotive equipment rental and leasing","6","20","261","60",
"American Samoa","2015","53211","Passenger car rental and leasing","6","20","261","60",
"American Samoa","2015","532299","All other consumer goods rental","1","0","0","60",
"American Samoa","2015","532112","Passenger car leasing","1","0","0","60",
"American Samoa","2015","5322","Consumer goods rental","1","0","0","60",
"American Samoa","2015","53229","Other consumer goods rental","1","0","0","60",
"American Samoa","2015","54119","Other legal services","2","0","0","60",
"American Samoa","2015","54","Professional, scientific, and technical services","26","199","5788","60",
"American Samoa","2015","541","Professional, scientific, and technical services","26","199","5788","60",
"American Samoa","2015","5411","Legal services","7","16","962","60",
"American Samoa","2015","54111","Offices of lawyers","5","14","847","60",
"American Samoa","2015","541110","Offices of lawyers","5","14","847","60",
"American Samoa","2015","541199","All other legal services","2","0","0","60",
"American Samoa","2015","541330","Engineering services","3","0","0","60",
"American Samoa","2015","5412","Accounting, tax preparation, bookkeeping, and payroll services","8","37","982","60",
"American Samoa","2015","54121","Accounting, tax preparation, bookkeeping, and payroll services","8","37","982","60",
"American Samoa","2015","541211","Offices of certified public accountants","8","37","982","60",
"American Samoa","2015","5413","Architectural, engineering, and related services","4","0","0","60",
"American Samoa","2015","54133","Engineering services","3","0","0","60",
"American Samoa","2015","5415","Computer systems design and related services","1","0","0","60",
"American Samoa","2015","54137","Surveying and mapping (except geophysical) services","1","0","0","60",
"American Samoa","2015","541370","Surveying and mapping (except geophysical) services","1","0","0","60",
"American Samoa","2015","5414","Specialized design services","1","0","0","60",
"American Samoa","2015","54143","Graphic design services","1","0","0","60",
"American Samoa","2015","541430","Graphic design services","1","0","0","60",
"American Samoa","2015","54151","Computer systems design and related services","1","0","0","60",
"American Samoa","2015","541614","Process, physical distribution, and logistics consulting services","1","0","0","60",
"American Samoa","2015","541511","Custom computer programming services","1","0","0","60",
"American Samoa","2015","5416","Management, scientific, and technical consulting services","4","0","0","60",
"American Samoa","2015","54161","Management consulting services","4","0","0","60",
"American Samoa","2015","541611","Administrative management and general management consulting services","2","0","0","60",
"American Samoa","2015","541612","Human resources consulting services","1","0","0","60",
"American Samoa","2015","5511","Management of companies and enterprises","2","0","0","60",
"American Samoa","2015","5419","Other professional, scientific, and technical services","1","0","0","60",
"American Samoa","2015","54192","Photographic services","1","0","0","60",
"American Samoa","2015","541921","Photography studios, portrait","1","0","0","60",
"American Samoa","2015","55","Management of companies and enterprises","2","0","0","60",
"American Samoa","2015","551","Management of companies and enterprises","2","0","0","60",
"American Samoa","2015","55111","Management of companies and enterprises","2","0","0","60",
"American Samoa","2015","56111","Office administrative services","1","0","0","60",
"American Samoa","2015","551112","Offices of other holding companies","1","0","0","60",
"American Samoa","2015","551114","Corporate, subsidiary, and regional managing offices","1","0","0","60",
"American Samoa","2015","56","Administrative and support and waste management and remediation services","24","116","1679","60",
"American Samoa","2015","561","Administrative and support services","21","98","1384","60",
"American Samoa","2015","5611","Office administrative services","1","0","0","60",
"American Samoa","2015","561320","Temporary help services","1","0","0","60",
"American Samoa","2015","561110","Office administrative services","1","0","0","60",
"American Samoa","2015","5613","Employment services","1","0","0","60",
"American Samoa","2015","56132","Temporary help services","1","0","0","60",
"American Samoa","2015","561510","Travel agencies","5","15","185","60",
"American Samoa","2015","5614","Business support services","1","0","0","60",
"American Samoa","2015","56143","Business service centers","1","0","0","60",
"American Samoa","2015","561431","Private mail centers","1","0","0","60",
"American Samoa","2015","5615","Travel arrangement and reservation services","6","16","201","60",
"American Samoa","2015","56151","Travel agencies","5","15","185","60",
"American Samoa","2015","56152","Tour operators","1","0","0","60",
"American Samoa","2015","56162","Security systems services","1","0","0","60",
"American Samoa","2015","561520","Tour operators","1","0","0","60",
"American Samoa","2015","5616","Investigation and security services","4","33","341","60",
"American Samoa","2015","56161","Investigation, guard, and armored car services","3","30","293","60",
"American Samoa","2015","561612","Security guards and patrol services","2","0","0","60",
"American Samoa","2015","561613","Armored car services","1","0","0","60",
"American Samoa","2015","561710","Exterminating and pest control services","1","0","0","60",
"American Samoa","2015","561621","Security systems services (except locksmiths)","1","0","0","60",
"American Samoa","2015","5617","Services to buildings and dwellings","7","33","244","60",
"American Samoa","2015","56171","Exterminating and pest control services","1","0","0","60",
"American Samoa","2015","56199","All other support services","1","0","0","60",
"American Samoa","2015","56173","Landscaping services","5","28","206","60",
"American Samoa","2015","561730","Landscaping services","5","28","206","60",
"American Samoa","2015","56174","Carpet and upholstery cleaning services","1","0","0","60",
"American Samoa","2015","561740","Carpet and upholstery cleaning services","1","0","0","60",
"American Samoa","2015","5619","Other support services","1","0","0","60",
"American Samoa","2015","56211","Waste collection","1","0","0","60",
"American Samoa","2015","561990","All other support services","1","0","0","60",
"American Samoa","2015","562","Waste management and remediation services","3","18","295","60",
"American Samoa","2015","5621","Waste collection","1","0","0","60",
"American Samoa","2015","562998","All other miscellaneous waste management services","1","0","0","60",
"American Samoa","2015","562111","Solid waste collection","1","0","0","60",
"American Samoa","2015","5629","Remediation and other waste management services","2","0","0","60",
"American Samoa","2015","56291","Remediation services","1","0","0","60",
"American Samoa","2015","562910","Remediation services","1","0","0","60",
"American Samoa","2015","56299","All other waste management services","1","0","0","60",
"American Samoa","2015","61","Educational services","4","127","1760","60",
"American Samoa","2015","61171","Educational support services","1","0","0","60",
"American Samoa","2015","611","Educational services","4","127","1760","60",
"American Samoa","2015","6111","Elementary and secondary schools","3","122","1751","60",
"American Samoa","2015","61111","Elementary and secondary schools","3","122","1751","60",
"American Samoa","2015","611110","Elementary and secondary schools","3","122","1751","60",
"American Samoa","2015","6117","Educational support services","1","0","0","60",
"American Samoa","2015","6214","Outpatient care centers","2","0","0","60",
"American Samoa","2015","611710","Educational support services","1","0","0","60",
"American Samoa","2015","62","Health care and social assistance","15","0","0","60",
"American Samoa","2015","621","Ambulatory health care services","2","0","0","60",
"American Samoa","2015","6221","General medical and surgical hospitals","1","0","0","60",
"American Samoa","2015","62142","Outpatient mental health and substance abuse centers","1","0","0","60",
"American Samoa","2015","621420","Outpatient mental health and substance abuse centers","1","0","0","60",
"American Samoa","2015","62149","Other outpatient care centers","1","0","0","60",
"American Samoa","2015","621493","Freestanding ambulatory surgical and emergency centers","1","0","0","60",
"American Samoa","2015","622","Hospitals","1","0","0","60",
"American Samoa","2015","6233","Continuing care retirement communities and assisted living facilities for the elderly","1","0","0","60",
"American Samoa","2015","62211","General medical and surgical hospitals","1","0","0","60",
"American Samoa","2015","622110","General medical and surgical hospitals","1","0","0","60",
"American Samoa","2015","623","Nursing and residential care facilities","1","0","0","60",
"American Samoa","2015","624110","Child and youth services","1","0","0","60",
"American Samoa","2015","62331","Continuing care retirement communities and assisted living facilities for the elderly","1","0","0","60",
"American Samoa","2015","623312","Assisted living facilities for the elderly","1","0","0","60",
"American Samoa","2015","624","Social assistance","11","95","748","60",
"American Samoa","2015","6241","Individual and family services","3","0","0","60",
"American Samoa","2015","62411","Child and youth services","1","0","0","60",
"American Samoa","2015","62423","Emergency and other relief services","1","0","0","60",
"American Samoa","2015","62412","Services for the elderly and persons with disabilities","1","0","0","60",
"American Samoa","2015","624120","Services for the elderly and persons with disabilities","1","0","0","60",
"American Samoa","2015","62419","Other individual and family services","1","0","0","60",
"American Samoa","2015","624190","Other individual and family services","1","0","0","60",
"American Samoa","2015","6242","Community food and housing, and emergency and other relief services","1","0","0","60",
"American Samoa","2015","624410","Child day care services","7","78","395","60",
"American Samoa","2015","624230","Emergency and other relief services","1","0","0","60",
"American Samoa","2015","6244","Child day care services","7","78","395","60",
"American Samoa","2015","62441","Child day care services","7","78","395","60",
"American Samoa","2015","72","Accommodation and food services","40","448","6335","60",
"American Samoa","2015","71","Arts, entertainment, and recreation","1","0","0","60",
"American Samoa","2015","713","Amusement, gambling, and recreation industries","1","0","0","60",
"American Samoa","2015","7139","Other amusement and recreation industries","1","0","0","60",
"American Samoa","2015","71394","Fitness and recreational sports centers","1","0","0","60",
"American Samoa","2015","713940","Fitness and recreational sports centers","1","0","0","60",
"American Samoa","2015","721110","Hotels (except casino hotels) and motels","5","123","1956","60",
"American Samoa","2015","721","Accommodation","5","123","1956","60",
"American Samoa","2015","7211","Traveler accommodation","5","123","1956","60",
"American Samoa","2015","72111","Hotels (except casino hotels) and motels","5","123","1956","60",
"American Samoa","2015","722320","Caterers","1","0","0","60",
"American Samoa","2015","722","Food services and drinking places","35","325","4379","60",
"American Samoa","2015","7223","Special food services","3","10","41","60",
"American Samoa","2015","72231","Food service contractors","2","0","0","60",
"American Samoa","2015","722310","Food service contractors","2","0","0","60",
"American Samoa","2015","72232","Caterers","1","0","0","60",
"American Samoa","2015","7224","Drinking places (alcoholic beverages)","3","6","158","60",
"American Samoa","2015","722513","Limited-service restaurants","18","256","3767","60",
"American Samoa","2015","72241","Drinking places (alcoholic beverages)","3","6","158","60",
"American Samoa","2015","722410","Drinking places (alcoholic beverages)","3","6","158","60",
"American Samoa","2015","7225","Restaurants and other eating places","29","309","4180","60",
"American Samoa","2015","72251","Restaurants and other eating places","29","309","4180","60",
"American Samoa","2015","722511","Full-service restaurants","11","53","413","60",
"American Samoa","2015","81111","Automotive mechanical and electrical repair and maintenance","5","13","177","60",
"American Samoa","2015","81","Other services (except public administration)","45","399","4627","60",
"American Samoa","2015","811","Repair and maintenance","14","84","1016","60",
"American Samoa","2015","8111","Automotive repair and maintenance","6","32","343","60",
"American Samoa","2015","81121","Electronic and precision equipment repair and maintenance","1","0","0","60",
"American Samoa","2015","811111","General automotive repair","3","6","72","60",
"American Samoa","2015","811112","Automotive exhaust system repair","2","0","0","60",
"American Samoa","2015","81119","Other automotive repair and maintenance","1","0","0","60",
"American Samoa","2015","811192","Car washes","1","0","0","60",
"American Samoa","2015","8112","Electronic and precision equipment repair and maintenance","1","0","0","60",
"American Samoa","2015","81149","Other personal and household goods repair and maintenance","1","0","0","60",
"American Samoa","2015","811219","Other electronic and precision equipment repair and maintenance","1","0","0","60",
"American Samoa","2015","8113","Commercial and industrial machinery and equipment (except automotive and electronic) repair and maintenance","5","27","334","60",
"American Samoa","2015","81131","Commercial and industrial machinery and equipment (except automotive and electronic) repair and maintenance","5","27","334","60",
"American Samoa","2015","811310","Commercial and industrial machinery and equipment (except automotive and electronic) repair and maintenance","5","27","334","60",
"American Samoa","2015","8114","Personal and household goods repair and maintenance","2","0","0","60",
"American Samoa","2015","81141","Home and garden equipment and appliance repair and maintenance","1","0","0","60",
"American Samoa","2015","811412","Appliance repair and maintenance","1","0","0","60",
"American Samoa","2015","81211","Hair, nail, and skin care services","2","0","0","60",
"American Samoa","2015","811490","Other personal and household goods repair and maintenance","1","0","0","60",
"American Samoa","2015","812","Personal and laundry services","14","71","624","60",
"American Samoa","2015","8121","Personal care services","3","9","62","60",
"American Samoa","2015","81221","Funeral homes and funeral services","1","0","0","60",
"American Samoa","2015","812111","Barber shops","1","0","0","60",
"American Samoa","2015","812112","Beauty salons","1","0","0","60",
"American Samoa","2015","81219","Other personal care services","1","0","0","60",
"American Samoa","2015","812199","Other personal care services","1","0","0","60",
"American Samoa","2015","8122","Death care services","2","0","0","60",
"American Samoa","2015","812210","Funeral homes and funeral services","1","0","0","60",
"American Samoa","2015","81232","Drycleaning and laundry services (except coin-operated)","1","0","0","60",
"American Samoa","2015","81222","Cemeteries and crematories","1","0","0","60",
"American Samoa","2015","812220","Cemeteries and crematories","1","0","0","60",
"American Samoa","2015","8123","Drycleaning and laundry services","8","54","447","60",
"American Samoa","2015","81231","Coin-operated laundries and drycleaners","7","50","417","60",
"American Samoa","2015","812310","Coin-operated laundries and drycleaners","7","50","417","60",
"American Samoa","2015","812921","Photofinishing laboratories (except one-hour)","1","0","0","60",
"American Samoa","2015","812320","Drycleaning and laundry services (except coin-operated)","1","0","0","60",
"American Samoa","2015","8129","Other personal services","1","0","0","60",
"American Samoa","2015","81292","Photofinishing","1","0","0","60",
"American Samoa","2015","81341","Civic and social organizations","2","0","0","60",
"American Samoa","2015","813","Religious, grantmaking, civic, professional, and similar organizations","17","244","2987","60",
"American Samoa","2015","8131","Religious organizations","13","224","2672","60",
"American Samoa","2015","81311","Religious organizations","13","224","2672","60",
"American Samoa","2015","813110","Religious organizations","13","224","2672","60",
"American Samoa","2015","8134","Civic and social organizations","2","0","0","60",
"American Samoa","2015","99","Industries not classified","9","26","269","60",
"American Samoa","2015","813410","Civic and social organizations","2","0","0","60",
"American Samoa","2015","8139","Business, professional, labor, political, and similar organizations","2","0","0","60",
"American Samoa","2015","81392","Professional organizations","2","0","0","60",
"American Samoa","2015","813920","Professional organizations","2","0","0","60"
