locale,fips,value (percent),people (female),rank within us,age,areatype,demo,file_name,race,sex,source_url,stateFIPS,topic,type,people (male)
United States,0.0,50.8,162985654.0,,1,country,105,demographics_026.csv,0,0,https://www.statecancerprofiles.cancer.gov/demographics/index.php?stateFIPS=01&areatype=county&topic=pop&demo=00105&race=00&sex=0&age=001&type=manyareacensus&sortVariableName=value&sortOrder=asc&output=1,1,pop,manyareacensus,
Alabama,1000.0,51.5,2499965.0,49 of 52,1,state,105,demographics_026.csv,0,0,https://www.statecancerprofiles.cancer.gov/demographics/index.php?stateFIPS=01&areatype=county&topic=pop&demo=00105&race=00&sex=0&age=001&type=manyareacensus&sortVariableName=value&sortOrder=asc&output=1,1,pop,manyareacensus,
Bibb County,1007.0,45.7,10329.0,146 of 3141,1,county,105,demographics_026.csv,0,0,https://www.statecancerprofiles.cancer.gov/demographics/index.php?stateFIPS=01&areatype=county&topic=pop&demo=00105&race=00&sex=0&age=001&type=manyareacensus&sortVariableName=value&sortOrder=asc&output=1,1,pop,manyareacensus,
Bullock County,1011.0,46.4,4862.0,189 of 3141,1,county,105,demographics_026.csv,0,0,https://www.statecancerprofiles.cancer.gov/demographics/index.php?stateFIPS=01&areatype=county&topic=pop&demo=00105&race=00&sex=0&age=001&type=manyareacensus&sortVariableName=value&sortOrder=asc&output=1,1,pop,manyareacensus,
Barbour County,1005.0,46.7,12225.0,214 of 3141,1,county,105,demographics_026.csv,0,0,https://www.statecancerprofiles.cancer.gov/demographics/index.php?stateFIPS=01&areatype=county&topic=pop&demo=00105&race=00&sex=0&age=001&type=manyareacensus&sortVariableName=value&sortOrder=asc&output=1,1,pop,manyareacensus,
Escambia County,1053.0,48.6,18295.0,489 of 3141,1,county,105,demographics_026.csv,0,0,https://www.statecancerprofiles.cancer.gov/demographics/index.php?stateFIPS=01&areatype=county&topic=pop&demo=00105&race=00&sex=0&age=001&type=manyareacensus&sortVariableName=value&sortOrder=asc&output=1,1,pop,manyareacensus,
Franklin County,1059.0,49.8,15689.0,1022 of 3141,1,county,105,demographics_026.csv,0,0,https://www.statecancerprofiles.cancer.gov/demographics/index.php?stateFIPS=01&areatype=county&topic=pop&demo=00105&race=00&sex=0&age=001&type=manyareacensus&sortVariableName=value&sortOrder=asc&output=1,1,pop,manyareacensus,
Limestone County,1083.0,50.0,45806.0,1159 of 3141,1,county,105,demographics_026.csv,0,0,https://www.statecancerprofiles.cancer.gov/demographics/index.php?stateFIPS=01&areatype=county&topic=pop&demo=00105&race=00&sex=0&age=001&type=manyareacensus&sortVariableName=value&sortOrder=asc&output=1,1,pop,manyareacensus,
St. Clair County,1115.0,50.0,43468.0,1191 of 3141,1,county,105,demographics_026.csv,0,0,https://www.statecancerprofiles.cancer.gov/demographics/index.php?stateFIPS=01&areatype=county&topic=pop&demo=00105&race=00&sex=0&age=001&type=manyareacensus&sortVariableName=value&sortOrder=asc&output=1,1,pop,manyareacensus,
Coosa County,1037.0,50.0,5481.0,1226 of 3141,1,county,105,demographics_026.csv,0,0,https://www.statecancerprofiles.cancer.gov/demographics/index.php?stateFIPS=01&areatype=county&topic=pop&demo=00105&race=00&sex=0&age=001&type=manyareacensus&sortVariableName=value&sortOrder=asc&output=1,1,pop,manyareacensus,
Washington County,1129.0,50.2,8404.0,1364 of 3141,1,county,105,demographics_026.csv,0,0,https://www.statecancerprofiles.cancer.gov/demographics/index.php?stateFIPS=01&areatype=county&topic=pop&demo=00105&race=00&sex=0&age=001&type=manyareacensus&sortVariableName=value&sortOrder=asc&output=1,1,pop,manyareacensus,
Cherokee County,1019.0,50.3,12993.0,1427 of 3141,1,county,105,demographics_026.csv,0,0,https://www.statecancerprofiles.cancer.gov/demographics/index.php?stateFIPS=01&areatype=county&topic=pop&demo=00105&race=00&sex=0&age=001&type=manyareacensus&sortVariableName=value&sortOrder=asc&output=1,1,pop,manyareacensus,
Dale County,1045.0,50.3,24869.0,1519 of 3141,1,county,105,demographics_026.csv,0,0,https://www.statecancerprofiles.cancer.gov/demographics/index.php?stateFIPS=01&areatype=county&topic=pop&demo=00105&race=00&sex=0&age=001&type=manyareacensus&sortVariableName=value&sortOrder=asc&output=1,1,pop,manyareacensus,
DeKalb County,1049.0,50.4,35866.0,1548 of 3141,1,county,105,demographics_026.csv,0,0,https://www.statecancerprofiles.cancer.gov/demographics/index.php?stateFIPS=01&areatype=county&topic=pop&demo=00105&race=00&sex=0&age=001&type=manyareacensus&sortVariableName=value&sortOrder=asc&output=1,1,pop,manyareacensus,
Marion County,1093.0,50.5,15178.0,1678 of 3141,1,county,105,demographics_026.csv,0,0,https://www.statecancerprofiles.cancer.gov/demographics/index.php?stateFIPS=01&areatype=county&topic=pop&demo=00105&race=00&sex=0&age=001&type=manyareacensus&sortVariableName=value&sortOrder=asc&output=1,1,pop,manyareacensus,
Winston County,1133.0,50.6,12118.0,1755 of 3141,1,county,105,demographics_026.csv,0,0,https://www.statecancerprofiles.cancer.gov/demographics/index.php?stateFIPS=01&areatype=county&topic=pop&demo=00105&race=00&sex=0&age=001&type=manyareacensus&sortVariableName=value&sortOrder=asc&output=1,1,pop,manyareacensus,
Blount County,1009.0,50.6,29177.0,1796 of 3141,1,county,105,demographics_026.csv,0,0,https://www.statecancerprofiles.cancer.gov/demographics/index.php?stateFIPS=01&areatype=county&topic=pop&demo=00105&race=00&sex=0&age=001&type=manyareacensus&sortVariableName=value&sortOrder=asc&output=1,1,pop,manyareacensus,
Coffee County,1031.0,50.6,25848.0,1815 of 3141,1,county,105,demographics_026.csv,0,0,https://www.statecancerprofiles.cancer.gov/demographics/index.php?stateFIPS=01&areatype=county&topic=pop&demo=00105&race=00&sex=0&age=001&type=manyareacensus&sortVariableName=value&sortOrder=asc&output=1,1,pop,manyareacensus,
Marshall County,1095.0,50.6,47967.0,1852 of 3141,1,county,105,demographics_026.csv,0,0,https://www.statecancerprofiles.cancer.gov/demographics/index.php?stateFIPS=01&areatype=county&topic=pop&demo=00105&race=00&sex=0&age=001&type=manyareacensus&sortVariableName=value&sortOrder=asc&output=1,1,pop,manyareacensus,
Cleburne County,1029.0,50.7,7572.0,1930 of 3141,1,county,105,demographics_026.csv,0,0,https://www.statecancerprofiles.cancer.gov/demographics/index.php?stateFIPS=01&areatype=county&topic=pop&demo=00105&race=00&sex=0&age=001&type=manyareacensus&sortVariableName=value&sortOrder=asc&output=1,1,pop,manyareacensus,
Morgan County,1103.0,50.7,60396.0,1930 of 3141,1,county,105,demographics_026.csv,0,0,https://www.statecancerprofiles.cancer.gov/demographics/index.php?stateFIPS=01&areatype=county&topic=pop&demo=00105&race=00&sex=0&age=001&type=manyareacensus&sortVariableName=value&sortOrder=asc&output=1,1,pop,manyareacensus,
Lee County,1081.0,50.7,79425.0,1962 of 3141,1,county,105,demographics_026.csv,0,0,https://www.statecancerprofiles.cancer.gov/demographics/index.php?stateFIPS=01&areatype=county&topic=pop&demo=00105&race=00&sex=0&age=001&type=manyareacensus&sortVariableName=value&sortOrder=asc&output=1,1,pop,manyareacensus,
Cullman County,1043.0,50.8,41480.0,2023 of 3141,1,county,105,demographics_026.csv,0,0,https://www.statecancerprofiles.cancer.gov/demographics/index.php?stateFIPS=01&areatype=county&topic=pop&demo=00105&race=00&sex=0&age=001&type=manyareacensus&sortVariableName=value&sortOrder=asc&output=1,1,pop,manyareacensus,
Chilton County,1021.0,50.8,22251.0,2046 of 3141,1,county,105,demographics_026.csv,0,0,https://www.statecancerprofiles.cancer.gov/demographics/index.php?stateFIPS=01&areatype=county&topic=pop&demo=00105&race=00&sex=0&age=001&type=manyareacensus&sortVariableName=value&sortOrder=asc&output=1,1,pop,manyareacensus,
Fayette County,1057.0,50.8,8466.0,2082 of 3141,1,county,105,demographics_026.csv,0,0,https://www.statecancerprofiles.cancer.gov/demographics/index.php?stateFIPS=01&areatype=county&topic=pop&demo=00105&race=00&sex=0&age=001&type=manyareacensus&sortVariableName=value&sortOrder=asc&output=1,1,pop,manyareacensus,
Jackson County,1071.0,50.9,26614.0,2119 of 3141,1,county,105,demographics_026.csv,0,0,https://www.statecancerprofiles.cancer.gov/demographics/index.php?stateFIPS=01&areatype=county&topic=pop&demo=00105&race=00&sex=0&age=001&type=manyareacensus&sortVariableName=value&sortOrder=asc&output=1,1,pop,manyareacensus,
Lamar County,1075.0,51.0,7146.0,2220 of 3141,1,county,105,demographics_026.csv,0,0,https://www.statecancerprofiles.cancer.gov/demographics/index.php?stateFIPS=01&areatype=county&topic=pop&demo=00105&race=00&sex=0&age=001&type=manyareacensus&sortVariableName=value&sortOrder=asc&output=1,1,pop,manyareacensus,
Geneva County,1061.0,51.0,13564.0,2289 of 3141,1,county,105,demographics_026.csv,0,0,https://www.statecancerprofiles.cancer.gov/demographics/index.php?stateFIPS=01&areatype=county&topic=pop&demo=00105&race=00&sex=0&age=001&type=manyareacensus&sortVariableName=value&sortOrder=asc&output=1,1,pop,manyareacensus,
Baldwin County,1003.0,51.1,103833.0,2305 of 3141,1,county,105,demographics_026.csv,0,0,https://www.statecancerprofiles.cancer.gov/demographics/index.php?stateFIPS=01&areatype=county&topic=pop&demo=00105&race=00&sex=0&age=001&type=manyareacensus&sortVariableName=value&sortOrder=asc&output=1,1,pop,manyareacensus,
Crenshaw County,1041.0,51.1,7080.0,2310 of 3141,1,county,105,demographics_026.csv,0,0,https://www.statecancerprofiles.cancer.gov/demographics/index.php?stateFIPS=01&areatype=county&topic=pop&demo=00105&race=00&sex=0&age=001&type=manyareacensus&sortVariableName=value&sortOrder=asc&output=1,1,pop,manyareacensus,
Autauga County,1001.0,51.1,28137.0,2377 of 3141,1,county,105,demographics_026.csv,0,0,https://www.statecancerprofiles.cancer.gov/demographics/index.php?stateFIPS=01&areatype=county&topic=pop&demo=00105&race=00&sex=0&age=001&type=manyareacensus&sortVariableName=value&sortOrder=asc&output=1,1,pop,manyareacensus,
Madison County,1089.0,51.1,180645.0,2396 of 3141,1,county,105,demographics_026.csv,0,0,https://www.statecancerprofiles.cancer.gov/demographics/index.php?stateFIPS=01&areatype=county&topic=pop&demo=00105&race=00&sex=0&age=001&type=manyareacensus&sortVariableName=value&sortOrder=asc&output=1,1,pop,manyareacensus,
Walker County,1127.0,51.2,33218.0,2412 of 3141,1,county,105,demographics_026.csv,0,0,https://www.statecancerprofiles.cancer.gov/demographics/index.php?stateFIPS=01&areatype=county&topic=pop&demo=00105&race=00&sex=0&age=001&type=manyareacensus&sortVariableName=value&sortOrder=asc&output=1,1,pop,manyareacensus,
Randolph County,1111.0,51.2,11532.0,2437 of 3141,1,county,105,demographics_026.csv,0,0,https://www.statecancerprofiles.cancer.gov/demographics/index.php?stateFIPS=01&areatype=county&topic=pop&demo=00105&race=00&sex=0&age=001&type=manyareacensus&sortVariableName=value&sortOrder=asc&output=1,1,pop,manyareacensus,
Russell County,1113.0,51.4,30056.0,2589 of 3141,1,county,105,demographics_026.csv,0,0,https://www.statecancerprofiles.cancer.gov/demographics/index.php?stateFIPS=01&areatype=county&topic=pop&demo=00105&race=00&sex=0&age=001&type=manyareacensus&sortVariableName=value&sortOrder=asc&output=1,1,pop,manyareacensus,
Elmore County,1051.0,51.4,41632.0,2596 of 3141,1,county,105,demographics_026.csv,0,0,https://www.statecancerprofiles.cancer.gov/demographics/index.php?stateFIPS=01&areatype=county&topic=pop&demo=00105&race=00&sex=0&age=001&type=manyareacensus&sortVariableName=value&sortOrder=asc&output=1,1,pop,manyareacensus,
Shelby County,1117.0,51.4,107301.0,2598 of 3141,1,county,105,demographics_026.csv,0,0,https://www.statecancerprofiles.cancer.gov/demographics/index.php?stateFIPS=01&areatype=county&topic=pop&demo=00105&race=00&sex=0&age=001&type=manyareacensus&sortVariableName=value&sortOrder=asc&output=1,1,pop,manyareacensus,
Lawrence County,1079.0,51.4,17124.0,2619 of 3141,1,county,105,demographics_026.csv,0,0,https://www.statecancerprofiles.cancer.gov/demographics/index.php?stateFIPS=01&areatype=county&topic=pop&demo=00105&race=00&sex=0&age=001&type=manyareacensus&sortVariableName=value&sortOrder=asc&output=1,1,pop,manyareacensus,
Talladega County,1121.0,51.6,41748.0,2719 of 3141,1,county,105,demographics_026.csv,0,0,https://www.statecancerprofiles.cancer.gov/demographics/index.php?stateFIPS=01&areatype=county&topic=pop&demo=00105&race=00&sex=0&age=001&type=manyareacensus&sortVariableName=value&sortOrder=asc&output=1,1,pop,manyareacensus,
Covington County,1039.0,51.7,19386.0,2756 of 3141,1,county,105,demographics_026.csv,0,0,https://www.statecancerprofiles.cancer.gov/demographics/index.php?stateFIPS=01&areatype=county&topic=pop&demo=00105&race=00&sex=0&age=001&type=manyareacensus&sortVariableName=value&sortOrder=asc&output=1,1,pop,manyareacensus,
Tuscaloosa County,1125.0,51.7,105699.0,2777 of 3141,1,county,105,demographics_026.csv,0,0,https://www.statecancerprofiles.cancer.gov/demographics/index.php?stateFIPS=01&areatype=county&topic=pop&demo=00105&race=00&sex=0&age=001&type=manyareacensus&sortVariableName=value&sortOrder=asc&output=1,1,pop,manyareacensus,
Clay County,1027.0,51.7,6936.0,2787 of 3141,1,county,105,demographics_026.csv,0,0,https://www.statecancerprofiles.cancer.gov/demographics/index.php?stateFIPS=01&areatype=county&topic=pop&demo=00105&race=00&sex=0&age=001&type=manyareacensus&sortVariableName=value&sortOrder=asc&output=1,1,pop,manyareacensus,
Etowah County,1055.0,51.8,53394.0,2806 of 3141,1,county,105,demographics_026.csv,0,0,https://www.statecancerprofiles.cancer.gov/demographics/index.php?stateFIPS=01&areatype=county&topic=pop&demo=00105&race=00&sex=0&age=001&type=manyareacensus&sortVariableName=value&sortOrder=asc&output=1,1,pop,manyareacensus,
Chambers County,1017.0,51.9,17575.0,2846 of 3141,1,county,105,demographics_026.csv,0,0,https://www.statecancerprofiles.cancer.gov/demographics/index.php?stateFIPS=01&areatype=county&topic=pop&demo=00105&race=00&sex=0&age=001&type=manyareacensus&sortVariableName=value&sortOrder=asc&output=1,1,pop,manyareacensus,
Tallapoosa County,1123.0,51.9,21140.0,2856 of 3141,1,county,105,demographics_026.csv,0,0,https://www.statecancerprofiles.cancer.gov/demographics/index.php?stateFIPS=01&areatype=county&topic=pop&demo=00105&race=00&sex=0&age=001&type=manyareacensus&sortVariableName=value&sortOrder=asc&output=1,1,pop,manyareacensus,
Calhoun County,1015.0,51.9,59934.0,2859 of 3141,1,county,105,demographics_026.csv,0,0,https://www.statecancerprofiles.cancer.gov/demographics/index.php?stateFIPS=01&areatype=county&topic=pop&demo=00105&race=00&sex=0&age=001&type=manyareacensus&sortVariableName=value&sortOrder=asc&output=1,1,pop,manyareacensus,
Colbert County,1033.0,52.0,28292.0,2886 of 3141,1,county,105,demographics_026.csv,0,0,https://www.statecancerprofiles.cancer.gov/demographics/index.php?stateFIPS=01&areatype=county&topic=pop&demo=00105&race=00&sex=0&age=001&type=manyareacensus&sortVariableName=value&sortOrder=asc&output=1,1,pop,manyareacensus,
Henry County,1067.0,52.0,8902.0,2900 of 3141,1,county,105,demographics_026.csv,0,0,https://www.statecancerprofiles.cancer.gov/demographics/index.php?stateFIPS=01&areatype=county&topic=pop&demo=00105&race=00&sex=0&age=001&type=manyareacensus&sortVariableName=value&sortOrder=asc&output=1,1,pop,manyareacensus,
Houston County,1069.0,52.1,54203.0,2910 of 3141,1,county,105,demographics_026.csv,0,0,https://www.statecancerprofiles.cancer.gov/demographics/index.php?stateFIPS=01&areatype=county&topic=pop&demo=00105&race=00&sex=0&age=001&type=manyareacensus&sortVariableName=value&sortOrder=asc&output=1,1,pop,manyareacensus,
Perry County,1105.0,52.2,5050.0,2946 of 3141,1,county,105,demographics_026.csv,0,0,https://www.statecancerprofiles.cancer.gov/demographics/index.php?stateFIPS=01&areatype=county&topic=pop&demo=00105&race=00&sex=0&age=001&type=manyareacensus&sortVariableName=value&sortOrder=asc&output=1,1,pop,manyareacensus,
Lauderdale County,1077.0,52.2,48327.0,2951 of 3141,1,county,105,demographics_026.csv,0,0,https://www.statecancerprofiles.cancer.gov/demographics/index.php?stateFIPS=01&areatype=county&topic=pop&demo=00105&race=00&sex=0&age=001&type=manyareacensus&sortVariableName=value&sortOrder=asc&output=1,1,pop,manyareacensus,
Mobile County,1097.0,52.2,216360.0,2955 of 3141,1,county,105,demographics_026.csv,0,0,https://www.statecancerprofiles.cancer.gov/demographics/index.php?stateFIPS=01&areatype=county&topic=pop&demo=00105&race=00&sex=0&age=001&type=manyareacensus&sortVariableName=value&sortOrder=asc&output=1,1,pop,manyareacensus,
Pike County,1109.0,52.2,17390.0,2956 of 3141,1,county,105,demographics_026.csv,0,0,https://www.statecancerprofiles.cancer.gov/demographics/index.php?stateFIPS=01&areatype=county&topic=pop&demo=00105&race=00&sex=0&age=001&type=manyareacensus&sortVariableName=value&sortOrder=asc&output=1,1,pop,manyareacensus,
Conecuh County,1035.0,52.2,6609.0,2964 of 3141,1,county,105,demographics_026.csv,0,0,https://www.statecancerprofiles.cancer.gov/demographics/index.php?stateFIPS=01&areatype=county&topic=pop&demo=00105&race=00&sex=0&age=001&type=manyareacensus&sortVariableName=value&sortOrder=asc&output=1,1,pop,manyareacensus,
Monroe County,1099.0,52.4,11390.0,2981 of 3141,1,county,105,demographics_026.csv,0,0,https://www.statecancerprofiles.cancer.gov/demographics/index.php?stateFIPS=01&areatype=county&topic=pop&demo=00105&race=00&sex=0&age=001&type=manyareacensus&sortVariableName=value&sortOrder=asc&output=1,1,pop,manyareacensus,
Pickens County,1107.0,52.4,10569.0,2984 of 3141,1,county,105,demographics_026.csv,0,0,https://www.statecancerprofiles.cancer.gov/demographics/index.php?stateFIPS=01&areatype=county&topic=pop&demo=00105&race=00&sex=0&age=001&type=manyareacensus&sortVariableName=value&sortOrder=asc&output=1,1,pop,manyareacensus,
Choctaw County,1023.0,52.4,6911.0,2985 of 3141,1,county,105,demographics_026.csv,0,0,https://www.statecancerprofiles.cancer.gov/demographics/index.php?stateFIPS=01&areatype=county&topic=pop&demo=00105&race=00&sex=0&age=001&type=manyareacensus&sortVariableName=value&sortOrder=asc&output=1,1,pop,manyareacensus,
Greene County,1063.0,52.4,4475.0,2998 of 3141,1,county,105,demographics_026.csv,0,0,https://www.statecancerprofiles.cancer.gov/demographics/index.php?stateFIPS=01&areatype=county&topic=pop&demo=00105&race=00&sex=0&age=001&type=manyareacensus&sortVariableName=value&sortOrder=asc&output=1,1,pop,manyareacensus,
Jefferson County,1073.0,52.6,347127.0,3021 of 3141,1,county,105,demographics_026.csv,0,0,https://www.statecancerprofiles.cancer.gov/demographics/index.php?stateFIPS=01&areatype=county&topic=pop&demo=00105&race=00&sex=0&age=001&type=manyareacensus&sortVariableName=value&sortOrder=asc&output=1,1,pop,manyareacensus,
Montgomery County,1101.0,52.7,119650.0,3028 of 3141,1,county,105,demographics_026.csv,0,0,https://www.statecancerprofiles.cancer.gov/demographics/index.php?stateFIPS=01&areatype=county&topic=pop&demo=00105&race=00&sex=0&age=001&type=manyareacensus&sortVariableName=value&sortOrder=asc&output=1,1,pop,manyareacensus,
Clarke County,1025.0,52.7,12976.0,3029 of 3141,1,county,105,demographics_026.csv,0,0,https://www.statecancerprofiles.cancer.gov/demographics/index.php?stateFIPS=01&areatype=county&topic=pop&demo=00105&race=00&sex=0&age=001&type=manyareacensus&sortVariableName=value&sortOrder=asc&output=1,1,pop,manyareacensus,
Lowndes County,1085.0,52.8,5466.0,3036 of 3141,1,county,105,demographics_026.csv,0,0,https://www.statecancerprofiles.cancer.gov/demographics/index.php?stateFIPS=01&areatype=county&topic=pop&demo=00105&race=00&sex=0&age=001&type=manyareacensus&sortVariableName=value&sortOrder=asc&output=1,1,pop,manyareacensus,
Hale County,1065.0,53.0,7946.0,3062 of 3141,1,county,105,demographics_026.csv,0,0,https://www.statecancerprofiles.cancer.gov/demographics/index.php?stateFIPS=01&areatype=county&topic=pop&demo=00105&race=00&sex=0&age=001&type=manyareacensus&sortVariableName=value&sortOrder=asc&output=1,1,pop,manyareacensus,
Butler County,1013.0,53.2,10710.0,3085 of 3141,1,county,105,demographics_026.csv,0,0,https://www.statecancerprofiles.cancer.gov/demographics/index.php?stateFIPS=01&areatype=county&topic=pop&demo=00105&race=00&sex=0&age=001&type=manyareacensus&sortVariableName=value&sortOrder=asc&output=1,1,pop,manyareacensus,
Marengo County,1091.0,53.2,10508.0,3087 of 3141,1,county,105,demographics_026.csv,0,0,https://www.statecancerprofiles.cancer.gov/demographics/index.php?stateFIPS=01&areatype=county&topic=pop&demo=00105&race=00&sex=0&age=001&type=manyareacensus&sortVariableName=value&sortOrder=asc&output=1,1,pop,manyareacensus,
Wilcox County,1131.0,53.3,5823.0,3090 of 3141,1,county,105,demographics_026.csv,0,0,https://www.statecancerprofiles.cancer.gov/demographics/index.php?stateFIPS=01&areatype=county&topic=pop&demo=00105&race=00&sex=0&age=001&type=manyareacensus&sortVariableName=value&sortOrder=asc&output=1,1,pop,manyareacensus,
Dallas County,1047.0,53.8,21946.0,3109 of 3141,1,county,105,demographics_026.csv,0,0,https://www.statecancerprofiles.cancer.gov/demographics/index.php?stateFIPS=01&areatype=county&topic=pop&demo=00105&race=00&sex=0&age=001&type=manyareacensus&sortVariableName=value&sortOrder=asc&output=1,1,pop,manyareacensus,
Macon County,1087.0,53.9,10425.0,3110 of 3141,1,county,105,demographics_026.csv,0,0,https://www.statecancerprofiles.cancer.gov/demographics/index.php?stateFIPS=01&areatype=county&topic=pop&demo=00105&race=00&sex=0&age=001&type=manyareacensus&sortVariableName=value&sortOrder=asc&output=1,1,pop,manyareacensus,
Sumter County,1119.0,53.9,7051.0,3112 of 3141,1,county,105,demographics_026.csv,0,0,https://www.statecancerprofiles.cancer.gov/demographics/index.php?stateFIPS=01&areatype=county&topic=pop&demo=00105&race=00&sex=0&age=001&type=manyareacensus&sortVariableName=value&sortOrder=asc&output=1,1,pop,manyareacensus,
Alabama,1000.0,48.5,,4 of 52,1,state,104,demographics_027.csv,0,0,https://www.statecancerprofiles.cancer.gov/demographics/index.php?stateFIPS=01&areatype=county&topic=pop&demo=00104&race=00&sex=0&age=001&type=manyareacensus&sortVariableName=value&sortOrder=asc&output=1,1,pop,manyareacensus,2350806.0
United States,0.0,49.2,,,1,country,104,demographics_027.csv,0,0,https://www.statecancerprofiles.cancer.gov/demographics/index.php?stateFIPS=01&areatype=county&topic=pop&demo=00104&race=00&sex=0&age=001&type=manyareacensus&sortVariableName=value&sortOrder=asc&output=1,1,pop,manyareacensus,158018753.0
Sumter County,1119.0,46.1,,30 of 3141,1,county,104,demographics_027.csv,0,0,https://www.statecancerprofiles.cancer.gov/demographics/index.php?stateFIPS=01&areatype=county&topic=pop&demo=00104&race=00&sex=0&age=001&type=manyareacensus&sortVariableName=value&sortOrder=asc&output=1,1,pop,manyareacensus,6033.0
Macon County,1087.0,46.1,,32 of 3141,1,county,104,demographics_027.csv,0,0,https://www.statecancerprofiles.cancer.gov/demographics/index.php?stateFIPS=01&areatype=county&topic=pop&demo=00104&race=00&sex=0&age=001&type=manyareacensus&sortVariableName=value&sortOrder=asc&output=1,1,pop,manyareacensus,8933.0
Dallas County,1047.0,46.2,,33 of 3141,1,county,104,demographics_027.csv,0,0,https://www.statecancerprofiles.cancer.gov/demographics/index.php?stateFIPS=01&areatype=county&topic=pop&demo=00104&race=00&sex=0&age=001&type=manyareacensus&sortVariableName=value&sortOrder=asc&output=1,1,pop,manyareacensus,18809.0
Wilcox County,1131.0,46.7,,52 of 3141,1,county,104,demographics_027.csv,0,0,https://www.statecancerprofiles.cancer.gov/demographics/index.php?stateFIPS=01&areatype=county&topic=pop&demo=00104&race=00&sex=0&age=001&type=manyareacensus&sortVariableName=value&sortOrder=asc&output=1,1,pop,manyareacensus,5096.0
Marengo County,1091.0,46.8,,55 of 3141,1,county,104,demographics_027.csv,0,0,https://www.statecancerprofiles.cancer.gov/demographics/index.php?stateFIPS=01&areatype=county&topic=pop&demo=00104&race=00&sex=0&age=001&type=manyareacensus&sortVariableName=value&sortOrder=asc&output=1,1,pop,manyareacensus,9235.0
Butler County,1013.0,46.8,,57 of 3141,1,county,104,demographics_027.csv,0,0,https://www.statecancerprofiles.cancer.gov/demographics/index.php?stateFIPS=01&areatype=county&topic=pop&demo=00104&race=00&sex=0&age=001&type=manyareacensus&sortVariableName=value&sortOrder=asc&output=1,1,pop,manyareacensus,9416.0
Hale County,1065.0,47.0,,80 of 3141,1,county,104,demographics_027.csv,0,0,https://www.statecancerprofiles.cancer.gov/demographics/index.php?stateFIPS=01&areatype=county&topic=pop&demo=00104&race=00&sex=0&age=001&type=manyareacensus&sortVariableName=value&sortOrder=asc&output=1,1,pop,manyareacensus,7049.0
Lowndes County,1085.0,47.2,,106 of 3141,1,county,104,demographics_027.csv,0,0,https://www.statecancerprofiles.cancer.gov/demographics/index.php?stateFIPS=01&areatype=county&topic=pop&demo=00104&race=00&sex=0&age=001&type=manyareacensus&sortVariableName=value&sortOrder=asc&output=1,1,pop,manyareacensus,4896.0
Clarke County,1025.0,47.3,,113 of 3141,1,county,104,demographics_027.csv,0,0,https://www.statecancerprofiles.cancer.gov/demographics/index.php?stateFIPS=01&areatype=county&topic=pop&demo=00104&race=00&sex=0&age=001&type=manyareacensus&sortVariableName=value&sortOrder=asc&output=1,1,pop,manyareacensus,11649.0
Montgomery County,1101.0,47.3,,114 of 3141,1,county,104,demographics_027.csv,0,0,https://www.statecancerprofiles.cancer.gov/demographics/index.php?stateFIPS=01&areatype=county&topic=pop&demo=00104&race=00&sex=0&age=001&type=manyareacensus&sortVariableName=value&sortOrder=asc&output=1,1,pop,manyareacensus,107470.0
Jefferson County,1073.0,47.4,,121 of 3141,1,county,104,demographics_027.csv,0,0,https://www.statecancerprofiles.cancer.gov/demographics/index.php?stateFIPS=01&areatype=county&topic=pop&demo=00104&race=00&sex=0&age=001&type=manyareacensus&sortVariableName=value&sortOrder=asc&output=1,1,pop,manyareacensus,312333.0
Greene County,1063.0,47.6,,144 of 3141,1,county,104,demographics_027.csv,0,0,https://www.statecancerprofiles.cancer.gov/demographics/index.php?stateFIPS=01&areatype=county&topic=pop&demo=00104&race=00&sex=0&age=001&type=manyareacensus&sortVariableName=value&sortOrder=asc&output=1,1,pop,manyareacensus,4058.0
Choctaw County,1023.0,47.6,,157 of 3141,1,county,104,demographics_027.csv,0,0,https://www.statecancerprofiles.cancer.gov/demographics/index.php?stateFIPS=01&areatype=county&topic=pop&demo=00104&race=00&sex=0&age=001&type=manyareacensus&sortVariableName=value&sortOrder=asc&output=1,1,pop,manyareacensus,6277.0
Pickens County,1107.0,47.6,,158 of 3141,1,county,104,demographics_027.csv,0,0,https://www.statecancerprofiles.cancer.gov/demographics/index.php?stateFIPS=01&areatype=county&topic=pop&demo=00104&race=00&sex=0&age=001&type=manyareacensus&sortVariableName=value&sortOrder=asc&output=1,1,pop,manyareacensus,9601.0
Monroe County,1099.0,47.6,,161 of 3141,1,county,104,demographics_027.csv,0,0,https://www.statecancerprofiles.cancer.gov/demographics/index.php?stateFIPS=01&areatype=county&topic=pop&demo=00104&race=00&sex=0&age=001&type=manyareacensus&sortVariableName=value&sortOrder=asc&output=1,1,pop,manyareacensus,10355.0
Conecuh County,1035.0,47.8,,178 of 3141,1,county,104,demographics_027.csv,0,0,https://www.statecancerprofiles.cancer.gov/demographics/index.php?stateFIPS=01&areatype=county&topic=pop&demo=00104&race=00&sex=0&age=001&type=manyareacensus&sortVariableName=value&sortOrder=asc&output=1,1,pop,manyareacensus,6040.0
Pike County,1109.0,47.8,,186 of 3141,1,county,104,demographics_027.csv,0,0,https://www.statecancerprofiles.cancer.gov/demographics/index.php?stateFIPS=01&areatype=county&topic=pop&demo=00104&race=00&sex=0&age=001&type=manyareacensus&sortVariableName=value&sortOrder=asc&output=1,1,pop,manyareacensus,15897.0
Mobile County,1097.0,47.8,,187 of 3141,1,county,104,demographics_027.csv,0,0,https://www.statecancerprofiles.cancer.gov/demographics/index.php?stateFIPS=01&areatype=county&topic=pop&demo=00104&race=00&sex=0&age=001&type=manyareacensus&sortVariableName=value&sortOrder=asc&output=1,1,pop,manyareacensus,197968.0
Lauderdale County,1077.0,47.8,,191 of 3141,1,county,104,demographics_027.csv,0,0,https://www.statecancerprofiles.cancer.gov/demographics/index.php?stateFIPS=01&areatype=county&topic=pop&demo=00104&race=00&sex=0&age=001&type=manyareacensus&sortVariableName=value&sortOrder=asc&output=1,1,pop,manyareacensus,44263.0
Perry County,1105.0,47.8,,196 of 3141,1,county,104,demographics_027.csv,0,0,https://www.statecancerprofiles.cancer.gov/demographics/index.php?stateFIPS=01&areatype=county&topic=pop&demo=00104&race=00&sex=0&age=001&type=manyareacensus&sortVariableName=value&sortOrder=asc&output=1,1,pop,manyareacensus,4630.0
Houston County,1069.0,47.9,,232 of 3141,1,county,104,demographics_027.csv,0,0,https://www.statecancerprofiles.cancer.gov/demographics/index.php?stateFIPS=01&areatype=county&topic=pop&demo=00104&race=00&sex=0&age=001&type=manyareacensus&sortVariableName=value&sortOrder=asc&output=1,1,pop,manyareacensus,49905.0
Henry County,1067.0,48.0,,242 of 3141,1,county,104,demographics_027.csv,0,0,https://www.statecancerprofiles.cancer.gov/demographics/index.php?stateFIPS=01&areatype=county&topic=pop&demo=00104&race=00&sex=0&age=001&type=manyareacensus&sortVariableName=value&sortOrder=asc&output=1,1,pop,manyareacensus,8208.0
Colbert County,1033.0,48.0,,256 of 3141,1,county,104,demographics_027.csv,0,0,https://www.statecancerprofiles.cancer.gov/demographics/index.php?stateFIPS=01&areatype=county&topic=pop&demo=00104&race=00&sex=0&age=001&type=manyareacensus&sortVariableName=value&sortOrder=asc&output=1,1,pop,manyareacensus,26143.0
Calhoun County,1015.0,48.1,,283 of 3141,1,county,104,demographics_027.csv,0,0,https://www.statecancerprofiles.cancer.gov/demographics/index.php?stateFIPS=01&areatype=county&topic=pop&demo=00104&race=00&sex=0&age=001&type=manyareacensus&sortVariableName=value&sortOrder=asc&output=1,1,pop,manyareacensus,55593.0
Tallapoosa County,1123.0,48.1,,286 of 3141,1,county,104,demographics_027.csv,0,0,https://www.statecancerprofiles.cancer.gov/demographics/index.php?stateFIPS=01&areatype=county&topic=pop&demo=00104&race=00&sex=0&age=001&type=manyareacensus&sortVariableName=value&sortOrder=asc&output=1,1,pop,manyareacensus,19616.0
Chambers County,1017.0,48.1,,296 of 3141,1,county,104,demographics_027.csv,0,0,https://www.statecancerprofiles.cancer.gov/demographics/index.php?stateFIPS=01&areatype=county&topic=pop&demo=00104&race=00&sex=0&age=001&type=manyareacensus&sortVariableName=value&sortOrder=asc&output=1,1,pop,manyareacensus,16320.0
Etowah County,1055.0,48.2,,336 of 3141,1,county,104,demographics_027.csv,0,0,https://www.statecancerprofiles.cancer.gov/demographics/index.php?stateFIPS=01&areatype=county&topic=pop&demo=00104&race=00&sex=0&age=001&type=manyareacensus&sortVariableName=value&sortOrder=asc&output=1,1,pop,manyareacensus,49738.0
Clay County,1027.0,48.3,,355 of 3141,1,county,104,demographics_027.csv,0,0,https://www.statecancerprofiles.cancer.gov/demographics/index.php?stateFIPS=01&areatype=county&topic=pop&demo=00104&race=00&sex=0&age=001&type=manyareacensus&sortVariableName=value&sortOrder=asc&output=1,1,pop,manyareacensus,6471.0
Tuscaloosa County,1125.0,48.3,,365 of 3141,1,county,104,demographics_027.csv,0,0,https://www.statecancerprofiles.cancer.gov/demographics/index.php?stateFIPS=01&areatype=county&topic=pop&demo=00104&race=00&sex=0&age=001&type=manyareacensus&sortVariableName=value&sortOrder=asc&output=1,1,pop,manyareacensus,98725.0
Covington County,1039.0,48.3,,386 of 3141,1,county,104,demographics_027.csv,0,0,https://www.statecancerprofiles.cancer.gov/demographics/index.php?stateFIPS=01&areatype=county&topic=pop&demo=00104&race=00&sex=0&age=001&type=manyareacensus&sortVariableName=value&sortOrder=asc&output=1,1,pop,manyareacensus,18133.0
Talladega County,1121.0,48.4,,423 of 3141,1,county,104,demographics_027.csv,0,0,https://www.statecancerprofiles.cancer.gov/demographics/index.php?stateFIPS=01&areatype=county&topic=pop&demo=00104&race=00&sex=0&age=001&type=manyareacensus&sortVariableName=value&sortOrder=asc&output=1,1,pop,manyareacensus,39140.0
Lawrence County,1079.0,48.6,,523 of 3141,1,county,104,demographics_027.csv,0,0,https://www.statecancerprofiles.cancer.gov/demographics/index.php?stateFIPS=01&areatype=county&topic=pop&demo=00104&race=00&sex=0&age=001&type=manyareacensus&sortVariableName=value&sortOrder=asc&output=1,1,pop,manyareacensus,16164.0
Shelby County,1117.0,48.6,,544 of 3141,1,county,104,demographics_027.csv,0,0,https://www.statecancerprofiles.cancer.gov/demographics/index.php?stateFIPS=01&areatype=county&topic=pop&demo=00104&race=00&sex=0&age=001&type=manyareacensus&sortVariableName=value&sortOrder=asc&output=1,1,pop,manyareacensus,101420.0
Elmore County,1051.0,48.6,,546 of 3141,1,county,104,demographics_027.csv,0,0,https://www.statecancerprofiles.cancer.gov/demographics/index.php?stateFIPS=01&areatype=county&topic=pop&demo=00104&race=00&sex=0&age=001&type=manyareacensus&sortVariableName=value&sortOrder=asc&output=1,1,pop,manyareacensus,39357.0
Russell County,1113.0,48.6,,553 of 3141,1,county,104,demographics_027.csv,0,0,https://www.statecancerprofiles.cancer.gov/demographics/index.php?stateFIPS=01&areatype=county&topic=pop&demo=00104&race=00&sex=0&age=001&type=manyareacensus&sortVariableName=value&sortOrder=asc&output=1,1,pop,manyareacensus,28424.0
Randolph County,1111.0,48.8,,705 of 3141,1,county,104,demographics_027.csv,0,0,https://www.statecancerprofiles.cancer.gov/demographics/index.php?stateFIPS=01&areatype=county&topic=pop&demo=00104&race=00&sex=0&age=001&type=manyareacensus&sortVariableName=value&sortOrder=asc&output=1,1,pop,manyareacensus,10998.0
Walker County,1127.0,48.8,,730 of 3141,1,county,104,demographics_027.csv,0,0,https://www.statecancerprofiles.cancer.gov/demographics/index.php?stateFIPS=01&areatype=county&topic=pop&demo=00104&race=00&sex=0&age=001&type=manyareacensus&sortVariableName=value&sortOrder=asc&output=1,1,pop,manyareacensus,31709.0
Madison County,1089.0,48.9,,746 of 3141,1,county,104,demographics_027.csv,0,0,https://www.statecancerprofiles.cancer.gov/demographics/index.php?stateFIPS=01&areatype=county&topic=pop&demo=00104&race=00&sex=0&age=001&type=manyareacensus&sortVariableName=value&sortOrder=asc&output=1,1,pop,manyareacensus,172568.0
Autauga County,1001.0,48.9,,765 of 3141,1,county,104,demographics_027.csv,0,0,https://www.statecancerprofiles.cancer.gov/demographics/index.php?stateFIPS=01&areatype=county&topic=pop&demo=00104&race=00&sex=0&age=001&type=manyareacensus&sortVariableName=value&sortOrder=asc&output=1,1,pop,manyareacensus,26899.0
Crenshaw County,1041.0,48.9,,832 of 3141,1,county,104,demographics_027.csv,0,0,https://www.statecancerprofiles.cancer.gov/demographics/index.php?stateFIPS=01&areatype=county&topic=pop&demo=00104&race=00&sex=0&age=001&type=manyareacensus&sortVariableName=value&sortOrder=asc&output=1,1,pop,manyareacensus,6786.0
Baldwin County,1003.0,48.9,,837 of 3141,1,county,104,demographics_027.csv,0,0,https://www.statecancerprofiles.cancer.gov/demographics/index.php?stateFIPS=01&areatype=county&topic=pop&demo=00104&race=00&sex=0&age=001&type=manyareacensus&sortVariableName=value&sortOrder=asc&output=1,1,pop,manyareacensus,99527.0
Geneva County,1061.0,49.0,,853 of 3141,1,county,104,demographics_027.csv,0,0,https://www.statecancerprofiles.cancer.gov/demographics/index.php?stateFIPS=01&areatype=county&topic=pop&demo=00104&race=00&sex=0&age=001&type=manyareacensus&sortVariableName=value&sortOrder=asc&output=1,1,pop,manyareacensus,13008.0
Lamar County,1075.0,49.0,,922 of 3141,1,county,104,demographics_027.csv,0,0,https://www.statecancerprofiles.cancer.gov/demographics/index.php?stateFIPS=01&areatype=county&topic=pop&demo=00104&race=00&sex=0&age=001&type=manyareacensus&sortVariableName=value&sortOrder=asc&output=1,1,pop,manyareacensus,6875.0
Jackson County,1071.0,49.1,,1023 of 3141,1,county,104,demographics_027.csv,0,0,https://www.statecancerprofiles.cancer.gov/demographics/index.php?stateFIPS=01&areatype=county&topic=pop&demo=00104&race=00&sex=0&age=001&type=manyareacensus&sortVariableName=value&sortOrder=asc&output=1,1,pop,manyareacensus,25712.0
Fayette County,1057.0,49.2,,1060 of 3141,1,county,104,demographics_027.csv,0,0,https://www.statecancerprofiles.cancer.gov/demographics/index.php?stateFIPS=01&areatype=county&topic=pop&demo=00104&race=00&sex=0&age=001&type=manyareacensus&sortVariableName=value&sortOrder=asc&output=1,1,pop,manyareacensus,8191.0
Chilton County,1021.0,49.2,,1096 of 3141,1,county,104,demographics_027.csv,0,0,https://www.statecancerprofiles.cancer.gov/demographics/index.php?stateFIPS=01&areatype=county&topic=pop&demo=00104&race=00&sex=0&age=001&type=manyareacensus&sortVariableName=value&sortOrder=asc&output=1,1,pop,manyareacensus,21554.0
Cullman County,1043.0,49.2,,1119 of 3141,1,county,104,demographics_027.csv,0,0,https://www.statecancerprofiles.cancer.gov/demographics/index.php?stateFIPS=01&areatype=county&topic=pop&demo=00104&race=00&sex=0&age=001&type=manyareacensus&sortVariableName=value&sortOrder=asc&output=1,1,pop,manyareacensus,40223.0
Lee County,1081.0,49.3,,1180 of 3141,1,county,104,demographics_027.csv,0,0,https://www.statecancerprofiles.cancer.gov/demographics/index.php?stateFIPS=01&areatype=county&topic=pop&demo=00104&race=00&sex=0&age=001&type=manyareacensus&sortVariableName=value&sortOrder=asc&output=1,1,pop,manyareacensus,77172.0
Cleburne County,1029.0,49.3,,1210 of 3141,1,county,104,demographics_027.csv,0,0,https://www.statecancerprofiles.cancer.gov/demographics/index.php?stateFIPS=01&areatype=county&topic=pop&demo=00104&race=00&sex=0&age=001&type=manyareacensus&sortVariableName=value&sortOrder=asc&output=1,1,pop,manyareacensus,7367.0
Morgan County,1103.0,49.3,,1210 of 3141,1,county,104,demographics_027.csv,0,0,https://www.statecancerprofiles.cancer.gov/demographics/index.php?stateFIPS=01&areatype=county&topic=pop&demo=00104&race=00&sex=0&age=001&type=manyareacensus&sortVariableName=value&sortOrder=asc&output=1,1,pop,manyareacensus,58761.0
Marshall County,1095.0,49.4,,1290 of 3141,1,county,104,demographics_027.csv,0,0,https://www.statecancerprofiles.cancer.gov/demographics/index.php?stateFIPS=01&areatype=county&topic=pop&demo=00104&race=00&sex=0&age=001&type=manyareacensus&sortVariableName=value&sortOrder=asc&output=1,1,pop,manyareacensus,46771.0
Coffee County,1031.0,49.4,,1327 of 3141,1,county,104,demographics_027.csv,0,0,https://www.statecancerprofiles.cancer.gov/demographics/index.php?stateFIPS=01&areatype=county&topic=pop&demo=00104&race=00&sex=0&age=001&type=manyareacensus&sortVariableName=value&sortOrder=asc&output=1,1,pop,manyareacensus,25225.0
Blount County,1009.0,49.4,,1346 of 3141,1,county,104,demographics_027.csv,0,0,https://www.statecancerprofiles.cancer.gov/demographics/index.php?stateFIPS=01&areatype=county&topic=pop&demo=00104&race=00&sex=0&age=001&type=manyareacensus&sortVariableName=value&sortOrder=asc&output=1,1,pop,manyareacensus,28490.0
Winston County,1133.0,49.4,,1387 of 3141,1,county,104,demographics_027.csv,0,0,https://www.statecancerprofiles.cancer.gov/demographics/index.php?stateFIPS=01&areatype=county&topic=pop&demo=00104&race=00&sex=0&age=001&type=manyareacensus&sortVariableName=value&sortOrder=asc&output=1,1,pop,manyareacensus,11850.0
Marion County,1093.0,49.5,,1464 of 3141,1,county,104,demographics_027.csv,0,0,https://www.statecancerprofiles.cancer.gov/demographics/index.php?stateFIPS=01&areatype=county&topic=pop&demo=00104&race=00&sex=0&age=001&type=manyareacensus&sortVariableName=value&sortOrder=asc&output=1,1,pop,manyareacensus,14880.0
DeKalb County,1049.0,49.6,,1594 of 3141,1,county,104,demographics_027.csv,0,0,https://www.statecancerprofiles.cancer.gov/demographics/index.php?stateFIPS=01&areatype=county&topic=pop&demo=00104&race=00&sex=0&age=001&type=manyareacensus&sortVariableName=value&sortOrder=asc&output=1,1,pop,manyareacensus,35328.0
Dale County,1045.0,49.7,,1623 of 3141,1,county,104,demographics_027.csv,0,0,https://www.statecancerprofiles.cancer.gov/demographics/index.php?stateFIPS=01&areatype=county&topic=pop&demo=00104&race=00&sex=0&age=001&type=manyareacensus&sortVariableName=value&sortOrder=asc&output=1,1,pop,manyareacensus,24524.0
Cherokee County,1019.0,49.7,,1715 of 3141,1,county,104,demographics_027.csv,0,0,https://www.statecancerprofiles.cancer.gov/demographics/index.php?stateFIPS=01&areatype=county&topic=pop&demo=00104&race=00&sex=0&age=001&type=manyareacensus&sortVariableName=value&sortOrder=asc&output=1,1,pop,manyareacensus,12862.0
Washington County,1129.0,49.8,,1778 of 3141,1,county,104,demographics_027.csv,0,0,https://www.statecancerprofiles.cancer.gov/demographics/index.php?stateFIPS=01&areatype=county&topic=pop&demo=00104&race=00&sex=0&age=001&type=manyareacensus&sortVariableName=value&sortOrder=asc&output=1,1,pop,manyareacensus,8342.0
Coosa County,1037.0,50.0,,1916 of 3141,1,county,104,demographics_027.csv,0,0,https://www.statecancerprofiles.cancer.gov/demographics/index.php?stateFIPS=01&areatype=county&topic=pop&demo=00104&race=00&sex=0&age=001&type=manyareacensus&sortVariableName=value&sortOrder=asc&output=1,1,pop,manyareacensus,5474.0
St. Clair County,1115.0,50.0,,1951 of 3141,1,county,104,demographics_027.csv,0,0,https://www.statecancerprofiles.cancer.gov/demographics/index.php?stateFIPS=01&areatype=county&topic=pop&demo=00104&race=00&sex=0&age=001&type=manyareacensus&sortVariableName=value&sortOrder=asc&output=1,1,pop,manyareacensus,43469.0
Limestone County,1083.0,50.0,,1983 of 3141,1,county,104,demographics_027.csv,0,0,https://www.statecancerprofiles.cancer.gov/demographics/index.php?stateFIPS=01&areatype=county&topic=pop&demo=00104&race=00&sex=0&age=001&type=manyareacensus&sortVariableName=value&sortOrder=asc&output=1,1,pop,manyareacensus,45889.0
Franklin County,1059.0,50.2,,2120 of 3141,1,county,104,demographics_027.csv,0,0,https://www.statecancerprofiles.cancer.gov/demographics/index.php?stateFIPS=01&areatype=county&topic=pop&demo=00104&race=00&sex=0&age=001&type=manyareacensus&sortVariableName=value&sortOrder=asc&output=1,1,pop,manyareacensus,15818.0
Escambia County,1053.0,51.4,,2653 of 3141,1,county,104,demographics_027.csv,0,0,https://www.statecancerprofiles.cancer.gov/demographics/index.php?stateFIPS=01&areatype=county&topic=pop&demo=00104&race=00&sex=0&age=001&type=manyareacensus&sortVariableName=value&sortOrder=asc&output=1,1,pop,manyareacensus,19326.0
Barbour County,1005.0,53.3,,2928 of 3141,1,county,104,demographics_027.csv,0,0,https://www.statecancerprofiles.cancer.gov/demographics/index.php?stateFIPS=01&areatype=county&topic=pop&demo=00104&race=00&sex=0&age=001&type=manyareacensus&sortVariableName=value&sortOrder=asc&output=1,1,pop,manyareacensus,13976.0
Bullock County,1011.0,53.6,,2953 of 3141,1,county,104,demographics_027.csv,0,0,https://www.statecancerprofiles.cancer.gov/demographics/index.php?stateFIPS=01&areatype=county&topic=pop&demo=00104&race=00&sex=0&age=001&type=manyareacensus&sortVariableName=value&sortOrder=asc&output=1,1,pop,manyareacensus,5616.0
Bibb County,1007.0,54.3,,2996 of 3141,1,county,104,demographics_027.csv,0,0,https://www.statecancerprofiles.cancer.gov/demographics/index.php?stateFIPS=01&areatype=county&topic=pop&demo=00104&race=00&sex=0&age=001&type=manyareacensus&sortVariableName=value&sortOrder=asc&output=1,1,pop,manyareacensus,12251.0
