locale,fips,value (percent),households (with >1 person per room),rank within us,age,areatype,demo,file_name,race,sex,source_url,stateFIPS,topic,type,people (education: less than 9th grade),people(education: less than high school),people (education: at least bachelors degree),value (dollars),people (uninsured),households (language isolation),people (haven't moved),people (moved within county),people (moved from different county in same state),people (moved from different state),people (moved from outside us),people (age under 18),people (age 18-39),people (age 40-64),people (age 40 and over),people (age 50 and over),people (age 65 and over),people (ai/an),people (api),people (black),people (foreign born),people (hispanic),people (non-hispanic [origin recode]),people (white),people (female),people (male),families (below poverty),people (below poverty),people (<150% of poverty),people (unemployed)
Delaware,10000.0,1.7,5847.0,45 of 52,1,state,27,demographics_000.csv,0,0,https://www.statecancerprofiles.cancer.gov/demographics/index.php?stateFIPS=10&areatype=county&topic=crowd&demo=00027&race=00&sex=0&age=001&type=manyareacensus&sortVariableName=value&sortOrder=asc&output=1,10,crowd,manyareacensus,,,,,,,,,,,,,,,,,,,,,,,,,,,,,,
United States,0.0,3.3,3975282.0,,1,country,27,demographics_000.csv,0,0,https://www.statecancerprofiles.cancer.gov/demographics/index.php?stateFIPS=10&areatype=county&topic=crowd&demo=00027&race=00&sex=0&age=001&type=manyareacensus&sortVariableName=value&sortOrder=asc&output=1,10,crowd,manyareacensus,,,,,,,,,,,,,,,,,,,,,,,,,,,,,,
New Castle County,10003.0,1.4,2752.0,2190 of 3141,1,county,27,demographics_000.csv,0,0,https://www.statecancerprofiles.cancer.gov/demographics/index.php?stateFIPS=10&areatype=county&topic=crowd&demo=00027&race=00&sex=0&age=001&type=manyareacensus&sortVariableName=value&sortOrder=asc&output=1,10,crowd,manyareacensus,,,,,,,,,,,,,,,,,,,,,,,,,,,,,,
Kent County,10001.0,2.0,1252.0,1523 of 3141,1,county,27,demographics_000.csv,0,0,https://www.statecancerprofiles.cancer.gov/demographics/index.php?stateFIPS=10&areatype=county&topic=crowd&demo=00027&race=00&sex=0&age=001&type=manyareacensus&sortVariableName=value&sortOrder=asc&output=1,10,crowd,manyareacensus,,,,,,,,,,,,,,,,,,,,,,,,,,,,,,
Sussex County,10005.0,2.1,1843.0,1362 of 3141,1,county,27,demographics_000.csv,0,0,https://www.statecancerprofiles.cancer.gov/demographics/index.php?stateFIPS=10&areatype=county&topic=crowd&demo=00027&race=00&sex=0&age=001&type=manyareacensus&sortVariableName=value&sortOrder=asc&output=1,10,crowd,manyareacensus,,,,,,,,,,,,,,,,,,,,,,,,,,,,,,
Delaware,10000.0,3.6,,17 of 52,81,state,4,demographics_001.csv,0,0,https://www.statecancerprofiles.cancer.gov/demographics/index.php?stateFIPS=10&areatype=county&topic=ed&demo=00004&race=00&sex=0&age=081&type=manyareacensus&sortVariableName=value&sortOrder=asc&output=1,10,ed,manyareacensus,23416.0,,,,,,,,,,,,,,,,,,,,,,,,,,,,,
United States,0.0,5.4,,,81,country,4,demographics_001.csv,0,0,https://www.statecancerprofiles.cancer.gov/demographics/index.php?stateFIPS=10&areatype=county&topic=ed&demo=00004&race=00&sex=0&age=081&type=manyareacensus&sortVariableName=value&sortOrder=asc&output=1,10,ed,manyareacensus,11759554.0,,,,,,,,,,,,,,,,,,,,,,,,,,,,,
New Castle County,10003.0,3.1,,947 of 3141,81,county,4,demographics_001.csv,0,0,https://www.statecancerprofiles.cancer.gov/demographics/index.php?stateFIPS=10&areatype=county&topic=ed&demo=00004&race=00&sex=0&age=081&type=manyareacensus&sortVariableName=value&sortOrder=asc&output=1,10,ed,manyareacensus,11668.0,,,,,,,,,,,,,,,,,,,,,,,,,,,,,
Kent County,10001.0,4.1,,1493 of 3141,81,county,4,demographics_001.csv,0,0,https://www.statecancerprofiles.cancer.gov/demographics/index.php?stateFIPS=10&areatype=county&topic=ed&demo=00004&race=00&sex=0&age=081&type=manyareacensus&sortVariableName=value&sortOrder=asc&output=1,10,ed,manyareacensus,4689.0,,,,,,,,,,,,,,,,,,,,,,,,,,,,,
Sussex County,10005.0,4.4,,1632 of 3141,81,county,4,demographics_001.csv,0,0,https://www.statecancerprofiles.cancer.gov/demographics/index.php?stateFIPS=10&areatype=county&topic=ed&demo=00004&race=00&sex=0&age=081&type=manyareacensus&sortVariableName=value&sortOrder=asc&output=1,10,ed,manyareacensus,7059.0,,,,,,,,,,,,,,,,,,,,,,,,,,,,,
Delaware,10000.0,10.7,,27 of 52,81,state,5,demographics_002.csv,0,0,https://www.statecancerprofiles.cancer.gov/demographics/index.php?stateFIPS=10&areatype=county&topic=ed&demo=00005&race=00&sex=0&age=081&type=manyareacensus&sortVariableName=value&sortOrder=asc&output=1,10,ed,manyareacensus,,69644.0,,,,,,,,,,,,,,,,,,,,,,,,,,,,
United States,0.0,12.7,,,81,country,5,demographics_002.csv,0,0,https://www.statecancerprofiles.cancer.gov/demographics/index.php?stateFIPS=10&areatype=county&topic=ed&demo=00005&race=00&sex=0&age=081&type=manyareacensus&sortVariableName=value&sortOrder=asc&output=1,10,ed,manyareacensus,,27437114.0,,,,,,,,,,,,,,,,,,,,,,,,,,,,
New Castle County,10003.0,9.0,,800 of 3141,81,county,5,demographics_002.csv,0,0,https://www.statecancerprofiles.cancer.gov/demographics/index.php?stateFIPS=10&areatype=county&topic=ed&demo=00005&race=00&sex=0&age=081&type=manyareacensus&sortVariableName=value&sortOrder=asc&output=1,10,ed,manyareacensus,,34178.0,,,,,,,,,,,,,,,,,,,,,,,,,,,,
Kent County,10001.0,12.6,,1612 of 3141,81,county,5,demographics_002.csv,0,0,https://www.statecancerprofiles.cancer.gov/demographics/index.php?stateFIPS=10&areatype=county&topic=ed&demo=00005&race=00&sex=0&age=081&type=manyareacensus&sortVariableName=value&sortOrder=asc&output=1,10,ed,manyareacensus,,14427.0,,,,,,,,,,,,,,,,,,,,,,,,,,,,
Sussex County,10005.0,13.2,,1711 of 3141,81,county,5,demographics_002.csv,0,0,https://www.statecancerprofiles.cancer.gov/demographics/index.php?stateFIPS=10&areatype=county&topic=ed&demo=00005&race=00&sex=0&age=081&type=manyareacensus&sortVariableName=value&sortOrder=asc&output=1,10,ed,manyareacensus,,21039.0,,,,,,,,,,,,,,,,,,,,,,,,,,,,
United States,0.0,30.9,,,81,country,6,demographics_003.csv,0,0,https://www.statecancerprofiles.cancer.gov/demographics/index.php?stateFIPS=10&areatype=county&topic=ed&demo=00006&race=00&sex=0&age=081&type=manyareacensus&sortVariableName=value&sortOrder=asc&output=1,10,ed,manyareacensus,,,66887603.0,,,,,,,,,,,,,,,,,,,,,,,,,,,
Delaware,10000.0,31.0,,20 of 52,81,state,6,demographics_003.csv,0,0,https://www.statecancerprofiles.cancer.gov/demographics/index.php?stateFIPS=10&areatype=county&topic=ed&demo=00006&race=00&sex=0&age=081&type=manyareacensus&sortVariableName=value&sortOrder=asc&output=1,10,ed,manyareacensus,,,201769.0,,,,,,,,,,,,,,,,,,,,,,,,,,,
Kent County,10001.0,23.5,,929 of 3141,81,county,6,demographics_003.csv,0,0,https://www.statecancerprofiles.cancer.gov/demographics/index.php?stateFIPS=10&areatype=county&topic=ed&demo=00006&race=00&sex=0&age=081&type=manyareacensus&sortVariableName=value&sortOrder=asc&output=1,10,ed,manyareacensus,,,26837.0,,,,,,,,,,,,,,,,,,,,,,,,,,,
Sussex County,10005.0,25.1,,795 of 3141,81,county,6,demographics_003.csv,0,0,https://www.statecancerprofiles.cancer.gov/demographics/index.php?stateFIPS=10&areatype=county&topic=ed&demo=00006&race=00&sex=0&age=081&type=manyareacensus&sortVariableName=value&sortOrder=asc&output=1,10,ed,manyareacensus,,,40035.0,,,,,,,,,,,,,,,,,,,,,,,,,,,
New Castle County,10003.0,35.7,,243 of 3141,81,county,6,demographics_003.csv,0,0,https://www.statecancerprofiles.cancer.gov/demographics/index.php?stateFIPS=10&areatype=county&topic=ed&demo=00006&race=00&sex=0&age=081&type=manyareacensus&sortVariableName=value&sortOrder=asc&output=1,10,ed,manyareacensus,,,134897.0,,,,,,,,,,,,,,,,,,,,,,,,,,,
United States,0.0,,,,1,country,10,demographics_004.csv,0,0,https://www.statecancerprofiles.cancer.gov/demographics/index.php?stateFIPS=10&areatype=county&topic=inc&demo=00010&race=00&sex=0&age=001&type=manyareacensus&sortVariableName=value&sortOrder=asc&output=1,10,inc,manyareacensus,,,,70850.0,,,,,,,,,,,,,,,,,,,,,,,,,,
Delaware,10000.0,,,18 of 52,1,state,10,demographics_004.csv,0,0,https://www.statecancerprofiles.cancer.gov/demographics/index.php?stateFIPS=10&areatype=county&topic=inc&demo=00010&race=00&sex=0&age=001&type=manyareacensus&sortVariableName=value&sortOrder=asc&output=1,10,inc,manyareacensus,,,,76346.0,,,,,,,,,,,,,,,,,,,,,,,,,,
Kent County,10001.0,,,963 of 3141,1,county,10,demographics_004.csv,0,0,https://www.statecancerprofiles.cancer.gov/demographics/index.php?stateFIPS=10&areatype=county&topic=inc&demo=00010&race=00&sex=0&age=001&type=manyareacensus&sortVariableName=value&sortOrder=asc&output=1,10,inc,manyareacensus,,,,66453.0,,,,,,,,,,,,,,,,,,,,,,,,,,
Sussex County,10005.0,,,857 of 3141,1,county,10,demographics_004.csv,0,0,https://www.statecancerprofiles.cancer.gov/demographics/index.php?stateFIPS=10&areatype=county&topic=inc&demo=00010&race=00&sex=0&age=001&type=manyareacensus&sortVariableName=value&sortOrder=asc&output=1,10,inc,manyareacensus,,,,67842.0,,,,,,,,,,,,,,,,,,,,,,,,,,
New Castle County,10003.0,,,225 of 3141,1,county,10,demographics_004.csv,0,0,https://www.statecancerprofiles.cancer.gov/demographics/index.php?stateFIPS=10&areatype=county&topic=inc&demo=00010&race=00&sex=0&age=001&type=manyareacensus&sortVariableName=value&sortOrder=asc&output=1,10,inc,manyareacensus,,,,84859.0,,,,,,,,,,,,,,,,,,,,,,,,,,
United States,0.0,,,,1,country,11,demographics_005.csv,0,0,https://www.statecancerprofiles.cancer.gov/demographics/index.php?stateFIPS=10&areatype=county&topic=inc&demo=00011&race=00&sex=0&age=001&type=manyareacensus&sortVariableName=value&sortOrder=asc&output=1,10,inc,manyareacensus,,,,57652.0,,,,,,,,,,,,,,,,,,,,,,,,,,
Delaware,10000.0,,,15 of 52,1,state,11,demographics_005.csv,0,0,https://www.statecancerprofiles.cancer.gov/demographics/index.php?stateFIPS=10&areatype=county&topic=inc&demo=00011&race=00&sex=0&age=001&type=manyareacensus&sortVariableName=value&sortOrder=asc&output=1,10,inc,manyareacensus,,,,63036.0,,,,,,,,,,,,,,,,,,,,,,,,,,
Kent County,10001.0,,,650 of 3141,1,county,11,demographics_005.csv,0,0,https://www.statecancerprofiles.cancer.gov/demographics/index.php?stateFIPS=10&areatype=county&topic=inc&demo=00011&race=00&sex=0&age=001&type=manyareacensus&sortVariableName=value&sortOrder=asc&output=1,10,inc,manyareacensus,,,,57647.0,,,,,,,,,,,,,,,,,,,,,,,,,,
Sussex County,10005.0,,,637 of 3141,1,county,11,demographics_005.csv,0,0,https://www.statecancerprofiles.cancer.gov/demographics/index.php?stateFIPS=10&areatype=county&topic=inc&demo=00011&race=00&sex=0&age=001&type=manyareacensus&sortVariableName=value&sortOrder=asc&output=1,10,inc,manyareacensus,,,,57901.0,,,,,,,,,,,,,,,,,,,,,,,,,,
New Castle County,10003.0,,,241 of 3141,1,county,11,demographics_005.csv,0,0,https://www.statecancerprofiles.cancer.gov/demographics/index.php?stateFIPS=10&areatype=county&topic=inc&demo=00011&race=00&sex=0&age=001&type=manyareacensus&sortVariableName=value&sortOrder=asc&output=1,10,inc,manyareacensus,,,,68336.0,,,,,,,,,,,,,,,,,,,,,,,,,,
Delaware,10000.0,10.4,,10 of 51,6,state,43,demographics_006.csv,0,0,https://www.statecancerprofiles.cancer.gov/demographics/index.php?stateFIPS=10&areatype=county&topic=ins&demo=00043&race=00&sex=0&age=006&type=manyareacensus&sortVariableName=value&sortOrder=asc&output=1,10,ins,manyareacensus,,,,,15097.0,,,,,,,,,,,,,,,,,,,,,,,,,
Kent County,10001.0,8.9,,215 of 3139,6,county,43,demographics_006.csv,0,0,https://www.statecancerprofiles.cancer.gov/demographics/index.php?stateFIPS=10&areatype=county&topic=ins&demo=00043&race=00&sex=0&age=006&type=manyareacensus&sortVariableName=value&sortOrder=asc&output=1,10,ins,manyareacensus,,,,,2876.0,,,,,,,,,,,,,,,,,,,,,,,,,
New Castle County,10003.0,10.8,,631 of 3139,6,county,43,demographics_006.csv,0,0,https://www.statecancerprofiles.cancer.gov/demographics/index.php?stateFIPS=10&areatype=county&topic=ins&demo=00043&race=00&sex=0&age=006&type=manyareacensus&sortVariableName=value&sortOrder=asc&output=1,10,ins,manyareacensus,,,,,8421.0,,,,,,,,,,,,,,,,,,,,,,,,,
Sussex County,10005.0,10.9,,657 of 3139,6,county,43,demographics_006.csv,0,0,https://www.statecancerprofiles.cancer.gov/demographics/index.php?stateFIPS=10&areatype=county&topic=ins&demo=00043&race=00&sex=0&age=006&type=manyareacensus&sortVariableName=value&sortOrder=asc&output=1,10,ins,manyareacensus,,,,,3800.0,,,,,,,,,,,,,,,,,,,,,,,,,
Delaware,10000.0,2.4,,26 of 51,1,state,15,demographics_007.csv,0,0,https://www.statecancerprofiles.cancer.gov/demographics/index.php?stateFIPS=10&areatype=county&topic=lang&demo=00015&race=00&sex=0&age=001&type=manyareacensus&sortVariableName=value&sortOrder=asc&output=1,10,lang,manyareacensus,,,,,,8447.0,,,,,,,,,,,,,,,,,,,,,,,,
United States,0.0,4.5,,,1,country,15,demographics_007.csv,0,0,https://www.statecancerprofiles.cancer.gov/demographics/index.php?stateFIPS=10&areatype=county&topic=lang&demo=00015&race=00&sex=0&age=001&type=manyareacensus&sortVariableName=value&sortOrder=asc&output=1,10,lang,manyareacensus,,,,,,5305440.0,,,,,,,,,,,,,,,,,,,,,,,,
Kent County,10001.0,2.1,,2372 of 3140,1,county,15,demographics_007.csv,0,0,https://www.statecancerprofiles.cancer.gov/demographics/index.php?stateFIPS=10&areatype=county&topic=lang&demo=00015&race=00&sex=0&age=001&type=manyareacensus&sortVariableName=value&sortOrder=asc&output=1,10,lang,manyareacensus,,,,,,1358.0,,,,,,,,,,,,,,,,,,,,,,,,
New Castle County,10003.0,2.5,,2497 of 3140,1,county,15,demographics_007.csv,0,0,https://www.statecancerprofiles.cancer.gov/demographics/index.php?stateFIPS=10&areatype=county&topic=lang&demo=00015&race=00&sex=0&age=001&type=manyareacensus&sortVariableName=value&sortOrder=asc&output=1,10,lang,manyareacensus,,,,,,4966.0,,,,,,,,,,,,,,,,,,,,,,,,
Sussex County,10005.0,2.5,,2501 of 3140,1,county,15,demographics_007.csv,0,0,https://www.statecancerprofiles.cancer.gov/demographics/index.php?stateFIPS=10&areatype=county&topic=lang&demo=00015&race=00&sex=0&age=001&type=manyareacensus&sortVariableName=value&sortOrder=asc&output=1,10,lang,manyareacensus,,,,,,2123.0,,,,,,,,,,,,,,,,,,,,,,,,
United States,0.0,85.4,,,1,country,17,demographics_008.csv,0,0,https://www.statecancerprofiles.cancer.gov/demographics/index.php?stateFIPS=10&areatype=county&topic=mob&demo=00017&race=00&sex=0&age=001&type=manyareacensus&sortVariableName=value&sortOrder=asc&output=1,10,mob,manyareacensus,,,,,,,270854872.0,,,,,,,,,,,,,,,,,,,,,,,
Delaware,10000.0,86.9,,7 of 51,1,state,17,demographics_008.csv,0,0,https://www.statecancerprofiles.cancer.gov/demographics/index.php?stateFIPS=10&areatype=county&topic=mob&demo=00017&race=00&sex=0&age=001&type=manyareacensus&sortVariableName=value&sortOrder=asc&output=1,10,mob,manyareacensus,,,,,,,811022.0,,,,,,,,,,,,,,,,,,,,,,,
Kent County,10001.0,85.2,,2163 of 3140,1,county,17,demographics_008.csv,0,0,https://www.statecancerprofiles.cancer.gov/demographics/index.php?stateFIPS=10&areatype=county&topic=mob&demo=00017&race=00&sex=0&age=001&type=manyareacensus&sortVariableName=value&sortOrder=asc&output=1,10,mob,manyareacensus,,,,,,,145740.0,,,,,,,,,,,,,,,,,,,,,,,
New Castle County,10003.0,86.6,,1743 of 3140,1,county,17,demographics_008.csv,0,0,https://www.statecancerprofiles.cancer.gov/demographics/index.php?stateFIPS=10&areatype=county&topic=mob&demo=00017&race=00&sex=0&age=001&type=manyareacensus&sortVariableName=value&sortOrder=asc&output=1,10,mob,manyareacensus,,,,,,,475584.0,,,,,,,,,,,,,,,,,,,,,,,
Sussex County,10005.0,88.9,,966 of 3140,1,county,17,demographics_008.csv,0,0,https://www.statecancerprofiles.cancer.gov/demographics/index.php?stateFIPS=10&areatype=county&topic=mob&demo=00017&race=00&sex=0&age=001&type=manyareacensus&sortVariableName=value&sortOrder=asc&output=1,10,mob,manyareacensus,,,,,,,189698.0,,,,,,,,,,,,,,,,,,,,,,,
Delaware,10000.0,7.5,,12 of 51,1,state,18,demographics_009.csv,0,0,https://www.statecancerprofiles.cancer.gov/demographics/index.php?stateFIPS=10&areatype=county&topic=mob&demo=00018&race=00&sex=0&age=001&type=manyareacensus&sortVariableName=value&sortOrder=asc&output=1,10,mob,manyareacensus,,,,,,,,70412.0,,,,,,,,,,,,,,,,,,,,,,
United States,0.0,8.4,,,1,country,18,demographics_009.csv,0,0,https://www.statecancerprofiles.cancer.gov/demographics/index.php?stateFIPS=10&areatype=county&topic=mob&demo=00018&race=00&sex=0&age=001&type=manyareacensus&sortVariableName=value&sortOrder=asc&output=1,10,mob,manyareacensus,,,,,,,,26717038.0,,,,,,,,,,,,,,,,,,,,,,
Sussex County,10005.0,5.6,,1214 of 3140,1,county,18,demographics_009.csv,0,0,https://www.statecancerprofiles.cancer.gov/demographics/index.php?stateFIPS=10&areatype=county&topic=mob&demo=00018&race=00&sex=0&age=001&type=manyareacensus&sortVariableName=value&sortOrder=asc&output=1,10,mob,manyareacensus,,,,,,,,11969.0,,,,,,,,,,,,,,,,,,,,,,
New Castle County,10003.0,8.1,,2305 of 3140,1,county,18,demographics_009.csv,0,0,https://www.statecancerprofiles.cancer.gov/demographics/index.php?stateFIPS=10&areatype=county&topic=mob&demo=00018&race=00&sex=0&age=001&type=manyareacensus&sortVariableName=value&sortOrder=asc&output=1,10,mob,manyareacensus,,,,,,,,44496.0,,,,,,,,,,,,,,,,,,,,,,
Kent County,10001.0,8.2,,2320 of 3140,1,county,18,demographics_009.csv,0,0,https://www.statecancerprofiles.cancer.gov/demographics/index.php?stateFIPS=10&areatype=county&topic=mob&demo=00018&race=00&sex=0&age=001&type=manyareacensus&sortVariableName=value&sortOrder=asc&output=1,10,mob,manyareacensus,,,,,,,,13947.0,,,,,,,,,,,,,,,,,,,,,,
Delaware,10000.0,1.1,,4 of 51,1,state,19,demographics_010.csv,0,0,https://www.statecancerprofiles.cancer.gov/demographics/index.php?stateFIPS=10&areatype=county&topic=mob&demo=00019&race=00&sex=0&age=001&type=manyareacensus&sortVariableName=value&sortOrder=asc&output=1,10,mob,manyareacensus,,,,,,,,,10176.0,,,,,,,,,,,,,,,,,,,,,
United States,0.0,3.2,,,1,country,19,demographics_010.csv,0,0,https://www.statecancerprofiles.cancer.gov/demographics/index.php?stateFIPS=10&areatype=county&topic=mob&demo=00019&race=00&sex=0&age=001&type=manyareacensus&sortVariableName=value&sortOrder=asc&output=1,10,mob,manyareacensus,,,,,,,,,10247779.0,,,,,,,,,,,,,,,,,,,,,
New Castle County,10003.0,0.7,,24 of 3140,1,county,19,demographics_010.csv,0,0,https://www.statecancerprofiles.cancer.gov/demographics/index.php?stateFIPS=10&areatype=county&topic=mob&demo=00019&race=00&sex=0&age=001&type=manyareacensus&sortVariableName=value&sortOrder=asc&output=1,10,mob,manyareacensus,,,,,,,,,3996.0,,,,,,,,,,,,,,,,,,,,,
Sussex County,10005.0,1.1,,67 of 3140,1,county,19,demographics_010.csv,0,0,https://www.statecancerprofiles.cancer.gov/demographics/index.php?stateFIPS=10&areatype=county&topic=mob&demo=00019&race=00&sex=0&age=001&type=manyareacensus&sortVariableName=value&sortOrder=asc&output=1,10,mob,manyareacensus,,,,,,,,,2417.0,,,,,,,,,,,,,,,,,,,,,
Kent County,10001.0,2.2,,446 of 3140,1,county,19,demographics_010.csv,0,0,https://www.statecancerprofiles.cancer.gov/demographics/index.php?stateFIPS=10&areatype=county&topic=mob&demo=00019&race=00&sex=0&age=001&type=manyareacensus&sortVariableName=value&sortOrder=asc&output=1,10,mob,manyareacensus,,,,,,,,,3763.0,,,,,,,,,,,,,,,,,,,,,
United States,0.0,2.3,,,1,country,20,demographics_011.csv,0,0,https://www.statecancerprofiles.cancer.gov/demographics/index.php?stateFIPS=10&areatype=county&topic=mob&demo=00020&race=00&sex=0&age=001&type=manyareacensus&sortVariableName=value&sortOrder=asc&output=1,10,mob,manyareacensus,,,,,,,,,,7354769.0,,,,,,,,,,,,,,,,,,,,
Delaware,10000.0,4.0,,44 of 51,1,state,20,demographics_011.csv,0,0,https://www.statecancerprofiles.cancer.gov/demographics/index.php?stateFIPS=10&areatype=county&topic=mob&demo=00020&race=00&sex=0&age=001&type=manyareacensus&sortVariableName=value&sortOrder=asc&output=1,10,mob,manyareacensus,,,,,,,,,,36966.0,,,,,,,,,,,,,,,,,,,,
New Castle County,10003.0,3.9,,2763 of 3140,1,county,20,demographics_011.csv,0,0,https://www.statecancerprofiles.cancer.gov/demographics/index.php?stateFIPS=10&areatype=county&topic=mob&demo=00020&race=00&sex=0&age=001&type=manyareacensus&sortVariableName=value&sortOrder=asc&output=1,10,mob,manyareacensus,,,,,,,,,,21217.0,,,,,,,,,,,,,,,,,,,,
Kent County,10001.0,4.1,,2815 of 3140,1,county,20,demographics_011.csv,0,0,https://www.statecancerprofiles.cancer.gov/demographics/index.php?stateFIPS=10&areatype=county&topic=mob&demo=00020&race=00&sex=0&age=001&type=manyareacensus&sortVariableName=value&sortOrder=asc&output=1,10,mob,manyareacensus,,,,,,,,,,6988.0,,,,,,,,,,,,,,,,,,,,
Sussex County,10005.0,4.1,,2821 of 3140,1,county,20,demographics_011.csv,0,0,https://www.statecancerprofiles.cancer.gov/demographics/index.php?stateFIPS=10&areatype=county&topic=mob&demo=00020&race=00&sex=0&age=001&type=manyareacensus&sortVariableName=value&sortOrder=asc&output=1,10,mob,manyareacensus,,,,,,,,,,8761.0,,,,,,,,,,,,,,,,,,,,
Delaware,10000.0,0.5,,25 of 51,1,state,21,demographics_012.csv,0,0,https://www.statecancerprofiles.cancer.gov/demographics/index.php?stateFIPS=10&areatype=county&topic=mob&demo=00021&race=00&sex=0&age=001&type=manyareacensus&sortVariableName=value&sortOrder=asc&output=1,10,mob,manyareacensus,,,,,,,,,,,4849.0,,,,,,,,,,,,,,,,,,,
United States,0.0,0.7,,,1,country,21,demographics_012.csv,0,0,https://www.statecancerprofiles.cancer.gov/demographics/index.php?stateFIPS=10&areatype=county&topic=mob&demo=00021&race=00&sex=0&age=001&type=manyareacensus&sortVariableName=value&sortOrder=asc&output=1,10,mob,manyareacensus,,,,,,,,,,,2074097.0,,,,,,,,,,,,,,,,,,,
Sussex County,10005.0,0.3,,1840 of 3140,1,county,21,demographics_012.csv,0,0,https://www.statecancerprofiles.cancer.gov/demographics/index.php?stateFIPS=10&areatype=county&topic=mob&demo=00021&race=00&sex=0&age=001&type=manyareacensus&sortVariableName=value&sortOrder=asc&output=1,10,mob,manyareacensus,,,,,,,,,,,545.0,,,,,,,,,,,,,,,,,,,
Kent County,10001.0,0.3,,2151 of 3140,1,county,21,demographics_012.csv,0,0,https://www.statecancerprofiles.cancer.gov/demographics/index.php?stateFIPS=10&areatype=county&topic=mob&demo=00021&race=00&sex=0&age=001&type=manyareacensus&sortVariableName=value&sortOrder=asc&output=1,10,mob,manyareacensus,,,,,,,,,,,582.0,,,,,,,,,,,,,,,,,,,
New Castle County,10003.0,0.7,,2751 of 3140,1,county,21,demographics_012.csv,0,0,https://www.statecancerprofiles.cancer.gov/demographics/index.php?stateFIPS=10&areatype=county&topic=mob&demo=00021&race=00&sex=0&age=001&type=manyareacensus&sortVariableName=value&sortOrder=asc&output=1,10,mob,manyareacensus,,,,,,,,,,,3722.0,,,,,,,,,,,,,,,,,,,
Delaware,10000.0,21.6,,39 of 52,999,state,2,demographics_013.csv,0,0,https://www.statecancerprofiles.cancer.gov/demographics/index.php?stateFIPS=10&areatype=county&topic=pop&demo=00002&race=00&sex=0&age=999&type=manyareacensus&sortVariableName=value&sortOrder=asc&output=1,10,pop,manyareacensus,,,,,,,,,,,,204053.0,,,,,,,,,,,,,,,,,,
United States,0.0,22.9,,,999,country,2,demographics_013.csv,0,0,https://www.statecancerprofiles.cancer.gov/demographics/index.php?stateFIPS=10&areatype=county&topic=pop&demo=00002&race=00&sex=0&age=999&type=manyareacensus&sortVariableName=value&sortOrder=asc&output=1,10,pop,manyareacensus,,,,,,,,,,,,73601279.0,,,,,,,,,,,,,,,,,,
Sussex County,10005.0,19.3,,2685 of 3141,999,county,2,demographics_013.csv,0,0,https://www.statecancerprofiles.cancer.gov/demographics/index.php?stateFIPS=10&areatype=county&topic=pop&demo=00002&race=00&sex=0&age=999&type=manyareacensus&sortVariableName=value&sortOrder=asc&output=1,10,pop,manyareacensus,,,,,,,,,,,,41512.0,,,,,,,,,,,,,,,,,,
New Castle County,10003.0,22.0,,1784 of 3141,999,county,2,demographics_013.csv,0,0,https://www.statecancerprofiles.cancer.gov/demographics/index.php?stateFIPS=10&areatype=county&topic=pop&demo=00002&race=00&sex=0&age=999&type=manyareacensus&sortVariableName=value&sortOrder=asc&output=1,10,pop,manyareacensus,,,,,,,,,,,,121990.0,,,,,,,,,,,,,,,,,,
Kent County,10001.0,23.4,,1136 of 3141,999,county,2,demographics_013.csv,0,0,https://www.statecancerprofiles.cancer.gov/demographics/index.php?stateFIPS=10&areatype=county&topic=pop&demo=00002&race=00&sex=0&age=999&type=manyareacensus&sortVariableName=value&sortOrder=asc&output=1,10,pop,manyareacensus,,,,,,,,,,,,40551.0,,,,,,,,,,,,,,,,,,
Delaware,10000.0,28.6,,13 of 52,999,state,102,demographics_014.csv,0,0,https://www.statecancerprofiles.cancer.gov/demographics/index.php?stateFIPS=10&areatype=county&topic=pop&demo=00102&race=00&sex=0&age=999&type=manyareacensus&sortVariableName=value&sortOrder=asc&output=1,10,pop,manyareacensus,,,,,,,,,,,,,269610.0,,,,,,,,,,,,,,,,,
United States,0.0,29.8,,,999,country,102,demographics_014.csv,0,0,https://www.statecancerprofiles.cancer.gov/demographics/index.php?stateFIPS=10&areatype=county&topic=pop&demo=00102&race=00&sex=0&age=999&type=manyareacensus&sortVariableName=value&sortOrder=asc&output=1,10,pop,manyareacensus,,,,,,,,,,,,,95565066.0,,,,,,,,,,,,,,,,,
Sussex County,10005.0,22.1,,465 of 3141,999,county,102,demographics_014.csv,0,0,https://www.statecancerprofiles.cancer.gov/demographics/index.php?stateFIPS=10&areatype=county&topic=pop&demo=00102&race=00&sex=0&age=999&type=manyareacensus&sortVariableName=value&sortOrder=asc&output=1,10,pop,manyareacensus,,,,,,,,,,,,,47688.0,,,,,,,,,,,,,,,,,
Kent County,10001.0,29.9,,2592 of 3141,999,county,102,demographics_014.csv,0,0,https://www.statecancerprofiles.cancer.gov/demographics/index.php?stateFIPS=10&areatype=county&topic=pop&demo=00102&race=00&sex=0&age=999&type=manyareacensus&sortVariableName=value&sortOrder=asc&output=1,10,pop,manyareacensus,,,,,,,,,,,,,51717.0,,,,,,,,,,,,,,,,,
New Castle County,10003.0,30.7,,2696 of 3141,999,county,102,demographics_014.csv,0,0,https://www.statecancerprofiles.cancer.gov/demographics/index.php?stateFIPS=10&areatype=county&topic=pop&demo=00102&race=00&sex=0&age=999&type=manyareacensus&sortVariableName=value&sortOrder=asc&output=1,10,pop,manyareacensus,,,,,,,,,,,,,170205.0,,,,,,,,,,,,,,,,,
United States,0.0,32.4,,,999,country,103,demographics_015.csv,0,0,https://www.statecancerprofiles.cancer.gov/demographics/index.php?stateFIPS=10&areatype=county&topic=pop&demo=00103&race=00&sex=0&age=999&type=manyareacensus&sortVariableName=value&sortOrder=asc&output=1,10,pop,manyareacensus,,,,,,,,,,,,,,104105673.0,,,,,,,,,,,,,,,,
Delaware,10000.0,32.8,,33 of 52,999,state,103,demographics_015.csv,0,0,https://www.statecancerprofiles.cancer.gov/demographics/index.php?stateFIPS=10&areatype=county&topic=pop&demo=00103&race=00&sex=0&age=999&type=manyareacensus&sortVariableName=value&sortOrder=asc&output=1,10,pop,manyareacensus,,,,,,,,,,,,,,309504.0,,,,,,,,,,,,,,,,
Kent County,10001.0,30.9,,583 of 3141,999,county,103,demographics_015.csv,0,0,https://www.statecancerprofiles.cancer.gov/demographics/index.php?stateFIPS=10&areatype=county&topic=pop&demo=00103&race=00&sex=0&age=999&type=manyareacensus&sortVariableName=value&sortOrder=asc&output=1,10,pop,manyareacensus,,,,,,,,,,,,,,53544.0,,,,,,,,,,,,,,,,
New Castle County,10003.0,33.1,,1389 of 3141,999,county,103,demographics_015.csv,0,0,https://www.statecancerprofiles.cancer.gov/demographics/index.php?stateFIPS=10&areatype=county&topic=pop&demo=00103&race=00&sex=0&age=999&type=manyareacensus&sortVariableName=value&sortOrder=asc&output=1,10,pop,manyareacensus,,,,,,,,,,,,,,183843.0,,,,,,,,,,,,,,,,
Sussex County,10005.0,33.5,,1568 of 3141,999,county,103,demographics_015.csv,0,0,https://www.statecancerprofiles.cancer.gov/demographics/index.php?stateFIPS=10&areatype=county&topic=pop&demo=00103&race=00&sex=0&age=999&type=manyareacensus&sortVariableName=value&sortOrder=asc&output=1,10,pop,manyareacensus,,,,,,,,,,,,,,72117.0,,,,,,,,,,,,,,,,
United States,0.0,47.3,,,999,country,28,demographics_016.csv,0,0,https://www.statecancerprofiles.cancer.gov/demographics/index.php?stateFIPS=10&areatype=county&topic=pop&demo=00028&race=00&sex=0&age=999&type=manyareacensus&sortVariableName=value&sortOrder=asc&output=1,10,pop,manyareacensus,,,,,,,,,,,,,,,151838062.0,,,,,,,,,,,,,,,
Delaware,10000.0,49.8,,10 of 52,999,state,28,demographics_016.csv,0,0,https://www.statecancerprofiles.cancer.gov/demographics/index.php?stateFIPS=10&areatype=county&topic=pop&demo=00028&race=00&sex=0&age=999&type=manyareacensus&sortVariableName=value&sortOrder=asc&output=1,10,pop,manyareacensus,,,,,,,,,,,,,,,470069.0,,,,,,,,,,,,,,,
Kent County,10001.0,46.7,,2473 of 3141,999,county,28,demographics_016.csv,0,0,https://www.statecancerprofiles.cancer.gov/demographics/index.php?stateFIPS=10&areatype=county&topic=pop&demo=00028&race=00&sex=0&age=999&type=manyareacensus&sortVariableName=value&sortOrder=asc&output=1,10,pop,manyareacensus,,,,,,,,,,,,,,,80877.0,,,,,,,,,,,,,,,
New Castle County,10003.0,47.4,,2397 of 3141,999,county,28,demographics_016.csv,0,0,https://www.statecancerprofiles.cancer.gov/demographics/index.php?stateFIPS=10&areatype=county&topic=pop&demo=00028&race=00&sex=0&age=999&type=manyareacensus&sortVariableName=value&sortOrder=asc&output=1,10,pop,manyareacensus,,,,,,,,,,,,,,,262841.0,,,,,,,,,,,,,,,
Sussex County,10005.0,58.6,,312 of 3141,999,county,28,demographics_016.csv,0,0,https://www.statecancerprofiles.cancer.gov/demographics/index.php?stateFIPS=10&areatype=county&topic=pop&demo=00028&race=00&sex=0&age=999&type=manyareacensus&sortVariableName=value&sortOrder=asc&output=1,10,pop,manyareacensus,,,,,,,,,,,,,,,126351.0,,,,,,,,,,,,,,,
United States,0.0,34.5,,,999,country,29,demographics_017.csv,0,0,https://www.statecancerprofiles.cancer.gov/demographics/index.php?stateFIPS=10&areatype=county&topic=pop&demo=00029&race=00&sex=0&age=999&type=manyareacensus&sortVariableName=value&sortOrder=asc&output=1,10,pop,manyareacensus,,,,,,,,,,,,,,,,110609456.0,,,,,,,,,,,,,,
Delaware,10000.0,37.6,,8 of 52,999,state,29,demographics_017.csv,0,0,https://www.statecancerprofiles.cancer.gov/demographics/index.php?stateFIPS=10&areatype=county&topic=pop&demo=00029&race=00&sex=0&age=999&type=manyareacensus&sortVariableName=value&sortOrder=asc&output=1,10,pop,manyareacensus,,,,,,,,,,,,,,,,354859.0,,,,,,,,,,,,,,
New Castle County,10003.0,34.5,,2440 of 3141,999,county,29,demographics_017.csv,0,0,https://www.statecancerprofiles.cancer.gov/demographics/index.php?stateFIPS=10&areatype=county&topic=pop&demo=00029&race=00&sex=0&age=999&type=manyareacensus&sortVariableName=value&sortOrder=asc&output=1,10,pop,manyareacensus,,,,,,,,,,,,,,,,191477.0,,,,,,,,,,,,,,
Kent County,10001.0,34.8,,2388 of 3141,999,county,29,demographics_017.csv,0,0,https://www.statecancerprofiles.cancer.gov/demographics/index.php?stateFIPS=10&areatype=county&topic=pop&demo=00029&race=00&sex=0&age=999&type=manyareacensus&sortVariableName=value&sortOrder=asc&output=1,10,pop,manyareacensus,,,,,,,,,,,,,,,,60241.0,,,,,,,,,,,,,,
Sussex County,10005.0,47.8,,281 of 3141,999,county,29,demographics_017.csv,0,0,https://www.statecancerprofiles.cancer.gov/demographics/index.php?stateFIPS=10&areatype=county&topic=pop&demo=00029&race=00&sex=0&age=999&type=manyareacensus&sortVariableName=value&sortOrder=asc&output=1,10,pop,manyareacensus,,,,,,,,,,,,,,,,103141.0,,,,,,,,,,,,,,
United States,0.0,14.9,,,999,country,3,demographics_018.csv,0,0,https://www.statecancerprofiles.cancer.gov/demographics/index.php?stateFIPS=10&areatype=county&topic=pop&demo=00003&race=00&sex=0&age=999&type=manyareacensus&sortVariableName=value&sortOrder=asc&output=1,10,pop,manyareacensus,,,,,,,,,,,,,,,,,47732389.0,,,,,,,,,,,,,
Delaware,10000.0,17.0,,8 of 52,999,state,3,demographics_018.csv,0,0,https://www.statecancerprofiles.cancer.gov/demographics/index.php?stateFIPS=10&areatype=county&topic=pop&demo=00003&race=00&sex=0&age=999&type=manyareacensus&sortVariableName=value&sortOrder=asc&output=1,10,pop,manyareacensus,,,,,,,,,,,,,,,,,160565.0,,,,,,,,,,,,,
New Castle County,10003.0,14.2,,2544 of 3141,999,county,3,demographics_018.csv,0,0,https://www.statecancerprofiles.cancer.gov/demographics/index.php?stateFIPS=10&areatype=county&topic=pop&demo=00003&race=00&sex=0&age=999&type=manyareacensus&sortVariableName=value&sortOrder=asc&output=1,10,pop,manyareacensus,,,,,,,,,,,,,,,,,78998.0,,,,,,,,,,,,,
Kent County,10001.0,15.8,,2170 of 3141,999,county,3,demographics_018.csv,0,0,https://www.statecancerprofiles.cancer.gov/demographics/index.php?stateFIPS=10&areatype=county&topic=pop&demo=00003&race=00&sex=0&age=999&type=manyareacensus&sortVariableName=value&sortOrder=asc&output=1,10,pop,manyareacensus,,,,,,,,,,,,,,,,,27333.0,,,,,,,,,,,,,
Sussex County,10005.0,25.2,,203 of 3141,999,county,3,demographics_018.csv,0,0,https://www.statecancerprofiles.cancer.gov/demographics/index.php?stateFIPS=10&areatype=county&topic=pop&demo=00003&race=00&sex=0&age=999&type=manyareacensus&sortVariableName=value&sortOrder=asc&output=1,10,pop,manyareacensus,,,,,,,,,,,,,,,,,54234.0,,,,,,,,,,,,,
Delaware,10000.0,0.4,,31 of 52,1,state,23,demographics_019.csv,0,0,https://www.statecancerprofiles.cancer.gov/demographics/index.php?stateFIPS=10&areatype=county&topic=pop&demo=00023&race=00&sex=0&age=001&type=manyareacensus&sortVariableName=value&sortOrder=asc&output=1,10,pop,manyareacensus,,,,,,,,,,,,,,,,,,3482.0,,,,,,,,,,,,
United States,0.0,0.8,,,1,country,23,demographics_019.csv,0,0,https://www.statecancerprofiles.cancer.gov/demographics/index.php?stateFIPS=10&areatype=county&topic=pop&demo=00023&race=00&sex=0&age=001&type=manyareacensus&sortVariableName=value&sortOrder=asc&output=1,10,pop,manyareacensus,,,,,,,,,,,,,,,,,,2632102.0,,,,,,,,,,,,
New Castle County,10003.0,0.3,,1851 of 3141,1,county,23,demographics_019.csv,0,0,https://www.statecancerprofiles.cancer.gov/demographics/index.php?stateFIPS=10&areatype=county&topic=pop&demo=00023&race=00&sex=0&age=001&type=manyareacensus&sortVariableName=value&sortOrder=asc&output=1,10,pop,manyareacensus,,,,,,,,,,,,,,,,,,1499.0,,,,,,,,,,,,
Sussex County,10005.0,0.4,,1319 of 3141,1,county,23,demographics_019.csv,0,0,https://www.statecancerprofiles.cancer.gov/demographics/index.php?stateFIPS=10&areatype=county&topic=pop&demo=00023&race=00&sex=0&age=001&type=manyareacensus&sortVariableName=value&sortOrder=asc&output=1,10,pop,manyareacensus,,,,,,,,,,,,,,,,,,917.0,,,,,,,,,,,,
Kent County,10001.0,0.6,,997 of 3141,1,county,23,demographics_019.csv,0,0,https://www.statecancerprofiles.cancer.gov/demographics/index.php?stateFIPS=10&areatype=county&topic=pop&demo=00023&race=00&sex=0&age=001&type=manyareacensus&sortVariableName=value&sortOrder=asc&output=1,10,pop,manyareacensus,,,,,,,,,,,,,,,,,,1066.0,,,,,,,,,,,,
Delaware,10000.0,3.9,,16 of 52,1,state,24,demographics_020.csv,0,0,https://www.statecancerprofiles.cancer.gov/demographics/index.php?stateFIPS=10&areatype=county&topic=pop&demo=00024&race=00&sex=0&age=001&type=manyareacensus&sortVariableName=value&sortOrder=asc&output=1,10,pop,manyareacensus,,,,,,,,,,,,,,,,,,,37018.0,,,,,,,,,,,
United States,0.0,5.5,,,1,country,24,demographics_020.csv,0,0,https://www.statecancerprofiles.cancer.gov/demographics/index.php?stateFIPS=10&areatype=county&topic=pop&demo=00024&race=00&sex=0&age=001&type=manyareacensus&sortVariableName=value&sortOrder=asc&output=1,10,pop,manyareacensus,,,,,,,,,,,,,,,,,,,17756436.0,,,,,,,,,,,
Sussex County,10005.0,1.3,,826 of 3141,1,county,24,demographics_020.csv,0,0,https://www.statecancerprofiles.cancer.gov/demographics/index.php?stateFIPS=10&areatype=county&topic=pop&demo=00024&race=00&sex=0&age=001&type=manyareacensus&sortVariableName=value&sortOrder=asc&output=1,10,pop,manyareacensus,,,,,,,,,,,,,,,,,,,2781.0,,,,,,,,,,,
Kent County,10001.0,2.1,,518 of 3141,1,county,24,demographics_020.csv,0,0,https://www.statecancerprofiles.cancer.gov/demographics/index.php?stateFIPS=10&areatype=county&topic=pop&demo=00024&race=00&sex=0&age=001&type=manyareacensus&sortVariableName=value&sortOrder=asc&output=1,10,pop,manyareacensus,,,,,,,,,,,,,,,,,,,3573.0,,,,,,,,,,,
New Castle County,10003.0,5.5,,138 of 3141,1,county,24,demographics_020.csv,0,0,https://www.statecancerprofiles.cancer.gov/demographics/index.php?stateFIPS=10&areatype=county&topic=pop&demo=00024&race=00&sex=0&age=001&type=manyareacensus&sortVariableName=value&sortOrder=asc&output=1,10,pop,manyareacensus,,,,,,,,,,,,,,,,,,,30664.0,,,,,,,,,,,
United States,0.0,12.7,,,1,country,22,demographics_021.csv,0,0,https://www.statecancerprofiles.cancer.gov/demographics/index.php?stateFIPS=10&areatype=county&topic=pop&demo=00022&race=00&sex=0&age=001&type=manyareacensus&sortVariableName=value&sortOrder=asc&output=1,10,pop,manyareacensus,,,,,,,,,,,,,,,,,,,,40610815.0,,,,,,,,,,
Delaware,10000.0,21.9,,8 of 52,1,state,22,demographics_021.csv,0,0,https://www.statecancerprofiles.cancer.gov/demographics/index.php?stateFIPS=10&areatype=county&topic=pop&demo=00022&race=00&sex=0&age=001&type=manyareacensus&sortVariableName=value&sortOrder=asc&output=1,10,pop,manyareacensus,,,,,,,,,,,,,,,,,,,,206290.0,,,,,,,,,,
Sussex County,10005.0,12.3,,702 of 3141,1,county,22,demographics_021.csv,0,0,https://www.statecancerprofiles.cancer.gov/demographics/index.php?stateFIPS=10&areatype=county&topic=pop&demo=00022&race=00&sex=0&age=001&type=manyareacensus&sortVariableName=value&sortOrder=asc&output=1,10,pop,manyareacensus,,,,,,,,,,,,,,,,,,,,26592.0,,,,,,,,,,
New Castle County,10003.0,24.6,,412 of 3141,1,county,22,demographics_021.csv,0,0,https://www.statecancerprofiles.cancer.gov/demographics/index.php?stateFIPS=10&areatype=county&topic=pop&demo=00022&race=00&sex=0&age=001&type=manyareacensus&sortVariableName=value&sortOrder=asc&output=1,10,pop,manyareacensus,,,,,,,,,,,,,,,,,,,,136608.0,,,,,,,,,,
Kent County,10001.0,24.9,,406 of 3141,1,county,22,demographics_021.csv,0,0,https://www.statecancerprofiles.cancer.gov/demographics/index.php?stateFIPS=10&areatype=county&topic=pop&demo=00022&race=00&sex=0&age=001&type=manyareacensus&sortVariableName=value&sortOrder=asc&output=1,10,pop,manyareacensus,,,,,,,,,,,,,,,,,,,,43090.0,,,,,,,,,,
Delaware,10000.0,9.1,,21 of 51,1,state,14,demographics_022.csv,0,0,https://www.statecancerprofiles.cancer.gov/demographics/index.php?stateFIPS=10&areatype=county&topic=pop&demo=00014&race=00&sex=0&age=001&type=manyareacensus&sortVariableName=value&sortOrder=asc&output=1,10,pop,manyareacensus,,,,,,,,,,,,,,,,,,,,,86028.0,,,,,,,,,
United States,0.0,13.4,,,1,country,14,demographics_022.csv,0,0,https://www.statecancerprofiles.cancer.gov/demographics/index.php?stateFIPS=10&areatype=county&topic=pop&demo=00014&race=00&sex=0&age=001&type=manyareacensus&sortVariableName=value&sortOrder=asc&output=1,10,pop,manyareacensus,,,,,,,,,,,,,,,,,,,,,43028127.0,,,,,,,,,
Kent County,10001.0,6.0,,747 of 3140,1,county,14,demographics_022.csv,0,0,https://www.statecancerprofiles.cancer.gov/demographics/index.php?stateFIPS=10&areatype=county&topic=pop&demo=00014&race=00&sex=0&age=001&type=manyareacensus&sortVariableName=value&sortOrder=asc&output=1,10,pop,manyareacensus,,,,,,,,,,,,,,,,,,,,,10373.0,,,,,,,,,
Sussex County,10005.0,7.2,,586 of 3140,1,county,14,demographics_022.csv,0,0,https://www.statecancerprofiles.cancer.gov/demographics/index.php?stateFIPS=10&areatype=county&topic=pop&demo=00014&race=00&sex=0&age=001&type=manyareacensus&sortVariableName=value&sortOrder=asc&output=1,10,pop,manyareacensus,,,,,,,,,,,,,,,,,,,,,15561.0,,,,,,,,,
New Castle County,10003.0,10.8,,295 of 3140,1,county,14,demographics_022.csv,0,0,https://www.statecancerprofiles.cancer.gov/demographics/index.php?stateFIPS=10&areatype=county&topic=pop&demo=00014&race=00&sex=0&age=001&type=manyareacensus&sortVariableName=value&sortOrder=asc&output=1,10,pop,manyareacensus,,,,,,,,,,,,,,,,,,,,,60094.0,,,,,,,,,
Delaware,10000.0,9.0,,28 of 52,1,state,26,demographics_023.csv,0,0,https://www.statecancerprofiles.cancer.gov/demographics/index.php?stateFIPS=10&areatype=county&topic=pop&demo=00026&race=00&sex=0&age=001&type=manyareacensus&sortVariableName=value&sortOrder=asc&output=1,10,pop,manyareacensus,,,,,,,,,,,,,,,,,,,,,,84793.0,,,,,,,,
United States,0.0,17.6,,,1,country,26,demographics_023.csv,0,0,https://www.statecancerprofiles.cancer.gov/demographics/index.php?stateFIPS=10&areatype=county&topic=pop&demo=00026&race=00&sex=0&age=001&type=manyareacensus&sortVariableName=value&sortOrder=asc&output=1,10,pop,manyareacensus,,,,,,,,,,,,,,,,,,,,,,56510571.0,,,,,,,,
Kent County,10001.0,6.8,,1013 of 3141,1,county,26,demographics_023.csv,0,0,https://www.statecancerprofiles.cancer.gov/demographics/index.php?stateFIPS=10&areatype=county&topic=pop&demo=00026&race=00&sex=0&age=001&type=manyareacensus&sortVariableName=value&sortOrder=asc&output=1,10,pop,manyareacensus,,,,,,,,,,,,,,,,,,,,,,11820.0,,,,,,,,
Sussex County,10005.0,9.2,,795 of 3141,1,county,26,demographics_023.csv,0,0,https://www.statecancerprofiles.cancer.gov/demographics/index.php?stateFIPS=10&areatype=county&topic=pop&demo=00026&race=00&sex=0&age=001&type=manyareacensus&sortVariableName=value&sortOrder=asc&output=1,10,pop,manyareacensus,,,,,,,,,,,,,,,,,,,,,,19860.0,,,,,,,,
New Castle County,10003.0,9.6,,769 of 3141,1,county,26,demographics_023.csv,0,0,https://www.statecancerprofiles.cancer.gov/demographics/index.php?stateFIPS=10&areatype=county&topic=pop&demo=00026&race=00&sex=0&age=001&type=manyareacensus&sortVariableName=value&sortOrder=asc&output=1,10,pop,manyareacensus,,,,,,,,,,,,,,,,,,,,,,53113.0,,,,,,,,
United States,0.0,82.4,,,1,country,101,demographics_024.csv,0,0,https://www.statecancerprofiles.cancer.gov/demographics/index.php?stateFIPS=10&areatype=county&topic=pop&demo=00101&race=00&sex=0&age=001&type=manyareacensus&sortVariableName=value&sortOrder=asc&output=1,10,pop,manyareacensus,,,,,,,,,,,,,,,,,,,,,,,264493836.0,,,,,,,
Delaware,10000.0,91.0,,28 of 52,1,state,101,demographics_024.csv,0,0,https://www.statecancerprofiles.cancer.gov/demographics/index.php?stateFIPS=10&areatype=county&topic=pop&demo=00101&race=00&sex=0&age=001&type=manyareacensus&sortVariableName=value&sortOrder=asc&output=1,10,pop,manyareacensus,,,,,,,,,,,,,,,,,,,,,,,858939.0,,,,,,,
New Castle County,10003.0,90.4,,769 of 3141,1,county,101,demographics_024.csv,0,0,https://www.statecancerprofiles.cancer.gov/demographics/index.php?stateFIPS=10&areatype=county&topic=pop&demo=00101&race=00&sex=0&age=001&type=manyareacensus&sortVariableName=value&sortOrder=asc&output=1,10,pop,manyareacensus,,,,,,,,,,,,,,,,,,,,,,,501923.0,,,,,,,
Sussex County,10005.0,90.8,,795 of 3141,1,county,101,demographics_024.csv,0,0,https://www.statecancerprofiles.cancer.gov/demographics/index.php?stateFIPS=10&areatype=county&topic=pop&demo=00101&race=00&sex=0&age=001&type=manyareacensus&sortVariableName=value&sortOrder=asc&output=1,10,pop,manyareacensus,,,,,,,,,,,,,,,,,,,,,,,195691.0,,,,,,,
Kent County,10001.0,93.2,,1013 of 3141,1,county,101,demographics_024.csv,0,0,https://www.statecancerprofiles.cancer.gov/demographics/index.php?stateFIPS=10&areatype=county&topic=pop&demo=00101&race=00&sex=0&age=001&type=manyareacensus&sortVariableName=value&sortOrder=asc&output=1,10,pop,manyareacensus,,,,,,,,,,,,,,,,,,,,,,,161325.0,,,,,,,
Delaware,10000.0,69.1,,36 of 52,1,state,25,demographics_025.csv,0,0,https://www.statecancerprofiles.cancer.gov/demographics/index.php?stateFIPS=10&areatype=county&topic=pop&demo=00025&race=00&sex=0&age=001&type=manyareacensus&sortVariableName=value&sortOrder=asc&output=1,10,pop,manyareacensus,,,,,,,,,,,,,,,,,,,,,,,,652170.0,,,,,,
United States,0.0,73.0,,,1,country,25,demographics_025.csv,0,0,https://www.statecancerprofiles.cancer.gov/demographics/index.php?stateFIPS=10&areatype=county&topic=pop&demo=00025&race=00&sex=0&age=001&type=manyareacensus&sortVariableName=value&sortOrder=asc&output=1,10,pop,manyareacensus,,,,,,,,,,,,,,,,,,,,,,,,234370202.0,,,,,,
New Castle County,10003.0,64.8,,2703 of 3141,1,county,25,demographics_025.csv,0,0,https://www.statecancerprofiles.cancer.gov/demographics/index.php?stateFIPS=10&areatype=county&topic=pop&demo=00025&race=00&sex=0&age=001&type=manyareacensus&sortVariableName=value&sortOrder=asc&output=1,10,pop,manyareacensus,,,,,,,,,,,,,,,,,,,,,,,,359928.0,,,,,,
Kent County,10001.0,66.8,,2661 of 3141,1,county,25,demographics_025.csv,0,0,https://www.statecancerprofiles.cancer.gov/demographics/index.php?stateFIPS=10&areatype=county&topic=pop&demo=00025&race=00&sex=0&age=001&type=manyareacensus&sortVariableName=value&sortOrder=asc&output=1,10,pop,manyareacensus,,,,,,,,,,,,,,,,,,,,,,,,115731.0,,,,,,
Sussex County,10005.0,81.9,,2132 of 3141,1,county,25,demographics_025.csv,0,0,https://www.statecancerprofiles.cancer.gov/demographics/index.php?stateFIPS=10&areatype=county&topic=pop&demo=00025&race=00&sex=0&age=001&type=manyareacensus&sortVariableName=value&sortOrder=asc&output=1,10,pop,manyareacensus,,,,,,,,,,,,,,,,,,,,,,,,176511.0,,,,,,
United States,0.0,50.8,,,1,country,105,demographics_026.csv,0,0,https://www.statecancerprofiles.cancer.gov/demographics/index.php?stateFIPS=10&areatype=county&topic=pop&demo=00105&race=00&sex=0&age=001&type=manyareacensus&sortVariableName=value&sortOrder=asc&output=1,10,pop,manyareacensus,,,,,,,,,,,,,,,,,,,,,,,,,162985654.0,,,,,
Delaware,10000.0,51.6,,50 of 52,1,state,105,demographics_026.csv,0,0,https://www.statecancerprofiles.cancer.gov/demographics/index.php?stateFIPS=10&areatype=county&topic=pop&demo=00105&race=00&sex=0&age=001&type=manyareacensus&sortVariableName=value&sortOrder=asc&output=1,10,pop,manyareacensus,,,,,,,,,,,,,,,,,,,,,,,,,486856.0,,,,,
Sussex County,10005.0,51.5,,2661 of 3141,1,county,105,demographics_026.csv,0,0,https://www.statecancerprofiles.cancer.gov/demographics/index.php?stateFIPS=10&areatype=county&topic=pop&demo=00105&race=00&sex=0&age=001&type=manyareacensus&sortVariableName=value&sortOrder=asc&output=1,10,pop,manyareacensus,,,,,,,,,,,,,,,,,,,,,,,,,111037.0,,,,,
New Castle County,10003.0,51.6,,2697 of 3141,1,county,105,demographics_026.csv,0,0,https://www.statecancerprofiles.cancer.gov/demographics/index.php?stateFIPS=10&areatype=county&topic=pop&demo=00105&race=00&sex=0&age=001&type=manyareacensus&sortVariableName=value&sortOrder=asc&output=1,10,pop,manyareacensus,,,,,,,,,,,,,,,,,,,,,,,,,286218.0,,,,,
Kent County,10001.0,51.7,,2797 of 3141,1,county,105,demographics_026.csv,0,0,https://www.statecancerprofiles.cancer.gov/demographics/index.php?stateFIPS=10&areatype=county&topic=pop&demo=00105&race=00&sex=0&age=001&type=manyareacensus&sortVariableName=value&sortOrder=asc&output=1,10,pop,manyareacensus,,,,,,,,,,,,,,,,,,,,,,,,,89601.0,,,,,
Delaware,10000.0,48.4,,3 of 52,1,state,104,demographics_027.csv,0,0,https://www.statecancerprofiles.cancer.gov/demographics/index.php?stateFIPS=10&areatype=county&topic=pop&demo=00104&race=00&sex=0&age=001&type=manyareacensus&sortVariableName=value&sortOrder=asc&output=1,10,pop,manyareacensus,,,,,,,,,,,,,,,,,,,,,,,,,,456876.0,,,,
United States,0.0,49.2,,,1,country,104,demographics_027.csv,0,0,https://www.statecancerprofiles.cancer.gov/demographics/index.php?stateFIPS=10&areatype=county&topic=pop&demo=00104&race=00&sex=0&age=001&type=manyareacensus&sortVariableName=value&sortOrder=asc&output=1,10,pop,manyareacensus,,,,,,,,,,,,,,,,,,,,,,,,,,158018753.0,,,,
Kent County,10001.0,48.3,,345 of 3141,1,county,104,demographics_027.csv,0,0,https://www.statecancerprofiles.cancer.gov/demographics/index.php?stateFIPS=10&areatype=county&topic=pop&demo=00104&race=00&sex=0&age=001&type=manyareacensus&sortVariableName=value&sortOrder=asc&output=1,10,pop,manyareacensus,,,,,,,,,,,,,,,,,,,,,,,,,,83544.0,,,,
New Castle County,10003.0,48.4,,445 of 3141,1,county,104,demographics_027.csv,0,0,https://www.statecancerprofiles.cancer.gov/demographics/index.php?stateFIPS=10&areatype=county&topic=pop&demo=00104&race=00&sex=0&age=001&type=manyareacensus&sortVariableName=value&sortOrder=asc&output=1,10,pop,manyareacensus,,,,,,,,,,,,,,,,,,,,,,,,,,268818.0,,,,
Sussex County,10005.0,48.5,,481 of 3141,1,county,104,demographics_027.csv,0,0,https://www.statecancerprofiles.cancer.gov/demographics/index.php?stateFIPS=10&areatype=county&topic=pop&demo=00104&race=00&sex=0&age=001&type=manyareacensus&sortVariableName=value&sortOrder=asc&output=1,10,pop,manyareacensus,,,,,,,,,,,,,,,,,,,,,,,,,,104514.0,,,,
Delaware,10000.0,8.2,,19 of 52,1,state,7,demographics_028.csv,0,0,https://www.statecancerprofiles.cancer.gov/demographics/index.php?stateFIPS=10&areatype=county&topic=pov&demo=00007&race=00&sex=0&age=001&type=manyareacensus&sortVariableName=value&sortOrder=asc&output=1,10,pov,manyareacensus,,,,,,,,,,,,,,,,,,,,,,,,,,,19261.0,,,
United States,0.0,10.5,,,1,country,7,demographics_028.csv,0,0,https://www.statecancerprofiles.cancer.gov/demographics/index.php?stateFIPS=10&areatype=county&topic=pov&demo=00007&race=00&sex=0&age=001&type=manyareacensus&sortVariableName=value&sortOrder=asc&output=1,10,pov,manyareacensus,,,,,,,,,,,,,,,,,,,,,,,,,,,8253388.0,,,
New Castle County,10003.0,7.7,,814 of 3141,1,county,7,demographics_028.csv,0,0,https://www.statecancerprofiles.cancer.gov/demographics/index.php?stateFIPS=10&areatype=county&topic=pov&demo=00007&race=00&sex=0&age=001&type=manyareacensus&sortVariableName=value&sortOrder=asc&output=1,10,pov,manyareacensus,,,,,,,,,,,,,,,,,,,,,,,,,,,10102.0,,,
Sussex County,10005.0,8.0,,891 of 3141,1,county,7,demographics_028.csv,0,0,https://www.statecancerprofiles.cancer.gov/demographics/index.php?stateFIPS=10&areatype=county&topic=pov&demo=00007&race=00&sex=0&age=001&type=manyareacensus&sortVariableName=value&sortOrder=asc&output=1,10,pov,manyareacensus,,,,,,,,,,,,,,,,,,,,,,,,,,,4776.0,,,
Kent County,10001.0,9.9,,1385 of 3141,1,county,7,demographics_028.csv,0,0,https://www.statecancerprofiles.cancer.gov/demographics/index.php?stateFIPS=10&areatype=county&topic=pov&demo=00007&race=00&sex=0&age=001&type=manyareacensus&sortVariableName=value&sortOrder=asc&output=1,10,pov,manyareacensus,,,,,,,,,,,,,,,,,,,,,,,,,,,4383.0,,,
Delaware,10000.0,12.1,,17 of 52,1,state,8,demographics_029.csv,0,0,https://www.statecancerprofiles.cancer.gov/demographics/index.php?stateFIPS=10&areatype=county&topic=pov&demo=00008&race=00&sex=0&age=001&type=manyareacensus&sortVariableName=value&sortOrder=asc&output=1,10,pov,manyareacensus,,,,,,,,,,,,,,,,,,,,,,,,,,,,111304.0,,
United States,0.0,14.6,,,1,country,8,demographics_029.csv,0,0,https://www.statecancerprofiles.cancer.gov/demographics/index.php?stateFIPS=10&areatype=county&topic=pov&demo=00008&race=00&sex=0&age=001&type=manyareacensus&sortVariableName=value&sortOrder=asc&output=1,10,pov,manyareacensus,,,,,,,,,,,,,,,,,,,,,,,,,,,,45650345.0,,
New Castle County,10003.0,11.9,,906 of 3141,1,county,8,demographics_029.csv,0,0,https://www.statecancerprofiles.cancer.gov/demographics/index.php?stateFIPS=10&areatype=county&topic=pov&demo=00008&race=00&sex=0&age=001&type=manyareacensus&sortVariableName=value&sortOrder=asc&output=1,10,pov,manyareacensus,,,,,,,,,,,,,,,,,,,,,,,,,,,,64082.0,,
Sussex County,10005.0,12.0,,922 of 3141,1,county,8,demographics_029.csv,0,0,https://www.statecancerprofiles.cancer.gov/demographics/index.php?stateFIPS=10&areatype=county&topic=pov&demo=00008&race=00&sex=0&age=001&type=manyareacensus&sortVariableName=value&sortOrder=asc&output=1,10,pov,manyareacensus,,,,,,,,,,,,,,,,,,,,,,,,,,,,25479.0,,
Kent County,10001.0,13.0,,1099 of 3141,1,county,8,demographics_029.csv,0,0,https://www.statecancerprofiles.cancer.gov/demographics/index.php?stateFIPS=10&areatype=county&topic=pov&demo=00008&race=00&sex=0&age=001&type=manyareacensus&sortVariableName=value&sortOrder=asc&output=1,10,pov,manyareacensus,,,,,,,,,,,,,,,,,,,,,,,,,,,,21743.0,,
Delaware,10000.0,19.6,,14 of 52,1,state,9,demographics_030.csv,0,0,https://www.statecancerprofiles.cancer.gov/demographics/index.php?stateFIPS=10&areatype=county&topic=pov&demo=00009&race=00&sex=0&age=001&type=manyareacensus&sortVariableName=value&sortOrder=asc&output=1,10,pov,manyareacensus,,,,,,,,,,,,,,,,,,,,,,,,,,,,,179571.0,
United States,0.0,23.7,,,1,country,9,demographics_030.csv,0,0,https://www.statecancerprofiles.cancer.gov/demographics/index.php?stateFIPS=10&areatype=county&topic=pov&demo=00009&race=00&sex=0&age=001&type=manyareacensus&sortVariableName=value&sortOrder=asc&output=1,10,pov,manyareacensus,,,,,,,,,,,,,,,,,,,,,,,,,,,,,74202606.0,
New Castle County,10003.0,18.2,,507 of 3141,1,county,9,demographics_030.csv,0,0,https://www.statecancerprofiles.cancer.gov/demographics/index.php?stateFIPS=10&areatype=county&topic=pov&demo=00009&race=00&sex=0&age=001&type=manyareacensus&sortVariableName=value&sortOrder=asc&output=1,10,pov,manyareacensus,,,,,,,,,,,,,,,,,,,,,,,,,,,,,97819.0,
Sussex County,10005.0,20.5,,814 of 3141,1,county,9,demographics_030.csv,0,0,https://www.statecancerprofiles.cancer.gov/demographics/index.php?stateFIPS=10&areatype=county&topic=pov&demo=00009&race=00&sex=0&age=001&type=manyareacensus&sortVariableName=value&sortOrder=asc&output=1,10,pov,manyareacensus,,,,,,,,,,,,,,,,,,,,,,,,,,,,,43530.0,
Kent County,10001.0,22.8,,1114 of 3141,1,county,9,demographics_030.csv,0,0,https://www.statecancerprofiles.cancer.gov/demographics/index.php?stateFIPS=10&areatype=county&topic=pov&demo=00009&race=00&sex=0&age=001&type=manyareacensus&sortVariableName=value&sortOrder=asc&output=1,10,pov,manyareacensus,,,,,,,,,,,,,,,,,,,,,,,,,,,,,38222.0,
Delaware,10000.0,6.4,,26 of 52,1,state,12,demographics_031.csv,0,0,https://www.statecancerprofiles.cancer.gov/demographics/index.php?stateFIPS=10&areatype=county&topic=work&demo=00012&race=00&sex=0&age=001&type=manyareacensus&sortVariableName=value&sortOrder=asc&output=1,10,work,manyareacensus,,,,,,,,,,,,,,,,,,,,,,,,,,,,,,30245.0
United States,0.0,6.6,,,1,country,12,demographics_031.csv,0,0,https://www.statecancerprofiles.cancer.gov/demographics/index.php?stateFIPS=10&areatype=county&topic=work&demo=00012&race=00&sex=0&age=001&type=manyareacensus&sortVariableName=value&sortOrder=asc&output=1,10,work,manyareacensus,,,,,,,,,,,,,,,,,,,,,,,,,,,,,,10560305.0
Sussex County,10005.0,6.1,,1594 of 3141,1,county,12,demographics_031.csv,0,0,https://www.statecancerprofiles.cancer.gov/demographics/index.php?stateFIPS=10&areatype=county&topic=work&demo=00012&race=00&sex=0&age=001&type=manyareacensus&sortVariableName=value&sortOrder=asc&output=1,10,work,manyareacensus,,,,,,,,,,,,,,,,,,,,,,,,,,,,,,6114.0
New Castle County,10003.0,6.5,,1778 of 3141,1,county,12,demographics_031.csv,0,0,https://www.statecancerprofiles.cancer.gov/demographics/index.php?stateFIPS=10&areatype=county&topic=work&demo=00012&race=00&sex=0&age=001&type=manyareacensus&sortVariableName=value&sortOrder=asc&output=1,10,work,manyareacensus,,,,,,,,,,,,,,,,,,,,,,,,,,,,,,18568.0
Kent County,10001.0,6.7,,1891 of 3141,1,county,12,demographics_031.csv,0,0,https://www.statecancerprofiles.cancer.gov/demographics/index.php?stateFIPS=10&areatype=county&topic=work&demo=00012&race=00&sex=0&age=001&type=manyareacensus&sortVariableName=value&sortOrder=asc&output=1,10,work,manyareacensus,,,,,,,,,,,,,,,,,,,,,,,,,,,,,,5563.0
