locale,fips,met_health_obj,deathrate_per_100000,deathrate_lower_95_confidence,deathrate_upper_95_confidence,annual_count_avg,recent_trend_str,trend_last_5,trend_last_5_lower_95_confidence,trend_last_5_upper_95_confidence,stateFIPS,areatype,cancer,race,sex,age,type,file_name,source_url
Alaska,2900.0,No,164.9 ,159.9, 169.9,977,falling,-1.2 ,-1.4, -1.1,1,state,1,deathrates_022.csv,0,0,https://www.statecancerprofiles.cancer.gov/deathrates/index.php?stateFIPS=02&areatype=county&cancer=001&race=00&sex=0&age=001&type=death&sortVariableName=rate&sortOrder=desc&output=1,2,death
United States,0.0,Yes,161 ,160.8, 161.1,590623,falling,-1.5 ,-1.6, -1.5,1,country,1,deathrates_022.csv,0,0,https://www.statecancerprofiles.cancer.gov/deathrates/index.php?stateFIPS=02&areatype=county&cancer=001&race=00&sex=0&age=001&type=death&sortVariableName=rate&sortOrder=desc&output=1,2,death
Yukon-Koyukuk Census Area,2290.0,No,277.3 ,214.8, 351.9,15,stable,0.7 ,-1.1, 2.6,1,county,1,deathrates_022.csv,0,0,https://www.statecancerprofiles.cancer.gov/deathrates/index.php?stateFIPS=02&areatype=county&cancer=001&race=00&sex=0&age=001&type=death&sortVariableName=rate&sortOrder=desc&output=1,2,death
Lake and Peninsula Borough (3),2164.0,No,271.4 ,150.5, 444.8,3,*,*,*,*,1,county,1,deathrates_022.csv,0,0,https://www.statecancerprofiles.cancer.gov/deathrates/index.php?stateFIPS=02&areatype=county&cancer=001&race=00&sex=0&age=001&type=death&sortVariableName=rate&sortOrder=desc&output=1,2,death
North Slope Borough,2185.0,No,265.8 ,197, 348.2,14,stable,-0.3 ,-2.3, 1.8,1,county,1,deathrates_022.csv,0,0,https://www.statecancerprofiles.cancer.gov/deathrates/index.php?stateFIPS=02&areatype=county&cancer=001&race=00&sex=0&age=001&type=death&sortVariableName=rate&sortOrder=desc&output=1,2,death
Nome Census Area,2180.0,No,255.1 ,196.2, 324.6,16,stable,0.7 ,-1.0, 2.5,1,county,1,deathrates_022.csv,0,0,https://www.statecancerprofiles.cancer.gov/deathrates/index.php?stateFIPS=02&areatype=county&cancer=001&race=00&sex=0&age=001&type=death&sortVariableName=rate&sortOrder=desc&output=1,2,death
Wade Hampton Census Area,2270.0,No,197 ,135.2, 274.5,8,stable,-0.9 ,-3.1, 1.3,1,county,1,deathrates_022.csv,0,0,https://www.statecancerprofiles.cancer.gov/deathrates/index.php?stateFIPS=02&areatype=county&cancer=001&race=00&sex=0&age=001&type=death&sortVariableName=rate&sortOrder=desc&output=1,2,death
Southeast Fairbanks Census Area,2240.0,No,192.7 ,142.5, 254,11,stable,-0.8 ,-2.6, 1.0,1,county,1,deathrates_022.csv,0,0,https://www.statecancerprofiles.cancer.gov/deathrates/index.php?stateFIPS=02&areatype=county&cancer=001&race=00&sex=0&age=001&type=death&sortVariableName=rate&sortOrder=desc&output=1,2,death
Aleutians West Census Area (3),2016.0,No,191.7 ,87.8, 345.3,4,*,*,*,*,1,county,1,deathrates_022.csv,0,0,https://www.statecancerprofiles.cancer.gov/deathrates/index.php?stateFIPS=02&areatype=county&cancer=001&race=00&sex=0&age=001&type=death&sortVariableName=rate&sortOrder=desc&output=1,2,death
Prince of Wales-Outer Ketchikan Census Area,2201.0,No,187.1 ,134.5, 252.6,11,stable,-0.3 ,-2.5, 1.9,1,county,1,deathrates_022.csv,0,0,https://www.statecancerprofiles.cancer.gov/deathrates/index.php?stateFIPS=02&areatype=county&cancer=001&race=00&sex=0&age=001&type=death&sortVariableName=rate&sortOrder=desc&output=1,2,death
Bethel Census Area,2050.0,No,182.3 ,142, 229.3,18,stable,-0.1 ,-1.4, 1.3,1,county,1,deathrates_022.csv,0,0,https://www.statecancerprofiles.cancer.gov/deathrates/index.php?stateFIPS=02&areatype=county&cancer=001&race=00&sex=0&age=001&type=death&sortVariableName=rate&sortOrder=desc&output=1,2,death
Wrangell-Petersburg Census Area,2280.0,No,179.8 ,138.6, 230.5,14,stable,-0.2 ,-1.5, 1.2,1,county,1,deathrates_022.csv,0,0,https://www.statecancerprofiles.cancer.gov/deathrates/index.php?stateFIPS=02&areatype=county&cancer=001&race=00&sex=0&age=001&type=death&sortVariableName=rate&sortOrder=desc&output=1,2,death
Dillingham Census Area (3),2070.0,No,178.4 ,114.3, 262.2,6,stable,0.1 ,-2.8, 3.1,1,county,1,deathrates_022.csv,0,0,https://www.statecancerprofiles.cancer.gov/deathrates/index.php?stateFIPS=02&areatype=county&cancer=001&race=00&sex=0&age=001&type=death&sortVariableName=rate&sortOrder=desc&output=1,2,death
Valdez-Cordova Census Area,2261.0,No,174.5 ,131.8, 225.8,15,falling,-2.1 ,-3.6, -0.5,1,county,1,deathrates_022.csv,0,0,https://www.statecancerprofiles.cancer.gov/deathrates/index.php?stateFIPS=02&areatype=county&cancer=001&race=00&sex=0&age=001&type=death&sortVariableName=rate&sortOrder=desc&output=1,2,death
Matanuska-Susitna Borough,2170.0,No,173.7 ,159.8, 188.4,140,falling,-1.0 ,-1.8, -0.2,1,county,1,deathrates_022.csv,0,0,https://www.statecancerprofiles.cancer.gov/deathrates/index.php?stateFIPS=02&areatype=county&cancer=001&race=00&sex=0&age=001&type=death&sortVariableName=rate&sortOrder=desc&output=1,2,death
Juneau City and Borough,2110.0,No,173.5 ,150.1, 199.4,48,stable,-0.8 ,-1.7, 0.1,1,county,1,deathrates_022.csv,0,0,https://www.statecancerprofiles.cancer.gov/deathrates/index.php?stateFIPS=02&areatype=county&cancer=001&race=00&sex=0&age=001&type=death&sortVariableName=rate&sortOrder=desc&output=1,2,death
Skagway-Hoonah-Angoon Census Area (3),2232.0,No,170.5 ,115.9, 244.5,7,*,*,*,*,1,county,1,deathrates_022.csv,0,0,https://www.statecancerprofiles.cancer.gov/deathrates/index.php?stateFIPS=02&areatype=county&cancer=001&race=00&sex=0&age=001&type=death&sortVariableName=rate&sortOrder=desc&output=1,2,death
Kodiak Island Borough,2150.0,No,168.8 ,129.1, 215.6,16,falling,-2.0 ,-3.5, -0.4,1,county,1,deathrates_022.csv,0,0,https://www.statecancerprofiles.cancer.gov/deathrates/index.php?stateFIPS=02&areatype=county&cancer=001&race=00&sex=0&age=001&type=death&sortVariableName=rate&sortOrder=desc&output=1,2,death
Fairbanks North Borough,2090.0,Yes,161.1 ,146.5, 176.6,109,falling,-1.2 ,-1.8, -0.5,1,county,1,deathrates_022.csv,0,0,https://www.statecancerprofiles.cancer.gov/deathrates/index.php?stateFIPS=02&areatype=county&cancer=001&race=00&sex=0&age=001&type=death&sortVariableName=rate&sortOrder=desc&output=1,2,death
Haines Borough,2100.0,Yes,159.9 ,99.6, 246.1,5,*,*,*,*,1,county,1,deathrates_022.csv,0,0,https://www.statecancerprofiles.cancer.gov/deathrates/index.php?stateFIPS=02&areatype=county&cancer=001&race=00&sex=0&age=001&type=death&sortVariableName=rate&sortOrder=desc&output=1,2,death
Northwest Arctic Borough,2188.0,Yes,157.4 ,109.6, 217.3,8,stable,-1.7 ,-3.7, 0.4,1,county,1,deathrates_022.csv,0,0,https://www.statecancerprofiles.cancer.gov/deathrates/index.php?stateFIPS=02&areatype=county&cancer=001&race=00&sex=0&age=001&type=death&sortVariableName=rate&sortOrder=desc&output=1,2,death
Kenai Peninsula Borough,2122.0,Yes,157.3 ,142.9, 172.7,102,falling,-1.8 ,-2.5, -1.1,1,county,1,deathrates_022.csv,0,0,https://www.statecancerprofiles.cancer.gov/deathrates/index.php?stateFIPS=02&areatype=county&cancer=001&race=00&sex=0&age=001&type=death&sortVariableName=rate&sortOrder=desc&output=1,2,death
Anchorage Municipality,2020.0,Yes,157.3 ,149.6, 165.2,366,falling,-1.4 ,-1.8, -1.0,1,county,1,deathrates_022.csv,0,0,https://www.statecancerprofiles.cancer.gov/deathrates/index.php?stateFIPS=02&areatype=county&cancer=001&race=00&sex=0&age=001&type=death&sortVariableName=rate&sortOrder=desc&output=1,2,death
Sitka City and Borough,2220.0,Yes,146.1 ,112.9, 186.2,14,stable,-1.4 ,-2.8, 0.0,1,county,1,deathrates_022.csv,0,0,https://www.statecancerprofiles.cancer.gov/deathrates/index.php?stateFIPS=02&areatype=county&cancer=001&race=00&sex=0&age=001&type=death&sortVariableName=rate&sortOrder=desc&output=1,2,death
Ketchikan Gateway Borough,2130.0,Yes,145.7 ,117.2, 179,20,falling,-1.4 ,-2.7, -0.2,1,county,1,deathrates_022.csv,0,0,https://www.statecancerprofiles.cancer.gov/deathrates/index.php?stateFIPS=02&areatype=county&cancer=001&race=00&sex=0&age=001&type=death&sortVariableName=rate&sortOrder=desc&output=1,2,death
Aleutians East Borough (3),2013.0,***,* ,*, *,3 or fewer,*,*,*,*,1,county,1,deathrates_022.csv,0,0,https://www.statecancerprofiles.cancer.gov/deathrates/index.php?stateFIPS=02&areatype=county&cancer=001&race=00&sex=0&age=001&type=death&sortVariableName=rate&sortOrder=desc&output=1,2,death
Bristol Bay Borough,2060.0,***,* ,*, *,3 or fewer,*,*,*,*,1,county,1,deathrates_022.csv,0,0,https://www.statecancerprofiles.cancer.gov/deathrates/index.php?stateFIPS=02&areatype=county&cancer=001&race=00&sex=0&age=001&type=death&sortVariableName=rate&sortOrder=desc&output=1,2,death
Denali Borough,2068.0,***,* ,*, *,3 or fewer,*,*,*,*,1,county,1,deathrates_022.csv,0,0,https://www.statecancerprofiles.cancer.gov/deathrates/index.php?stateFIPS=02&areatype=county&cancer=001&race=00&sex=0&age=001&type=death&sortVariableName=rate&sortOrder=desc&output=1,2,death
Yakutat City and Borough (3),2282.0,***,* ,*, *,3 or fewer,*,*,*,*,1,county,1,deathrates_022.csv,0,0,https://www.statecancerprofiles.cancer.gov/deathrates/index.php?stateFIPS=02&areatype=county&cancer=001&race=00&sex=0&age=001&type=death&sortVariableName=rate&sortOrder=desc&output=1,2,death
Alaska,2900.0,Yes,157.4 ,151.9, 163.1,716,falling,-1.4 ,-1.6, -1.2,1,state,1,deathrates_023.csv,1,0,https://www.statecancerprofiles.cancer.gov/deathrates/index.php?stateFIPS=02&areatype=county&cancer=001&race=01&sex=0&age=001&type=death&sortVariableName=rate&sortOrder=desc&output=1,2,death
United States,0.0,No,161.5 ,161.3, 161.7,501895,falling,-1.4 ,-1.4, -1.4,1,country,1,deathrates_023.csv,1,0,https://www.statecancerprofiles.cancer.gov/deathrates/index.php?stateFIPS=02&areatype=county&cancer=001&race=01&sex=0&age=001&type=death&sortVariableName=rate&sortOrder=desc&output=1,2,death
Yukon-Koyukuk Census Area,2290.0,No,310.8 ,186.9, 487.3,4,*,*,*,*,1,county,1,deathrates_023.csv,1,0,https://www.statecancerprofiles.cancer.gov/deathrates/index.php?stateFIPS=02&areatype=county&cancer=001&race=01&sex=0&age=001&type=death&sortVariableName=rate&sortOrder=desc&output=1,2,death
Southeast Fairbanks Census Area,2240.0,No,196.2 ,139.4, 266.9,9,stable,-0.9 ,-3.1, 1.3,1,county,1,deathrates_023.csv,1,0,https://www.statecancerprofiles.cancer.gov/deathrates/index.php?stateFIPS=02&areatype=county&cancer=001&race=01&sex=0&age=001&type=death&sortVariableName=rate&sortOrder=desc&output=1,2,death
Valdez-Cordova Census Area,2261.0,No,179 ,129.6, 239.9,12,falling,-2.3 ,-4.0, -0.5,1,county,1,deathrates_023.csv,1,0,https://www.statecancerprofiles.cancer.gov/deathrates/index.php?stateFIPS=02&areatype=county&cancer=001&race=01&sex=0&age=001&type=death&sortVariableName=rate&sortOrder=desc&output=1,2,death
Juneau City and Borough,2110.0,No,176.1 ,149.8, 205.5,39,falling,-1.0 ,-2.0, -0.1,1,county,1,deathrates_023.csv,1,0,https://www.statecancerprofiles.cancer.gov/deathrates/index.php?stateFIPS=02&areatype=county&cancer=001&race=01&sex=0&age=001&type=death&sortVariableName=rate&sortOrder=desc&output=1,2,death
Haines Borough,2100.0,No,173.8 ,105.5, 273.9,5,*,*,*,*,1,county,1,deathrates_023.csv,1,0,https://www.statecancerprofiles.cancer.gov/deathrates/index.php?stateFIPS=02&areatype=county&cancer=001&race=01&sex=0&age=001&type=death&sortVariableName=rate&sortOrder=desc&output=1,2,death
Wrangell-Petersburg Census Area,2280.0,No,171 ,127.8, 226.2,11,stable,-0.7 ,-2.1, 0.6,1,county,1,deathrates_023.csv,1,0,https://www.statecancerprofiles.cancer.gov/deathrates/index.php?stateFIPS=02&areatype=county&cancer=001&race=01&sex=0&age=001&type=death&sortVariableName=rate&sortOrder=desc&output=1,2,death
Matanuska-Susitna Borough,2170.0,No,169.8 ,155.6, 184.9,127,falling,-1.1 ,-1.9, -0.3,1,county,1,deathrates_023.csv,1,0,https://www.statecancerprofiles.cancer.gov/deathrates/index.php?stateFIPS=02&areatype=county&cancer=001&race=01&sex=0&age=001&type=death&sortVariableName=rate&sortOrder=desc&output=1,2,death
Fairbanks North Borough,2090.0,Yes,160 ,144.4, 176.8,93,falling,-1.2 ,-1.9, -0.5,1,county,1,deathrates_023.csv,1,0,https://www.statecancerprofiles.cancer.gov/deathrates/index.php?stateFIPS=02&areatype=county&cancer=001&race=01&sex=0&age=001&type=death&sortVariableName=rate&sortOrder=desc&output=1,2,death
Kodiak Island Borough,2150.0,Yes,158.4 ,111.1, 217.2,10,falling,-3.0 ,-5.0, -0.9,1,county,1,deathrates_023.csv,1,0,https://www.statecancerprofiles.cancer.gov/deathrates/index.php?stateFIPS=02&areatype=county&cancer=001&race=01&sex=0&age=001&type=death&sortVariableName=rate&sortOrder=desc&output=1,2,death
Skagway-Hoonah-Angoon Census Area (3),2232.0,Yes,157 ,92, 255.6,4,*,*,*,*,1,county,1,deathrates_023.csv,1,0,https://www.statecancerprofiles.cancer.gov/deathrates/index.php?stateFIPS=02&areatype=county&cancer=001&race=01&sex=0&age=001&type=death&sortVariableName=rate&sortOrder=desc&output=1,2,death
Kenai Peninsula Borough,2122.0,Yes,156 ,141.2, 171.9,94,falling,-1.7 ,-2.4, -1.0,1,county,1,deathrates_023.csv,1,0,https://www.statecancerprofiles.cancer.gov/deathrates/index.php?stateFIPS=02&areatype=county&cancer=001&race=01&sex=0&age=001&type=death&sortVariableName=rate&sortOrder=desc&output=1,2,death
Anchorage Municipality,2020.0,Yes,152 ,143.4, 161,269,falling,-1.4 ,-1.9, -1.0,1,county,1,deathrates_023.csv,1,0,https://www.statecancerprofiles.cancer.gov/deathrates/index.php?stateFIPS=02&areatype=county&cancer=001&race=01&sex=0&age=001&type=death&sortVariableName=rate&sortOrder=desc&output=1,2,death
Sitka City and Borough,2220.0,Yes,151.6 ,111, 202.3,10,stable,-1.7 ,-3.3, 0.0,1,county,1,deathrates_023.csv,1,0,https://www.statecancerprofiles.cancer.gov/deathrates/index.php?stateFIPS=02&areatype=county&cancer=001&race=01&sex=0&age=001&type=death&sortVariableName=rate&sortOrder=desc&output=1,2,death
Ketchikan Gateway Borough,2130.0,Yes,139.9 ,108.2, 178.1,15,stable,-1.3 ,-2.8, 0.3,1,county,1,deathrates_023.csv,1,0,https://www.statecancerprofiles.cancer.gov/deathrates/index.php?stateFIPS=02&areatype=county&cancer=001&race=01&sex=0&age=001&type=death&sortVariableName=rate&sortOrder=desc&output=1,2,death
Prince of Wales-Outer Ketchikan Census Area,2201.0,Yes,135.6 ,81.6, 213.4,5,*,*,*,*,1,county,1,deathrates_023.csv,1,0,https://www.statecancerprofiles.cancer.gov/deathrates/index.php?stateFIPS=02&areatype=county&cancer=001&race=01&sex=0&age=001&type=death&sortVariableName=rate&sortOrder=desc&output=1,2,death
Aleutians East Borough (3),2013.0,***,* ,*, *,3 or fewer,*,*,*,*,1,county,1,deathrates_023.csv,1,0,https://www.statecancerprofiles.cancer.gov/deathrates/index.php?stateFIPS=02&areatype=county&cancer=001&race=01&sex=0&age=001&type=death&sortVariableName=rate&sortOrder=desc&output=1,2,death
Aleutians West Census Area (3),2016.0,***,* ,*, *,3 or fewer,*,*,*,*,1,county,1,deathrates_023.csv,1,0,https://www.statecancerprofiles.cancer.gov/deathrates/index.php?stateFIPS=02&areatype=county&cancer=001&race=01&sex=0&age=001&type=death&sortVariableName=rate&sortOrder=desc&output=1,2,death
Bethel Census Area,2050.0,***,* ,*, *,3 or fewer,*,*,*,*,1,county,1,deathrates_023.csv,1,0,https://www.statecancerprofiles.cancer.gov/deathrates/index.php?stateFIPS=02&areatype=county&cancer=001&race=01&sex=0&age=001&type=death&sortVariableName=rate&sortOrder=desc&output=1,2,death
Bristol Bay Borough,2060.0,***,* ,*, *,3 or fewer,*,*,*,*,1,county,1,deathrates_023.csv,1,0,https://www.statecancerprofiles.cancer.gov/deathrates/index.php?stateFIPS=02&areatype=county&cancer=001&race=01&sex=0&age=001&type=death&sortVariableName=rate&sortOrder=desc&output=1,2,death
Denali Borough,2068.0,***,* ,*, *,3 or fewer,*,*,*,*,1,county,1,deathrates_023.csv,1,0,https://www.statecancerprofiles.cancer.gov/deathrates/index.php?stateFIPS=02&areatype=county&cancer=001&race=01&sex=0&age=001&type=death&sortVariableName=rate&sortOrder=desc&output=1,2,death
Dillingham Census Area (3),2070.0,***,* ,*, *,3 or fewer,*,*,*,*,1,county,1,deathrates_023.csv,1,0,https://www.statecancerprofiles.cancer.gov/deathrates/index.php?stateFIPS=02&areatype=county&cancer=001&race=01&sex=0&age=001&type=death&sortVariableName=rate&sortOrder=desc&output=1,2,death
Lake and Peninsula Borough (3),2164.0,***,* ,*, *,3 or fewer,*,*,*,*,1,county,1,deathrates_023.csv,1,0,https://www.statecancerprofiles.cancer.gov/deathrates/index.php?stateFIPS=02&areatype=county&cancer=001&race=01&sex=0&age=001&type=death&sortVariableName=rate&sortOrder=desc&output=1,2,death
Nome Census Area,2180.0,***,* ,*, *,3 or fewer,*,*,*,*,1,county,1,deathrates_023.csv,1,0,https://www.statecancerprofiles.cancer.gov/deathrates/index.php?stateFIPS=02&areatype=county&cancer=001&race=01&sex=0&age=001&type=death&sortVariableName=rate&sortOrder=desc&output=1,2,death
North Slope Borough,2185.0,***,* ,*, *,3 or fewer,*,*,*,*,1,county,1,deathrates_023.csv,1,0,https://www.statecancerprofiles.cancer.gov/deathrates/index.php?stateFIPS=02&areatype=county&cancer=001&race=01&sex=0&age=001&type=death&sortVariableName=rate&sortOrder=desc&output=1,2,death
Northwest Arctic Borough,2188.0,***,* ,*, *,3 or fewer,*,*,*,*,1,county,1,deathrates_023.csv,1,0,https://www.statecancerprofiles.cancer.gov/deathrates/index.php?stateFIPS=02&areatype=county&cancer=001&race=01&sex=0&age=001&type=death&sortVariableName=rate&sortOrder=desc&output=1,2,death
Wade Hampton Census Area,2270.0,***,* ,*, *,3 or fewer,*,*,*,*,1,county,1,deathrates_023.csv,1,0,https://www.statecancerprofiles.cancer.gov/deathrates/index.php?stateFIPS=02&areatype=county&cancer=001&race=01&sex=0&age=001&type=death&sortVariableName=rate&sortOrder=desc&output=1,2,death
Yakutat City and Borough (3),2282.0,***,* ,*, *,3 or fewer,*,*,*,*,1,county,1,deathrates_023.csv,1,0,https://www.statecancerprofiles.cancer.gov/deathrates/index.php?stateFIPS=02&areatype=county&cancer=001&race=01&sex=0&age=001&type=death&sortVariableName=rate&sortOrder=desc&output=1,2,death
Alaska,2900.0,Yes,126.8 ,95.9, 163.1,16,*,*,*,*,1,state,1,deathrates_024.csv,6,0,https://www.statecancerprofiles.cancer.gov/deathrates/index.php?stateFIPS=02&areatype=county&cancer=001&race=06&sex=0&age=001&type=death&sortVariableName=rate&sortOrder=desc&output=1,2,death
United States (6),0.0,Yes,120 ,119.4, 120.6,35660,falling,-1.1 ,-1.2, -1.1,1,county,1,deathrates_024.csv,6,0,https://www.statecancerprofiles.cancer.gov/deathrates/index.php?stateFIPS=02&areatype=county&cancer=001&race=06&sex=0&age=001&type=death&sortVariableName=rate&sortOrder=desc&output=1,2,death
Anchorage Municipality,2020.0,Yes,154.8 ,112.9, 205.1,12,stable,0.9 ,-2.2, 4.1,1,county,1,deathrates_024.csv,6,0,https://www.statecancerprofiles.cancer.gov/deathrates/index.php?stateFIPS=02&areatype=county&cancer=001&race=06&sex=0&age=001&type=death&sortVariableName=rate&sortOrder=desc&output=1,2,death
Aleutians East Borough (3),2013.0,***,* ,*, *,3 or fewer,*,*,*,*,1,county,1,deathrates_024.csv,6,0,https://www.statecancerprofiles.cancer.gov/deathrates/index.php?stateFIPS=02&areatype=county&cancer=001&race=06&sex=0&age=001&type=death&sortVariableName=rate&sortOrder=desc&output=1,2,death
Aleutians West Census Area (3),2016.0,***,* ,*, *,3 or fewer,*,*,*,*,1,county,1,deathrates_024.csv,6,0,https://www.statecancerprofiles.cancer.gov/deathrates/index.php?stateFIPS=02&areatype=county&cancer=001&race=06&sex=0&age=001&type=death&sortVariableName=rate&sortOrder=desc&output=1,2,death
Bethel Census Area,2050.0,***,* ,*, *,3 or fewer,*,*,*,*,1,county,1,deathrates_024.csv,6,0,https://www.statecancerprofiles.cancer.gov/deathrates/index.php?stateFIPS=02&areatype=county&cancer=001&race=06&sex=0&age=001&type=death&sortVariableName=rate&sortOrder=desc&output=1,2,death
Bristol Bay Borough,2060.0,***,* ,*, *,3 or fewer,*,*,*,*,1,county,1,deathrates_024.csv,6,0,https://www.statecancerprofiles.cancer.gov/deathrates/index.php?stateFIPS=02&areatype=county&cancer=001&race=06&sex=0&age=001&type=death&sortVariableName=rate&sortOrder=desc&output=1,2,death
Denali Borough,2068.0,***,* ,*, *,3 or fewer,*,*,*,*,1,county,1,deathrates_024.csv,6,0,https://www.statecancerprofiles.cancer.gov/deathrates/index.php?stateFIPS=02&areatype=county&cancer=001&race=06&sex=0&age=001&type=death&sortVariableName=rate&sortOrder=desc&output=1,2,death
Dillingham Census Area (3),2070.0,***,* ,*, *,3 or fewer,*,*,*,*,1,county,1,deathrates_024.csv,6,0,https://www.statecancerprofiles.cancer.gov/deathrates/index.php?stateFIPS=02&areatype=county&cancer=001&race=06&sex=0&age=001&type=death&sortVariableName=rate&sortOrder=desc&output=1,2,death
Fairbanks North Borough,2090.0,***,* ,*, *,3 or fewer,*,*,*,*,1,county,1,deathrates_024.csv,6,0,https://www.statecancerprofiles.cancer.gov/deathrates/index.php?stateFIPS=02&areatype=county&cancer=001&race=06&sex=0&age=001&type=death&sortVariableName=rate&sortOrder=desc&output=1,2,death
Haines Borough,2100.0,***,* ,*, *,3 or fewer,*,*,*,*,1,county,1,deathrates_024.csv,6,0,https://www.statecancerprofiles.cancer.gov/deathrates/index.php?stateFIPS=02&areatype=county&cancer=001&race=06&sex=0&age=001&type=death&sortVariableName=rate&sortOrder=desc&output=1,2,death
Juneau City and Borough,2110.0,***,* ,*, *,3 or fewer,*,*,*,*,1,county,1,deathrates_024.csv,6,0,https://www.statecancerprofiles.cancer.gov/deathrates/index.php?stateFIPS=02&areatype=county&cancer=001&race=06&sex=0&age=001&type=death&sortVariableName=rate&sortOrder=desc&output=1,2,death
Kenai Peninsula Borough,2122.0,***,* ,*, *,3 or fewer,*,*,*,*,1,county,1,deathrates_024.csv,6,0,https://www.statecancerprofiles.cancer.gov/deathrates/index.php?stateFIPS=02&areatype=county&cancer=001&race=06&sex=0&age=001&type=death&sortVariableName=rate&sortOrder=desc&output=1,2,death
Ketchikan Gateway Borough,2130.0,***,* ,*, *,3 or fewer,*,*,*,*,1,county,1,deathrates_024.csv,6,0,https://www.statecancerprofiles.cancer.gov/deathrates/index.php?stateFIPS=02&areatype=county&cancer=001&race=06&sex=0&age=001&type=death&sortVariableName=rate&sortOrder=desc&output=1,2,death
Kodiak Island Borough,2150.0,***,* ,*, *,3 or fewer,*,*,*,*,1,county,1,deathrates_024.csv,6,0,https://www.statecancerprofiles.cancer.gov/deathrates/index.php?stateFIPS=02&areatype=county&cancer=001&race=06&sex=0&age=001&type=death&sortVariableName=rate&sortOrder=desc&output=1,2,death
Lake and Peninsula Borough (3),2164.0,***,* ,*, *,3 or fewer,*,*,*,*,1,county,1,deathrates_024.csv,6,0,https://www.statecancerprofiles.cancer.gov/deathrates/index.php?stateFIPS=02&areatype=county&cancer=001&race=06&sex=0&age=001&type=death&sortVariableName=rate&sortOrder=desc&output=1,2,death
Matanuska-Susitna Borough,2170.0,***,* ,*, *,3 or fewer,*,*,*,*,1,county,1,deathrates_024.csv,6,0,https://www.statecancerprofiles.cancer.gov/deathrates/index.php?stateFIPS=02&areatype=county&cancer=001&race=06&sex=0&age=001&type=death&sortVariableName=rate&sortOrder=desc&output=1,2,death
Nome Census Area,2180.0,***,* ,*, *,3 or fewer,*,*,*,*,1,county,1,deathrates_024.csv,6,0,https://www.statecancerprofiles.cancer.gov/deathrates/index.php?stateFIPS=02&areatype=county&cancer=001&race=06&sex=0&age=001&type=death&sortVariableName=rate&sortOrder=desc&output=1,2,death
North Slope Borough,2185.0,***,* ,*, *,3 or fewer,*,*,*,*,1,county,1,deathrates_024.csv,6,0,https://www.statecancerprofiles.cancer.gov/deathrates/index.php?stateFIPS=02&areatype=county&cancer=001&race=06&sex=0&age=001&type=death&sortVariableName=rate&sortOrder=desc&output=1,2,death
Northwest Arctic Borough,2188.0,***,* ,*, *,3 or fewer,*,*,*,*,1,county,1,deathrates_024.csv,6,0,https://www.statecancerprofiles.cancer.gov/deathrates/index.php?stateFIPS=02&areatype=county&cancer=001&race=06&sex=0&age=001&type=death&sortVariableName=rate&sortOrder=desc&output=1,2,death
Prince of Wales-Outer Ketchikan Census Area,2201.0,***,* ,*, *,3 or fewer,*,*,*,*,1,county,1,deathrates_024.csv,6,0,https://www.statecancerprofiles.cancer.gov/deathrates/index.php?stateFIPS=02&areatype=county&cancer=001&race=06&sex=0&age=001&type=death&sortVariableName=rate&sortOrder=desc&output=1,2,death
Sitka City and Borough,2220.0,***,* ,*, *,3 or fewer,*,*,*,*,1,county,1,deathrates_024.csv,6,0,https://www.statecancerprofiles.cancer.gov/deathrates/index.php?stateFIPS=02&areatype=county&cancer=001&race=06&sex=0&age=001&type=death&sortVariableName=rate&sortOrder=desc&output=1,2,death
Skagway-Hoonah-Angoon Census Area (3),2232.0,***,* ,*, *,3 or fewer,*,*,*,*,1,county,1,deathrates_024.csv,6,0,https://www.statecancerprofiles.cancer.gov/deathrates/index.php?stateFIPS=02&areatype=county&cancer=001&race=06&sex=0&age=001&type=death&sortVariableName=rate&sortOrder=desc&output=1,2,death
Southeast Fairbanks Census Area,2240.0,***,* ,*, *,3 or fewer,*,*,*,*,1,county,1,deathrates_024.csv,6,0,https://www.statecancerprofiles.cancer.gov/deathrates/index.php?stateFIPS=02&areatype=county&cancer=001&race=06&sex=0&age=001&type=death&sortVariableName=rate&sortOrder=desc&output=1,2,death
Valdez-Cordova Census Area,2261.0,***,* ,*, *,3 or fewer,*,*,*,*,1,county,1,deathrates_024.csv,6,0,https://www.statecancerprofiles.cancer.gov/deathrates/index.php?stateFIPS=02&areatype=county&cancer=001&race=06&sex=0&age=001&type=death&sortVariableName=rate&sortOrder=desc&output=1,2,death
Wade Hampton Census Area,2270.0,***,* ,*, *,3 or fewer,*,*,*,*,1,county,1,deathrates_024.csv,6,0,https://www.statecancerprofiles.cancer.gov/deathrates/index.php?stateFIPS=02&areatype=county&cancer=001&race=06&sex=0&age=001&type=death&sortVariableName=rate&sortOrder=desc&output=1,2,death
Wrangell-Petersburg Census Area,2280.0,***,* ,*, *,3 or fewer,*,*,*,*,1,county,1,deathrates_024.csv,6,0,https://www.statecancerprofiles.cancer.gov/deathrates/index.php?stateFIPS=02&areatype=county&cancer=001&race=06&sex=0&age=001&type=death&sortVariableName=rate&sortOrder=desc&output=1,2,death
Yakutat City and Borough (3),2282.0,***,* ,*, *,3 or fewer,*,*,*,*,1,county,1,deathrates_024.csv,6,0,https://www.statecancerprofiles.cancer.gov/deathrates/index.php?stateFIPS=02&areatype=county&cancer=001&race=06&sex=0&age=001&type=death&sortVariableName=rate&sortOrder=desc&output=1,2,death
Yukon-Koyukuk Census Area,2290.0,***,* ,*, *,3 or fewer,*,*,*,*,1,county,1,deathrates_024.csv,6,0,https://www.statecancerprofiles.cancer.gov/deathrates/index.php?stateFIPS=02&areatype=county&cancer=001&race=06&sex=0&age=001&type=death&sortVariableName=rate&sortOrder=desc&output=1,2,death
Alaska,2900.0,Yes,158.4 ,152.7, 164.2,700,falling,-1.4 ,-1.6, -1.1,1,state,1,deathrates_025.csv,7,0,https://www.statecancerprofiles.cancer.gov/deathrates/index.php?stateFIPS=02&areatype=county&cancer=001&race=07&sex=0&age=001&type=death&sortVariableName=rate&sortOrder=desc&output=1,2,death
United States (6),0.0,No,165.4 ,165.2, 165.7,465052,falling,-1.4 ,-1.4, -1.3,1,county,1,deathrates_025.csv,7,0,https://www.statecancerprofiles.cancer.gov/deathrates/index.php?stateFIPS=02&areatype=county&cancer=001&race=07&sex=0&age=001&type=death&sortVariableName=rate&sortOrder=desc&output=1,2,death
Yukon-Koyukuk Census Area,2290.0,No,316.3 ,190.3, 496.7,4,*,*,*,*,1,county,1,deathrates_025.csv,7,0,https://www.statecancerprofiles.cancer.gov/deathrates/index.php?stateFIPS=02&areatype=county&cancer=001&race=07&sex=0&age=001&type=death&sortVariableName=rate&sortOrder=desc&output=1,2,death
Southeast Fairbanks Census Area,2240.0,No,198.3 ,141, 269.9,9,stable,-0.9 ,-3.1, 1.3,1,county,1,deathrates_025.csv,7,0,https://www.statecancerprofiles.cancer.gov/deathrates/index.php?stateFIPS=02&areatype=county&cancer=001&race=07&sex=0&age=001&type=death&sortVariableName=rate&sortOrder=desc&output=1,2,death
Valdez-Cordova Census Area,2261.0,No,182.9 ,132.5, 245.1,12,falling,-2.2 ,-4.0, -0.3,1,county,1,deathrates_025.csv,7,0,https://www.statecancerprofiles.cancer.gov/deathrates/index.php?stateFIPS=02&areatype=county&cancer=001&race=07&sex=0&age=001&type=death&sortVariableName=rate&sortOrder=desc&output=1,2,death
Haines Borough,2100.0,No,175.7 ,106.6, 277.4,5,*,*,*,*,1,county,1,deathrates_025.csv,7,0,https://www.statecancerprofiles.cancer.gov/deathrates/index.php?stateFIPS=02&areatype=county&cancer=001&race=07&sex=0&age=001&type=death&sortVariableName=rate&sortOrder=desc&output=1,2,death
Juneau City and Borough,2110.0,No,174.8 ,148.4, 204.3,38,falling,-1.1 ,-2.1, -0.1,1,county,1,deathrates_025.csv,7,0,https://www.statecancerprofiles.cancer.gov/deathrates/index.php?stateFIPS=02&areatype=county&cancer=001&race=07&sex=0&age=001&type=death&sortVariableName=rate&sortOrder=desc&output=1,2,death
Wrangell-Petersburg Census Area,2280.0,No,173.1 ,129.4, 229.3,11,stable,-0.7 ,-2.0, 0.7,1,county,1,deathrates_025.csv,7,0,https://www.statecancerprofiles.cancer.gov/deathrates/index.php?stateFIPS=02&areatype=county&cancer=001&race=07&sex=0&age=001&type=death&sortVariableName=rate&sortOrder=desc&output=1,2,death
Matanuska-Susitna Borough,2170.0,No,169.8 ,155.5, 184.9,125,falling,-1.1 ,-1.9, -0.3,1,county,1,deathrates_025.csv,7,0,https://www.statecancerprofiles.cancer.gov/deathrates/index.php?stateFIPS=02&areatype=county&cancer=001&race=07&sex=0&age=001&type=death&sortVariableName=rate&sortOrder=desc&output=1,2,death
Kodiak Island Borough,2150.0,No,165.6 ,116.6, 226.7,10,falling,-2.8 ,-4.9, -0.8,1,county,1,deathrates_025.csv,7,0,https://www.statecancerprofiles.cancer.gov/deathrates/index.php?stateFIPS=02&areatype=county&cancer=001&race=07&sex=0&age=001&type=death&sortVariableName=rate&sortOrder=desc&output=1,2,death
Fairbanks North Borough,2090.0,No,162.2 ,146.3, 179.3,92,falling,-1.1 ,-1.8, -0.4,1,county,1,deathrates_025.csv,7,0,https://www.statecancerprofiles.cancer.gov/deathrates/index.php?stateFIPS=02&areatype=county&cancer=001&race=07&sex=0&age=001&type=death&sortVariableName=rate&sortOrder=desc&output=1,2,death
Skagway-Hoonah-Angoon Census Area (3),2232.0,Yes,157.4 ,90.9, 259.1,4,*,*,*,*,1,county,1,deathrates_025.csv,7,0,https://www.statecancerprofiles.cancer.gov/deathrates/index.php?stateFIPS=02&areatype=county&cancer=001&race=07&sex=0&age=001&type=death&sortVariableName=rate&sortOrder=desc&output=1,2,death
Kenai Peninsula Borough,2122.0,Yes,157.4 ,142.4, 173.5,93,falling,-1.7 ,-2.4, -1.0,1,county,1,deathrates_025.csv,7,0,https://www.statecancerprofiles.cancer.gov/deathrates/index.php?stateFIPS=02&areatype=county&cancer=001&race=07&sex=0&age=001&type=death&sortVariableName=rate&sortOrder=desc&output=1,2,death
Sitka City and Borough,2220.0,Yes,154.8 ,113.3, 206.9,10,stable,-1.6 ,-3.2, 0.1,1,county,1,deathrates_025.csv,7,0,https://www.statecancerprofiles.cancer.gov/deathrates/index.php?stateFIPS=02&areatype=county&cancer=001&race=07&sex=0&age=001&type=death&sortVariableName=rate&sortOrder=desc&output=1,2,death
Anchorage Municipality,2020.0,Yes,151.9 ,143.1, 161.1,257,falling,-1.5 ,-1.9, -1.0,1,county,1,deathrates_025.csv,7,0,https://www.statecancerprofiles.cancer.gov/deathrates/index.php?stateFIPS=02&areatype=county&cancer=001&race=07&sex=0&age=001&type=death&sortVariableName=rate&sortOrder=desc&output=1,2,death
Ketchikan Gateway Borough,2130.0,Yes,142.6 ,110.2, 181.6,15,stable,-1.2 ,-2.7, 0.4,1,county,1,deathrates_025.csv,7,0,https://www.statecancerprofiles.cancer.gov/deathrates/index.php?stateFIPS=02&areatype=county&cancer=001&race=07&sex=0&age=001&type=death&sortVariableName=rate&sortOrder=desc&output=1,2,death
Prince of Wales-Outer Ketchikan Census Area,2201.0,Yes,137.9 ,83.1, 216.9,5,*,*,*,*,1,county,1,deathrates_025.csv,7,0,https://www.statecancerprofiles.cancer.gov/deathrates/index.php?stateFIPS=02&areatype=county&cancer=001&race=07&sex=0&age=001&type=death&sortVariableName=rate&sortOrder=desc&output=1,2,death
Aleutians East Borough (3),2013.0,***,* ,*, *,3 or fewer,*,*,*,*,1,county,1,deathrates_025.csv,7,0,https://www.statecancerprofiles.cancer.gov/deathrates/index.php?stateFIPS=02&areatype=county&cancer=001&race=07&sex=0&age=001&type=death&sortVariableName=rate&sortOrder=desc&output=1,2,death
Aleutians West Census Area (3),2016.0,***,* ,*, *,3 or fewer,*,*,*,*,1,county,1,deathrates_025.csv,7,0,https://www.statecancerprofiles.cancer.gov/deathrates/index.php?stateFIPS=02&areatype=county&cancer=001&race=07&sex=0&age=001&type=death&sortVariableName=rate&sortOrder=desc&output=1,2,death
Bethel Census Area,2050.0,***,* ,*, *,3 or fewer,*,*,*,*,1,county,1,deathrates_025.csv,7,0,https://www.statecancerprofiles.cancer.gov/deathrates/index.php?stateFIPS=02&areatype=county&cancer=001&race=07&sex=0&age=001&type=death&sortVariableName=rate&sortOrder=desc&output=1,2,death
Bristol Bay Borough,2060.0,***,* ,*, *,3 or fewer,*,*,*,*,1,county,1,deathrates_025.csv,7,0,https://www.statecancerprofiles.cancer.gov/deathrates/index.php?stateFIPS=02&areatype=county&cancer=001&race=07&sex=0&age=001&type=death&sortVariableName=rate&sortOrder=desc&output=1,2,death
Denali Borough,2068.0,***,* ,*, *,3 or fewer,*,*,*,*,1,county,1,deathrates_025.csv,7,0,https://www.statecancerprofiles.cancer.gov/deathrates/index.php?stateFIPS=02&areatype=county&cancer=001&race=07&sex=0&age=001&type=death&sortVariableName=rate&sortOrder=desc&output=1,2,death
Dillingham Census Area (3),2070.0,***,* ,*, *,3 or fewer,*,*,*,*,1,county,1,deathrates_025.csv,7,0,https://www.statecancerprofiles.cancer.gov/deathrates/index.php?stateFIPS=02&areatype=county&cancer=001&race=07&sex=0&age=001&type=death&sortVariableName=rate&sortOrder=desc&output=1,2,death
Lake and Peninsula Borough (3),2164.0,***,* ,*, *,3 or fewer,*,*,*,*,1,county,1,deathrates_025.csv,7,0,https://www.statecancerprofiles.cancer.gov/deathrates/index.php?stateFIPS=02&areatype=county&cancer=001&race=07&sex=0&age=001&type=death&sortVariableName=rate&sortOrder=desc&output=1,2,death
Nome Census Area,2180.0,***,* ,*, *,3 or fewer,*,*,*,*,1,county,1,deathrates_025.csv,7,0,https://www.statecancerprofiles.cancer.gov/deathrates/index.php?stateFIPS=02&areatype=county&cancer=001&race=07&sex=0&age=001&type=death&sortVariableName=rate&sortOrder=desc&output=1,2,death
North Slope Borough,2185.0,***,* ,*, *,3 or fewer,*,*,*,*,1,county,1,deathrates_025.csv,7,0,https://www.statecancerprofiles.cancer.gov/deathrates/index.php?stateFIPS=02&areatype=county&cancer=001&race=07&sex=0&age=001&type=death&sortVariableName=rate&sortOrder=desc&output=1,2,death
Northwest Arctic Borough,2188.0,***,* ,*, *,3 or fewer,*,*,*,*,1,county,1,deathrates_025.csv,7,0,https://www.statecancerprofiles.cancer.gov/deathrates/index.php?stateFIPS=02&areatype=county&cancer=001&race=07&sex=0&age=001&type=death&sortVariableName=rate&sortOrder=desc&output=1,2,death
Wade Hampton Census Area,2270.0,***,* ,*, *,3 or fewer,*,*,*,*,1,county,1,deathrates_025.csv,7,0,https://www.statecancerprofiles.cancer.gov/deathrates/index.php?stateFIPS=02&areatype=county&cancer=001&race=07&sex=0&age=001&type=death&sortVariableName=rate&sortOrder=desc&output=1,2,death
Yakutat City and Borough (3),2282.0,***,* ,*, *,3 or fewer,*,*,*,*,1,county,1,deathrates_025.csv,7,0,https://www.statecancerprofiles.cancer.gov/deathrates/index.php?stateFIPS=02&areatype=county&cancer=001&race=07&sex=0&age=001&type=death&sortVariableName=rate&sortOrder=desc&output=1,2,death
Alaska,2900.0,No,182.6 ,148.8, 220.7,26,stable,-1.7 ,-3.4, 0.0,1,state,1,deathrates_026.csv,2,0,https://www.statecancerprofiles.cancer.gov/deathrates/index.php?stateFIPS=02&areatype=county&cancer=001&race=02&sex=0&age=001&type=death&sortVariableName=rate&sortOrder=desc&output=1,2,death
United States,0.0,No,185.6 ,184.9, 186.2,68886,falling,-2.1 ,-2.2, -2.0,1,country,1,deathrates_026.csv,2,0,https://www.statecancerprofiles.cancer.gov/deathrates/index.php?stateFIPS=02&areatype=county&cancer=001&race=02&sex=0&age=001&type=death&sortVariableName=rate&sortOrder=desc&output=1,2,death
Anchorage Municipality,2020.0,No,203.8 ,161.1, 253,21,stable,-1.2 ,-3.1, 0.7,1,county,1,deathrates_026.csv,2,0,https://www.statecancerprofiles.cancer.gov/deathrates/index.php?stateFIPS=02&areatype=county&cancer=001&race=02&sex=0&age=001&type=death&sortVariableName=rate&sortOrder=desc&output=1,2,death
Aleutians East Borough (3),2013.0,***,* ,*, *,3 or fewer,*,*,*,*,1,county,1,deathrates_026.csv,2,0,https://www.statecancerprofiles.cancer.gov/deathrates/index.php?stateFIPS=02&areatype=county&cancer=001&race=02&sex=0&age=001&type=death&sortVariableName=rate&sortOrder=desc&output=1,2,death
Aleutians West Census Area (3),2016.0,***,* ,*, *,3 or fewer,*,*,*,*,1,county,1,deathrates_026.csv,2,0,https://www.statecancerprofiles.cancer.gov/deathrates/index.php?stateFIPS=02&areatype=county&cancer=001&race=02&sex=0&age=001&type=death&sortVariableName=rate&sortOrder=desc&output=1,2,death
Bethel Census Area,2050.0,***,* ,*, *,3 or fewer,*,*,*,*,1,county,1,deathrates_026.csv,2,0,https://www.statecancerprofiles.cancer.gov/deathrates/index.php?stateFIPS=02&areatype=county&cancer=001&race=02&sex=0&age=001&type=death&sortVariableName=rate&sortOrder=desc&output=1,2,death
Bristol Bay Borough,2060.0,***,* ,*, *,3 or fewer,*,*,*,*,1,county,1,deathrates_026.csv,2,0,https://www.statecancerprofiles.cancer.gov/deathrates/index.php?stateFIPS=02&areatype=county&cancer=001&race=02&sex=0&age=001&type=death&sortVariableName=rate&sortOrder=desc&output=1,2,death
Denali Borough,2068.0,***,* ,*, *,3 or fewer,*,*,*,*,1,county,1,deathrates_026.csv,2,0,https://www.statecancerprofiles.cancer.gov/deathrates/index.php?stateFIPS=02&areatype=county&cancer=001&race=02&sex=0&age=001&type=death&sortVariableName=rate&sortOrder=desc&output=1,2,death
Dillingham Census Area (3),2070.0,***,* ,*, *,3 or fewer,*,*,*,*,1,county,1,deathrates_026.csv,2,0,https://www.statecancerprofiles.cancer.gov/deathrates/index.php?stateFIPS=02&areatype=county&cancer=001&race=02&sex=0&age=001&type=death&sortVariableName=rate&sortOrder=desc&output=1,2,death
Fairbanks North Borough,2090.0,***,* ,*, *,3 or fewer,*,*,*,*,1,county,1,deathrates_026.csv,2,0,https://www.statecancerprofiles.cancer.gov/deathrates/index.php?stateFIPS=02&areatype=county&cancer=001&race=02&sex=0&age=001&type=death&sortVariableName=rate&sortOrder=desc&output=1,2,death
Haines Borough,2100.0,***,* ,*, *,3 or fewer,*,*,*,*,1,county,1,deathrates_026.csv,2,0,https://www.statecancerprofiles.cancer.gov/deathrates/index.php?stateFIPS=02&areatype=county&cancer=001&race=02&sex=0&age=001&type=death&sortVariableName=rate&sortOrder=desc&output=1,2,death
Juneau City and Borough,2110.0,***,* ,*, *,3 or fewer,*,*,*,*,1,county,1,deathrates_026.csv,2,0,https://www.statecancerprofiles.cancer.gov/deathrates/index.php?stateFIPS=02&areatype=county&cancer=001&race=02&sex=0&age=001&type=death&sortVariableName=rate&sortOrder=desc&output=1,2,death
Kenai Peninsula Borough,2122.0,***,* ,*, *,3 or fewer,*,*,*,*,1,county,1,deathrates_026.csv,2,0,https://www.statecancerprofiles.cancer.gov/deathrates/index.php?stateFIPS=02&areatype=county&cancer=001&race=02&sex=0&age=001&type=death&sortVariableName=rate&sortOrder=desc&output=1,2,death
Ketchikan Gateway Borough,2130.0,***,* ,*, *,3 or fewer,*,*,*,*,1,county,1,deathrates_026.csv,2,0,https://www.statecancerprofiles.cancer.gov/deathrates/index.php?stateFIPS=02&areatype=county&cancer=001&race=02&sex=0&age=001&type=death&sortVariableName=rate&sortOrder=desc&output=1,2,death
Kodiak Island Borough,2150.0,***,* ,*, *,3 or fewer,*,*,*,*,1,county,1,deathrates_026.csv,2,0,https://www.statecancerprofiles.cancer.gov/deathrates/index.php?stateFIPS=02&areatype=county&cancer=001&race=02&sex=0&age=001&type=death&sortVariableName=rate&sortOrder=desc&output=1,2,death
Lake and Peninsula Borough (3),2164.0,***,* ,*, *,3 or fewer,*,*,*,*,1,county,1,deathrates_026.csv,2,0,https://www.statecancerprofiles.cancer.gov/deathrates/index.php?stateFIPS=02&areatype=county&cancer=001&race=02&sex=0&age=001&type=death&sortVariableName=rate&sortOrder=desc&output=1,2,death
Matanuska-Susitna Borough,2170.0,***,* ,*, *,3 or fewer,*,*,*,*,1,county,1,deathrates_026.csv,2,0,https://www.statecancerprofiles.cancer.gov/deathrates/index.php?stateFIPS=02&areatype=county&cancer=001&race=02&sex=0&age=001&type=death&sortVariableName=rate&sortOrder=desc&output=1,2,death
Nome Census Area,2180.0,***,* ,*, *,3 or fewer,*,*,*,*,1,county,1,deathrates_026.csv,2,0,https://www.statecancerprofiles.cancer.gov/deathrates/index.php?stateFIPS=02&areatype=county&cancer=001&race=02&sex=0&age=001&type=death&sortVariableName=rate&sortOrder=desc&output=1,2,death
North Slope Borough,2185.0,***,* ,*, *,3 or fewer,*,*,*,*,1,county,1,deathrates_026.csv,2,0,https://www.statecancerprofiles.cancer.gov/deathrates/index.php?stateFIPS=02&areatype=county&cancer=001&race=02&sex=0&age=001&type=death&sortVariableName=rate&sortOrder=desc&output=1,2,death
Northwest Arctic Borough,2188.0,***,* ,*, *,3 or fewer,*,*,*,*,1,county,1,deathrates_026.csv,2,0,https://www.statecancerprofiles.cancer.gov/deathrates/index.php?stateFIPS=02&areatype=county&cancer=001&race=02&sex=0&age=001&type=death&sortVariableName=rate&sortOrder=desc&output=1,2,death
Prince of Wales-Outer Ketchikan Census Area,2201.0,***,* ,*, *,3 or fewer,*,*,*,*,1,county,1,deathrates_026.csv,2,0,https://www.statecancerprofiles.cancer.gov/deathrates/index.php?stateFIPS=02&areatype=county&cancer=001&race=02&sex=0&age=001&type=death&sortVariableName=rate&sortOrder=desc&output=1,2,death
Sitka City and Borough,2220.0,***,* ,*, *,3 or fewer,*,*,*,*,1,county,1,deathrates_026.csv,2,0,https://www.statecancerprofiles.cancer.gov/deathrates/index.php?stateFIPS=02&areatype=county&cancer=001&race=02&sex=0&age=001&type=death&sortVariableName=rate&sortOrder=desc&output=1,2,death
Skagway-Hoonah-Angoon Census Area (3),2232.0,***,* ,*, *,3 or fewer,*,*,*,*,1,county,1,deathrates_026.csv,2,0,https://www.statecancerprofiles.cancer.gov/deathrates/index.php?stateFIPS=02&areatype=county&cancer=001&race=02&sex=0&age=001&type=death&sortVariableName=rate&sortOrder=desc&output=1,2,death
Southeast Fairbanks Census Area,2240.0,***,* ,*, *,3 or fewer,*,*,*,*,1,county,1,deathrates_026.csv,2,0,https://www.statecancerprofiles.cancer.gov/deathrates/index.php?stateFIPS=02&areatype=county&cancer=001&race=02&sex=0&age=001&type=death&sortVariableName=rate&sortOrder=desc&output=1,2,death
Valdez-Cordova Census Area,2261.0,***,* ,*, *,3 or fewer,*,*,*,*,1,county,1,deathrates_026.csv,2,0,https://www.statecancerprofiles.cancer.gov/deathrates/index.php?stateFIPS=02&areatype=county&cancer=001&race=02&sex=0&age=001&type=death&sortVariableName=rate&sortOrder=desc&output=1,2,death
Wade Hampton Census Area,2270.0,***,* ,*, *,3 or fewer,*,*,*,*,1,county,1,deathrates_026.csv,2,0,https://www.statecancerprofiles.cancer.gov/deathrates/index.php?stateFIPS=02&areatype=county&cancer=001&race=02&sex=0&age=001&type=death&sortVariableName=rate&sortOrder=desc&output=1,2,death
Wrangell-Petersburg Census Area,2280.0,***,* ,*, *,3 or fewer,*,*,*,*,1,county,1,deathrates_026.csv,2,0,https://www.statecancerprofiles.cancer.gov/deathrates/index.php?stateFIPS=02&areatype=county&cancer=001&race=02&sex=0&age=001&type=death&sortVariableName=rate&sortOrder=desc&output=1,2,death
Yakutat City and Borough (3),2282.0,***,* ,*, *,3 or fewer,*,*,*,*,1,county,1,deathrates_026.csv,2,0,https://www.statecancerprofiles.cancer.gov/deathrates/index.php?stateFIPS=02&areatype=county&cancer=001&race=02&sex=0&age=001&type=death&sortVariableName=rate&sortOrder=desc&output=1,2,death
Yukon-Koyukuk Census Area,2290.0,***,* ,*, *,3 or fewer,*,*,*,*,1,county,1,deathrates_026.csv,2,0,https://www.statecancerprofiles.cancer.gov/deathrates/index.php?stateFIPS=02&areatype=county&cancer=001&race=02&sex=0&age=001&type=death&sortVariableName=rate&sortOrder=desc&output=1,2,death
Alaska,2900.0,Yes,109.5 ,83.3, 140.2,17,*,*,*,*,1,state,1,deathrates_027.csv,5,0,https://www.statecancerprofiles.cancer.gov/deathrates/index.php?stateFIPS=02&areatype=county&cancer=001&race=05&sex=0&age=001&type=death&sortVariableName=rate&sortOrder=desc&output=1,2,death
United States (6),0.0,Yes,113.5 ,113, 114,36561,falling,-1.3 ,-1.3, -1.2,1,county,1,deathrates_027.csv,5,0,https://www.statecancerprofiles.cancer.gov/deathrates/index.php?stateFIPS=02&areatype=county&cancer=001&race=05&sex=0&age=001&type=death&sortVariableName=rate&sortOrder=desc&output=1,2,death
Anchorage Municipality,2020.0,Yes,135.3 ,99.2, 178.4,13,stable,0.2 ,-3.1, 3.7,1,county,1,deathrates_027.csv,5,0,https://www.statecancerprofiles.cancer.gov/deathrates/index.php?stateFIPS=02&areatype=county&cancer=001&race=05&sex=0&age=001&type=death&sortVariableName=rate&sortOrder=desc&output=1,2,death
Aleutians East Borough (3),2013.0,***,* ,*, *,3 or fewer,*,*,*,*,1,county,1,deathrates_027.csv,5,0,https://www.statecancerprofiles.cancer.gov/deathrates/index.php?stateFIPS=02&areatype=county&cancer=001&race=05&sex=0&age=001&type=death&sortVariableName=rate&sortOrder=desc&output=1,2,death
Aleutians West Census Area (3),2016.0,***,* ,*, *,3 or fewer,*,*,*,*,1,county,1,deathrates_027.csv,5,0,https://www.statecancerprofiles.cancer.gov/deathrates/index.php?stateFIPS=02&areatype=county&cancer=001&race=05&sex=0&age=001&type=death&sortVariableName=rate&sortOrder=desc&output=1,2,death
Bethel Census Area,2050.0,***,* ,*, *,3 or fewer,*,*,*,*,1,county,1,deathrates_027.csv,5,0,https://www.statecancerprofiles.cancer.gov/deathrates/index.php?stateFIPS=02&areatype=county&cancer=001&race=05&sex=0&age=001&type=death&sortVariableName=rate&sortOrder=desc&output=1,2,death
Bristol Bay Borough,2060.0,***,* ,*, *,3 or fewer,*,*,*,*,1,county,1,deathrates_027.csv,5,0,https://www.statecancerprofiles.cancer.gov/deathrates/index.php?stateFIPS=02&areatype=county&cancer=001&race=05&sex=0&age=001&type=death&sortVariableName=rate&sortOrder=desc&output=1,2,death
Denali Borough,2068.0,***,* ,*, *,3 or fewer,*,*,*,*,1,county,1,deathrates_027.csv,5,0,https://www.statecancerprofiles.cancer.gov/deathrates/index.php?stateFIPS=02&areatype=county&cancer=001&race=05&sex=0&age=001&type=death&sortVariableName=rate&sortOrder=desc&output=1,2,death
Dillingham Census Area (3),2070.0,***,* ,*, *,3 or fewer,*,*,*,*,1,county,1,deathrates_027.csv,5,0,https://www.statecancerprofiles.cancer.gov/deathrates/index.php?stateFIPS=02&areatype=county&cancer=001&race=05&sex=0&age=001&type=death&sortVariableName=rate&sortOrder=desc&output=1,2,death
Fairbanks North Borough,2090.0,***,* ,*, *,3 or fewer,*,*,*,*,1,county,1,deathrates_027.csv,5,0,https://www.statecancerprofiles.cancer.gov/deathrates/index.php?stateFIPS=02&areatype=county&cancer=001&race=05&sex=0&age=001&type=death&sortVariableName=rate&sortOrder=desc&output=1,2,death
Haines Borough,2100.0,***,* ,*, *,3 or fewer,*,*,*,*,1,county,1,deathrates_027.csv,5,0,https://www.statecancerprofiles.cancer.gov/deathrates/index.php?stateFIPS=02&areatype=county&cancer=001&race=05&sex=0&age=001&type=death&sortVariableName=rate&sortOrder=desc&output=1,2,death
Juneau City and Borough,2110.0,***,* ,*, *,3 or fewer,*,*,*,*,1,county,1,deathrates_027.csv,5,0,https://www.statecancerprofiles.cancer.gov/deathrates/index.php?stateFIPS=02&areatype=county&cancer=001&race=05&sex=0&age=001&type=death&sortVariableName=rate&sortOrder=desc&output=1,2,death
Kenai Peninsula Borough,2122.0,***,* ,*, *,3 or fewer,*,*,*,*,1,county,1,deathrates_027.csv,5,0,https://www.statecancerprofiles.cancer.gov/deathrates/index.php?stateFIPS=02&areatype=county&cancer=001&race=05&sex=0&age=001&type=death&sortVariableName=rate&sortOrder=desc&output=1,2,death
Ketchikan Gateway Borough,2130.0,***,* ,*, *,3 or fewer,*,*,*,*,1,county,1,deathrates_027.csv,5,0,https://www.statecancerprofiles.cancer.gov/deathrates/index.php?stateFIPS=02&areatype=county&cancer=001&race=05&sex=0&age=001&type=death&sortVariableName=rate&sortOrder=desc&output=1,2,death
Kodiak Island Borough,2150.0,***,* ,*, *,3 or fewer,*,*,*,*,1,county,1,deathrates_027.csv,5,0,https://www.statecancerprofiles.cancer.gov/deathrates/index.php?stateFIPS=02&areatype=county&cancer=001&race=05&sex=0&age=001&type=death&sortVariableName=rate&sortOrder=desc&output=1,2,death
Lake and Peninsula Borough (3),2164.0,***,* ,*, *,3 or fewer,*,*,*,*,1,county,1,deathrates_027.csv,5,0,https://www.statecancerprofiles.cancer.gov/deathrates/index.php?stateFIPS=02&areatype=county&cancer=001&race=05&sex=0&age=001&type=death&sortVariableName=rate&sortOrder=desc&output=1,2,death
Matanuska-Susitna Borough,2170.0,***,* ,*, *,3 or fewer,*,*,*,*,1,county,1,deathrates_027.csv,5,0,https://www.statecancerprofiles.cancer.gov/deathrates/index.php?stateFIPS=02&areatype=county&cancer=001&race=05&sex=0&age=001&type=death&sortVariableName=rate&sortOrder=desc&output=1,2,death
Nome Census Area,2180.0,***,* ,*, *,3 or fewer,*,*,*,*,1,county,1,deathrates_027.csv,5,0,https://www.statecancerprofiles.cancer.gov/deathrates/index.php?stateFIPS=02&areatype=county&cancer=001&race=05&sex=0&age=001&type=death&sortVariableName=rate&sortOrder=desc&output=1,2,death
North Slope Borough,2185.0,***,* ,*, *,3 or fewer,*,*,*,*,1,county,1,deathrates_027.csv,5,0,https://www.statecancerprofiles.cancer.gov/deathrates/index.php?stateFIPS=02&areatype=county&cancer=001&race=05&sex=0&age=001&type=death&sortVariableName=rate&sortOrder=desc&output=1,2,death
Northwest Arctic Borough,2188.0,***,* ,*, *,3 or fewer,*,*,*,*,1,county,1,deathrates_027.csv,5,0,https://www.statecancerprofiles.cancer.gov/deathrates/index.php?stateFIPS=02&areatype=county&cancer=001&race=05&sex=0&age=001&type=death&sortVariableName=rate&sortOrder=desc&output=1,2,death
Prince of Wales-Outer Ketchikan Census Area,2201.0,***,* ,*, *,3 or fewer,*,*,*,*,1,county,1,deathrates_027.csv,5,0,https://www.statecancerprofiles.cancer.gov/deathrates/index.php?stateFIPS=02&areatype=county&cancer=001&race=05&sex=0&age=001&type=death&sortVariableName=rate&sortOrder=desc&output=1,2,death
Sitka City and Borough,2220.0,***,* ,*, *,3 or fewer,*,*,*,*,1,county,1,deathrates_027.csv,5,0,https://www.statecancerprofiles.cancer.gov/deathrates/index.php?stateFIPS=02&areatype=county&cancer=001&race=05&sex=0&age=001&type=death&sortVariableName=rate&sortOrder=desc&output=1,2,death
Skagway-Hoonah-Angoon Census Area (3),2232.0,***,* ,*, *,3 or fewer,*,*,*,*,1,county,1,deathrates_027.csv,5,0,https://www.statecancerprofiles.cancer.gov/deathrates/index.php?stateFIPS=02&areatype=county&cancer=001&race=05&sex=0&age=001&type=death&sortVariableName=rate&sortOrder=desc&output=1,2,death
Southeast Fairbanks Census Area,2240.0,***,* ,*, *,3 or fewer,*,*,*,*,1,county,1,deathrates_027.csv,5,0,https://www.statecancerprofiles.cancer.gov/deathrates/index.php?stateFIPS=02&areatype=county&cancer=001&race=05&sex=0&age=001&type=death&sortVariableName=rate&sortOrder=desc&output=1,2,death
Valdez-Cordova Census Area,2261.0,***,* ,*, *,3 or fewer,*,*,*,*,1,county,1,deathrates_027.csv,5,0,https://www.statecancerprofiles.cancer.gov/deathrates/index.php?stateFIPS=02&areatype=county&cancer=001&race=05&sex=0&age=001&type=death&sortVariableName=rate&sortOrder=desc&output=1,2,death
Wade Hampton Census Area,2270.0,***,* ,*, *,3 or fewer,*,*,*,*,1,county,1,deathrates_027.csv,5,0,https://www.statecancerprofiles.cancer.gov/deathrates/index.php?stateFIPS=02&areatype=county&cancer=001&race=05&sex=0&age=001&type=death&sortVariableName=rate&sortOrder=desc&output=1,2,death
Wrangell-Petersburg Census Area,2280.0,***,* ,*, *,3 or fewer,*,*,*,*,1,county,1,deathrates_027.csv,5,0,https://www.statecancerprofiles.cancer.gov/deathrates/index.php?stateFIPS=02&areatype=county&cancer=001&race=05&sex=0&age=001&type=death&sortVariableName=rate&sortOrder=desc&output=1,2,death
Yakutat City and Borough (3),2282.0,***,* ,*, *,3 or fewer,*,*,*,*,1,county,1,deathrates_027.csv,5,0,https://www.statecancerprofiles.cancer.gov/deathrates/index.php?stateFIPS=02&areatype=county&cancer=001&race=05&sex=0&age=001&type=death&sortVariableName=rate&sortOrder=desc&output=1,2,death
Yukon-Koyukuk Census Area,2290.0,***,* ,*, *,3 or fewer,*,*,*,*,1,county,1,deathrates_027.csv,5,0,https://www.statecancerprofiles.cancer.gov/deathrates/index.php?stateFIPS=02&areatype=county&cancer=001&race=05&sex=0&age=001&type=death&sortVariableName=rate&sortOrder=desc&output=1,2,death
Alaska,2900.0,No,234.3 ,218.5, 250.7,190,stable,-0.3 ,-0.7, 0.1,1,state,1,deathrates_028.csv,3,0,https://www.statecancerprofiles.cancer.gov/deathrates/index.php?stateFIPS=02&areatype=county&cancer=001&race=03&sex=0&age=001&type=death&sortVariableName=rate&sortOrder=desc&output=1,2,death
United States,0.0,Yes,108.8 ,107, 110.6,3209,falling,-1.6 ,-1.9, -1.3,1,country,1,deathrates_028.csv,3,0,https://www.statecancerprofiles.cancer.gov/deathrates/index.php?stateFIPS=02&areatype=county&cancer=001&race=03&sex=0&age=001&type=death&sortVariableName=rate&sortOrder=desc&output=1,2,death
North Slope Borough,2185.0,No,371.9 ,282.8, 478.1,13,stable,1.0 ,-0.9, 2.9,1,county,1,deathrates_028.csv,3,0,https://www.statecancerprofiles.cancer.gov/deathrates/index.php?stateFIPS=02&areatype=county&cancer=001&race=03&sex=0&age=001&type=death&sortVariableName=rate&sortOrder=desc&output=1,2,death
Matanuska-Susitna Borough,2170.0,No,319.3 ,205.5, 462.8,10,*,*,*,*,1,county,1,deathrates_028.csv,3,0,https://www.statecancerprofiles.cancer.gov/deathrates/index.php?stateFIPS=02&areatype=county&cancer=001&race=03&sex=0&age=001&type=death&sortVariableName=rate&sortOrder=desc&output=1,2,death
Nome Census Area,2180.0,No,292.7 ,221.3, 377.8,14,stable,0.8 ,-0.9, 2.5,1,county,1,deathrates_028.csv,3,0,https://www.statecancerprofiles.cancer.gov/deathrates/index.php?stateFIPS=02&areatype=county&cancer=001&race=03&sex=0&age=001&type=death&sortVariableName=rate&sortOrder=desc&output=1,2,death
Kodiak Island Borough,2150.0,No,276.4 ,165.4, 427.8,4,stable,-0.7 ,-3.4, 2.1,1,county,1,deathrates_028.csv,3,0,https://www.statecancerprofiles.cancer.gov/deathrates/index.php?stateFIPS=02&areatype=county&cancer=001&race=03&sex=0&age=001&type=death&sortVariableName=rate&sortOrder=desc&output=1,2,death
Yukon-Koyukuk Census Area,2290.0,No,271.5 ,199.9, 359.8,10,stable,0.7 ,-1.2, 2.6,1,county,1,deathrates_028.csv,3,0,https://www.statecancerprofiles.cancer.gov/deathrates/index.php?stateFIPS=02&areatype=county&cancer=001&race=03&sex=0&age=001&type=death&sortVariableName=rate&sortOrder=desc&output=1,2,death
Anchorage Municipality,2020.0,No,253 ,217.3, 292.3,44,stable,-0.6 ,-1.8, 0.6,1,county,1,deathrates_028.csv,3,0,https://www.statecancerprofiles.cancer.gov/deathrates/index.php?stateFIPS=02&areatype=county&cancer=001&race=03&sex=0&age=001&type=death&sortVariableName=rate&sortOrder=desc&output=1,2,death
Prince of Wales-Outer Ketchikan Census Area,2201.0,No,242.8 ,155.5, 358.4,6,stable,-0.5 ,-3.2, 2.2,1,county,1,deathrates_028.csv,3,0,https://www.statecancerprofiles.cancer.gov/deathrates/index.php?stateFIPS=02&areatype=county&cancer=001&race=03&sex=0&age=001&type=death&sortVariableName=rate&sortOrder=desc&output=1,2,death
Ketchikan Gateway Borough,2130.0,No,229.2 ,142.1, 347.4,5,stable,-1.2 ,-2.8, 0.3,1,county,1,deathrates_028.csv,3,0,https://www.statecancerprofiles.cancer.gov/deathrates/index.php?stateFIPS=02&areatype=county&cancer=001&race=03&sex=0&age=001&type=death&sortVariableName=rate&sortOrder=desc&output=1,2,death
Skagway-Hoonah-Angoon Census Area (3),2232.0,No,209.4 ,116.2, 359.4,3,*,*,*,*,1,county,1,deathrates_028.csv,3,0,https://www.statecancerprofiles.cancer.gov/deathrates/index.php?stateFIPS=02&areatype=county&cancer=001&race=03&sex=0&age=001&type=death&sortVariableName=rate&sortOrder=desc&output=1,2,death
Wade Hampton Census Area,2270.0,No,208.5 ,143.7, 289.7,8,stable,-0.9 ,-2.9, 1.3,1,county,1,deathrates_028.csv,3,0,https://www.statecancerprofiles.cancer.gov/deathrates/index.php?stateFIPS=02&areatype=county&cancer=001&race=03&sex=0&age=001&type=death&sortVariableName=rate&sortOrder=desc&output=1,2,death
Kenai Peninsula Borough,2122.0,No,207.6 ,135.2, 301.1,7,stable,-2.1 ,-4.5, 0.4,1,county,1,deathrates_028.csv,3,0,https://www.statecancerprofiles.cancer.gov/deathrates/index.php?stateFIPS=02&areatype=county&cancer=001&race=03&sex=0&age=001&type=death&sortVariableName=rate&sortOrder=desc&output=1,2,death
Bethel Census Area,2050.0,No,206.9 ,160.6, 260.8,17,stable,0.5 ,-1.0, 1.9,1,county,1,deathrates_028.csv,3,0,https://www.statecancerprofiles.cancer.gov/deathrates/index.php?stateFIPS=02&areatype=county&cancer=001&race=03&sex=0&age=001&type=death&sortVariableName=rate&sortOrder=desc&output=1,2,death
Fairbanks North Borough,2090.0,No,205.3 ,151.4, 270.4,11,stable,-1.4 ,-3.2, 0.4,1,county,1,deathrates_028.csv,3,0,https://www.statecancerprofiles.cancer.gov/deathrates/index.php?stateFIPS=02&areatype=county&cancer=001&race=03&sex=0&age=001&type=death&sortVariableName=rate&sortOrder=desc&output=1,2,death
Dillingham Census Area (3),2070.0,No,194.5 ,122, 290.9,5,stable,0.7 ,-2.3, 3.8,1,county,1,deathrates_028.csv,3,0,https://www.statecancerprofiles.cancer.gov/deathrates/index.php?stateFIPS=02&areatype=county&cancer=001&race=03&sex=0&age=001&type=death&sortVariableName=rate&sortOrder=desc&output=1,2,death
Juneau City and Borough,2110.0,No,193.4 ,124.5, 282.9,6,stable,0.0 ,-2.9, 3.0,1,county,1,deathrates_028.csv,3,0,https://www.statecancerprofiles.cancer.gov/deathrates/index.php?stateFIPS=02&areatype=county&cancer=001&race=03&sex=0&age=001&type=death&sortVariableName=rate&sortOrder=desc&output=1,2,death
Northwest Arctic Borough,2188.0,No,184.5 ,129, 254,8,stable,-1.1 ,-3.1, 1.0,1,county,1,deathrates_028.csv,3,0,https://www.statecancerprofiles.cancer.gov/deathrates/index.php?stateFIPS=02&areatype=county&cancer=001&race=03&sex=0&age=001&type=death&sortVariableName=rate&sortOrder=desc&output=1,2,death
Sitka City and Borough,2220.0,No,170.4 ,96.5, 279.9,3,*,*,*,*,1,county,1,deathrates_028.csv,3,0,https://www.statecancerprofiles.cancer.gov/deathrates/index.php?stateFIPS=02&areatype=county&cancer=001&race=03&sex=0&age=001&type=death&sortVariableName=rate&sortOrder=desc&output=1,2,death
Aleutians East Borough (3),2013.0,***,* ,*, *,3 or fewer,*,*,*,*,1,county,1,deathrates_028.csv,3,0,https://www.statecancerprofiles.cancer.gov/deathrates/index.php?stateFIPS=02&areatype=county&cancer=001&race=03&sex=0&age=001&type=death&sortVariableName=rate&sortOrder=desc&output=1,2,death
Aleutians West Census Area (3),2016.0,***,* ,*, *,3 or fewer,*,*,*,*,1,county,1,deathrates_028.csv,3,0,https://www.statecancerprofiles.cancer.gov/deathrates/index.php?stateFIPS=02&areatype=county&cancer=001&race=03&sex=0&age=001&type=death&sortVariableName=rate&sortOrder=desc&output=1,2,death
Bristol Bay Borough,2060.0,***,* ,*, *,3 or fewer,*,*,*,*,1,county,1,deathrates_028.csv,3,0,https://www.statecancerprofiles.cancer.gov/deathrates/index.php?stateFIPS=02&areatype=county&cancer=001&race=03&sex=0&age=001&type=death&sortVariableName=rate&sortOrder=desc&output=1,2,death
Denali Borough,2068.0,***,* ,*, *,3 or fewer,*,*,*,*,1,county,1,deathrates_028.csv,3,0,https://www.statecancerprofiles.cancer.gov/deathrates/index.php?stateFIPS=02&areatype=county&cancer=001&race=03&sex=0&age=001&type=death&sortVariableName=rate&sortOrder=desc&output=1,2,death
Haines Borough,2100.0,***,* ,*, *,3 or fewer,*,*,*,*,1,county,1,deathrates_028.csv,3,0,https://www.statecancerprofiles.cancer.gov/deathrates/index.php?stateFIPS=02&areatype=county&cancer=001&race=03&sex=0&age=001&type=death&sortVariableName=rate&sortOrder=desc&output=1,2,death
Lake and Peninsula Borough (3),2164.0,***,* ,*, *,3 or fewer,*,*,*,*,1,county,1,deathrates_028.csv,3,0,https://www.statecancerprofiles.cancer.gov/deathrates/index.php?stateFIPS=02&areatype=county&cancer=001&race=03&sex=0&age=001&type=death&sortVariableName=rate&sortOrder=desc&output=1,2,death
Southeast Fairbanks Census Area,2240.0,***,* ,*, *,3 or fewer,*,*,*,*,1,county,1,deathrates_028.csv,3,0,https://www.statecancerprofiles.cancer.gov/deathrates/index.php?stateFIPS=02&areatype=county&cancer=001&race=03&sex=0&age=001&type=death&sortVariableName=rate&sortOrder=desc&output=1,2,death
Valdez-Cordova Census Area,2261.0,***,* ,*, *,3 or fewer,*,*,*,*,1,county,1,deathrates_028.csv,3,0,https://www.statecancerprofiles.cancer.gov/deathrates/index.php?stateFIPS=02&areatype=county&cancer=001&race=03&sex=0&age=001&type=death&sortVariableName=rate&sortOrder=desc&output=1,2,death
Wrangell-Petersburg Census Area,2280.0,***,* ,*, *,3 or fewer,*,*,*,*,1,county,1,deathrates_028.csv,3,0,https://www.statecancerprofiles.cancer.gov/deathrates/index.php?stateFIPS=02&areatype=county&cancer=001&race=03&sex=0&age=001&type=death&sortVariableName=rate&sortOrder=desc&output=1,2,death
Yakutat City and Borough (3),2282.0,***,* ,*, *,3 or fewer,*,*,*,*,1,county,1,deathrates_028.csv,3,0,https://www.statecancerprofiles.cancer.gov/deathrates/index.php?stateFIPS=02&areatype=county&cancer=001&race=03&sex=0&age=001&type=death&sortVariableName=rate&sortOrder=desc&output=1,2,death
Alaska,2900.0,Yes,105.1 ,90.8, 120.9,45,stable,-0.6 ,-1.7, 0.5,1,state,1,deathrates_029.csv,4,0,https://www.statecancerprofiles.cancer.gov/deathrates/index.php?stateFIPS=02&areatype=county&cancer=001&race=04&sex=0&age=001&type=death&sortVariableName=rate&sortOrder=desc&output=1,2,death
United States,0.0,Yes,100 ,99.3, 100.7,16633,falling,-1.4 ,-1.4, -1.3,1,country,1,deathrates_029.csv,4,0,https://www.statecancerprofiles.cancer.gov/deathrates/index.php?stateFIPS=02&areatype=county&cancer=001&race=04&sex=0&age=001&type=death&sortVariableName=rate&sortOrder=desc&output=1,2,death
Anchorage Municipality,2020.0,Yes,121.2 ,102.7, 141.8,33,stable,-0.7 ,-1.8, 0.5,1,county,1,deathrates_029.csv,4,0,https://www.statecancerprofiles.cancer.gov/deathrates/index.php?stateFIPS=02&areatype=county&cancer=001&race=04&sex=0&age=001&type=death&sortVariableName=rate&sortOrder=desc&output=1,2,death
Aleutians East Borough (3),2013.0,***,* ,*, *,3 or fewer,*,*,*,*,1,county,1,deathrates_029.csv,4,0,https://www.statecancerprofiles.cancer.gov/deathrates/index.php?stateFIPS=02&areatype=county&cancer=001&race=04&sex=0&age=001&type=death&sortVariableName=rate&sortOrder=desc&output=1,2,death
Aleutians West Census Area (3),2016.0,***,* ,*, *,3 or fewer,*,*,*,*,1,county,1,deathrates_029.csv,4,0,https://www.statecancerprofiles.cancer.gov/deathrates/index.php?stateFIPS=02&areatype=county&cancer=001&race=04&sex=0&age=001&type=death&sortVariableName=rate&sortOrder=desc&output=1,2,death
Bethel Census Area,2050.0,***,* ,*, *,3 or fewer,*,*,*,*,1,county,1,deathrates_029.csv,4,0,https://www.statecancerprofiles.cancer.gov/deathrates/index.php?stateFIPS=02&areatype=county&cancer=001&race=04&sex=0&age=001&type=death&sortVariableName=rate&sortOrder=desc&output=1,2,death
Bristol Bay Borough,2060.0,***,* ,*, *,3 or fewer,*,*,*,*,1,county,1,deathrates_029.csv,4,0,https://www.statecancerprofiles.cancer.gov/deathrates/index.php?stateFIPS=02&areatype=county&cancer=001&race=04&sex=0&age=001&type=death&sortVariableName=rate&sortOrder=desc&output=1,2,death
Denali Borough,2068.0,***,* ,*, *,3 or fewer,*,*,*,*,1,county,1,deathrates_029.csv,4,0,https://www.statecancerprofiles.cancer.gov/deathrates/index.php?stateFIPS=02&areatype=county&cancer=001&race=04&sex=0&age=001&type=death&sortVariableName=rate&sortOrder=desc&output=1,2,death
Dillingham Census Area (3),2070.0,***,* ,*, *,3 or fewer,*,*,*,*,1,county,1,deathrates_029.csv,4,0,https://www.statecancerprofiles.cancer.gov/deathrates/index.php?stateFIPS=02&areatype=county&cancer=001&race=04&sex=0&age=001&type=death&sortVariableName=rate&sortOrder=desc&output=1,2,death
Fairbanks North Borough,2090.0,***,* ,*, *,3 or fewer,*,*,*,*,1,county,1,deathrates_029.csv,4,0,https://www.statecancerprofiles.cancer.gov/deathrates/index.php?stateFIPS=02&areatype=county&cancer=001&race=04&sex=0&age=001&type=death&sortVariableName=rate&sortOrder=desc&output=1,2,death
Haines Borough,2100.0,***,* ,*, *,3 or fewer,*,*,*,*,1,county,1,deathrates_029.csv,4,0,https://www.statecancerprofiles.cancer.gov/deathrates/index.php?stateFIPS=02&areatype=county&cancer=001&race=04&sex=0&age=001&type=death&sortVariableName=rate&sortOrder=desc&output=1,2,death
Juneau City and Borough,2110.0,***,* ,*, *,3 or fewer,*,*,*,*,1,county,1,deathrates_029.csv,4,0,https://www.statecancerprofiles.cancer.gov/deathrates/index.php?stateFIPS=02&areatype=county&cancer=001&race=04&sex=0&age=001&type=death&sortVariableName=rate&sortOrder=desc&output=1,2,death
Kenai Peninsula Borough,2122.0,***,* ,*, *,3 or fewer,*,*,*,*,1,county,1,deathrates_029.csv,4,0,https://www.statecancerprofiles.cancer.gov/deathrates/index.php?stateFIPS=02&areatype=county&cancer=001&race=04&sex=0&age=001&type=death&sortVariableName=rate&sortOrder=desc&output=1,2,death
Ketchikan Gateway Borough,2130.0,***,* ,*, *,3 or fewer,*,*,*,*,1,county,1,deathrates_029.csv,4,0,https://www.statecancerprofiles.cancer.gov/deathrates/index.php?stateFIPS=02&areatype=county&cancer=001&race=04&sex=0&age=001&type=death&sortVariableName=rate&sortOrder=desc&output=1,2,death
Kodiak Island Borough,2150.0,***,* ,*, *,3 or fewer,*,*,*,*,1,county,1,deathrates_029.csv,4,0,https://www.statecancerprofiles.cancer.gov/deathrates/index.php?stateFIPS=02&areatype=county&cancer=001&race=04&sex=0&age=001&type=death&sortVariableName=rate&sortOrder=desc&output=1,2,death
Lake and Peninsula Borough (3),2164.0,***,* ,*, *,3 or fewer,*,*,*,*,1,county,1,deathrates_029.csv,4,0,https://www.statecancerprofiles.cancer.gov/deathrates/index.php?stateFIPS=02&areatype=county&cancer=001&race=04&sex=0&age=001&type=death&sortVariableName=rate&sortOrder=desc&output=1,2,death
Matanuska-Susitna Borough,2170.0,***,* ,*, *,3 or fewer,*,*,*,*,1,county,1,deathrates_029.csv,4,0,https://www.statecancerprofiles.cancer.gov/deathrates/index.php?stateFIPS=02&areatype=county&cancer=001&race=04&sex=0&age=001&type=death&sortVariableName=rate&sortOrder=desc&output=1,2,death
Nome Census Area,2180.0,***,* ,*, *,3 or fewer,*,*,*,*,1,county,1,deathrates_029.csv,4,0,https://www.statecancerprofiles.cancer.gov/deathrates/index.php?stateFIPS=02&areatype=county&cancer=001&race=04&sex=0&age=001&type=death&sortVariableName=rate&sortOrder=desc&output=1,2,death
North Slope Borough,2185.0,***,* ,*, *,3 or fewer,*,*,*,*,1,county,1,deathrates_029.csv,4,0,https://www.statecancerprofiles.cancer.gov/deathrates/index.php?stateFIPS=02&areatype=county&cancer=001&race=04&sex=0&age=001&type=death&sortVariableName=rate&sortOrder=desc&output=1,2,death
Northwest Arctic Borough,2188.0,***,* ,*, *,3 or fewer,*,*,*,*,1,county,1,deathrates_029.csv,4,0,https://www.statecancerprofiles.cancer.gov/deathrates/index.php?stateFIPS=02&areatype=county&cancer=001&race=04&sex=0&age=001&type=death&sortVariableName=rate&sortOrder=desc&output=1,2,death
Prince of Wales-Outer Ketchikan Census Area,2201.0,***,* ,*, *,3 or fewer,*,*,*,*,1,county,1,deathrates_029.csv,4,0,https://www.statecancerprofiles.cancer.gov/deathrates/index.php?stateFIPS=02&areatype=county&cancer=001&race=04&sex=0&age=001&type=death&sortVariableName=rate&sortOrder=desc&output=1,2,death
Sitka City and Borough,2220.0,***,* ,*, *,3 or fewer,*,*,*,*,1,county,1,deathrates_029.csv,4,0,https://www.statecancerprofiles.cancer.gov/deathrates/index.php?stateFIPS=02&areatype=county&cancer=001&race=04&sex=0&age=001&type=death&sortVariableName=rate&sortOrder=desc&output=1,2,death
Skagway-Hoonah-Angoon Census Area (3),2232.0,***,* ,*, *,3 or fewer,*,*,*,*,1,county,1,deathrates_029.csv,4,0,https://www.statecancerprofiles.cancer.gov/deathrates/index.php?stateFIPS=02&areatype=county&cancer=001&race=04&sex=0&age=001&type=death&sortVariableName=rate&sortOrder=desc&output=1,2,death
Southeast Fairbanks Census Area,2240.0,***,* ,*, *,3 or fewer,*,*,*,*,1,county,1,deathrates_029.csv,4,0,https://www.statecancerprofiles.cancer.gov/deathrates/index.php?stateFIPS=02&areatype=county&cancer=001&race=04&sex=0&age=001&type=death&sortVariableName=rate&sortOrder=desc&output=1,2,death
Valdez-Cordova Census Area,2261.0,***,* ,*, *,3 or fewer,*,*,*,*,1,county,1,deathrates_029.csv,4,0,https://www.statecancerprofiles.cancer.gov/deathrates/index.php?stateFIPS=02&areatype=county&cancer=001&race=04&sex=0&age=001&type=death&sortVariableName=rate&sortOrder=desc&output=1,2,death
Wade Hampton Census Area,2270.0,***,* ,*, *,3 or fewer,*,*,*,*,1,county,1,deathrates_029.csv,4,0,https://www.statecancerprofiles.cancer.gov/deathrates/index.php?stateFIPS=02&areatype=county&cancer=001&race=04&sex=0&age=001&type=death&sortVariableName=rate&sortOrder=desc&output=1,2,death
Wrangell-Petersburg Census Area,2280.0,***,* ,*, *,3 or fewer,*,*,*,*,1,county,1,deathrates_029.csv,4,0,https://www.statecancerprofiles.cancer.gov/deathrates/index.php?stateFIPS=02&areatype=county&cancer=001&race=04&sex=0&age=001&type=death&sortVariableName=rate&sortOrder=desc&output=1,2,death
Yakutat City and Borough (3),2282.0,***,* ,*, *,3 or fewer,*,*,*,*,1,county,1,deathrates_029.csv,4,0,https://www.statecancerprofiles.cancer.gov/deathrates/index.php?stateFIPS=02&areatype=county&cancer=001&race=04&sex=0&age=001&type=death&sortVariableName=rate&sortOrder=desc&output=1,2,death
Yukon-Koyukuk Census Area,2290.0,***,* ,*, *,3 or fewer,*,*,*,*,1,county,1,deathrates_029.csv,4,0,https://www.statecancerprofiles.cancer.gov/deathrates/index.php?stateFIPS=02&areatype=county&cancer=001&race=04&sex=0&age=001&type=death&sortVariableName=rate&sortOrder=desc&output=1,2,death
