locale,fips,value (percent),people (ai/an),rank within us,age,areatype,demo,file_name,race,sex,source_url,stateFIPS,topic,type,people (api),people (black),people (foreign born),people (hispanic),people (non-hispanic [origin recode]),people (white)
United States,0.0,0.8,2632102.0,,1,country,23,demographics_019.csv,0,0,https://www.statecancerprofiles.cancer.gov/demographics/index.php?stateFIPS=53&areatype=county&topic=pop&demo=00023&race=00&sex=0&age=001&type=manyareacensus&sortVariableName=value&sortOrder=asc&output=1,53,pop,manyareacensus,,,,,,
Washington,53000.0,1.3,94754.0,9 of 52,1,state,23,demographics_019.csv,0,0,https://www.statecancerprofiles.cancer.gov/demographics/index.php?stateFIPS=53&areatype=county&topic=pop&demo=00023&race=00&sex=0&age=001&type=manyareacensus&sortVariableName=value&sortOrder=asc&output=1,53,pop,manyareacensus,,,,,,
Garfield County,53023.0,0.2,5.0,2046 of 3141,1,county,23,demographics_019.csv,0,0,https://www.statecancerprofiles.cancer.gov/demographics/index.php?stateFIPS=53&areatype=county&topic=pop&demo=00023&race=00&sex=0&age=001&type=manyareacensus&sortVariableName=value&sortOrder=asc&output=1,53,pop,manyareacensus,,,,,,
Columbia County,53013.0,0.5,20.0,1158 of 3141,1,county,23,demographics_019.csv,0,0,https://www.statecancerprofiles.cancer.gov/demographics/index.php?stateFIPS=53&areatype=county&topic=pop&demo=00023&race=00&sex=0&age=001&type=manyareacensus&sortVariableName=value&sortOrder=asc&output=1,53,pop,manyareacensus,,,,,,
Clark County,53011.0,0.6,2747.0,1019 of 3141,1,county,23,demographics_019.csv,0,0,https://www.statecancerprofiles.cancer.gov/demographics/index.php?stateFIPS=53&areatype=county&topic=pop&demo=00023&race=00&sex=0&age=001&type=manyareacensus&sortVariableName=value&sortOrder=asc&output=1,53,pop,manyareacensus,,,,,,
Lewis County,53041.0,0.6,472.0,993 of 3141,1,county,23,demographics_019.csv,0,0,https://www.statecancerprofiles.cancer.gov/demographics/index.php?stateFIPS=53&areatype=county&topic=pop&demo=00023&race=00&sex=0&age=001&type=manyareacensus&sortVariableName=value&sortOrder=asc&output=1,53,pop,manyareacensus,,,,,,
Whitman County,53075.0,0.6,309.0,947 of 3141,1,county,23,demographics_019.csv,0,0,https://www.statecancerprofiles.cancer.gov/demographics/index.php?stateFIPS=53&areatype=county&topic=pop&demo=00023&race=00&sex=0&age=001&type=manyareacensus&sortVariableName=value&sortOrder=asc&output=1,53,pop,manyareacensus,,,,,,
Kittitas County,53037.0,0.7,287.0,942 of 3141,1,county,23,demographics_019.csv,0,0,https://www.statecancerprofiles.cancer.gov/demographics/index.php?stateFIPS=53&areatype=county&topic=pop&demo=00023&race=00&sex=0&age=001&type=manyareacensus&sortVariableName=value&sortOrder=asc&output=1,53,pop,manyareacensus,,,,,,
King County,53033.0,0.7,14276.0,926 of 3141,1,county,23,demographics_019.csv,0,0,https://www.statecancerprofiles.cancer.gov/demographics/index.php?stateFIPS=53&areatype=county&topic=pop&demo=00023&race=00&sex=0&age=001&type=manyareacensus&sortVariableName=value&sortOrder=asc&output=1,53,pop,manyareacensus,,,,,,
Franklin County,53021.0,0.8,686.0,823 of 3141,1,county,23,demographics_019.csv,0,0,https://www.statecancerprofiles.cancer.gov/demographics/index.php?stateFIPS=53&areatype=county&topic=pop&demo=00023&race=00&sex=0&age=001&type=manyareacensus&sortVariableName=value&sortOrder=asc&output=1,53,pop,manyareacensus,,,,,,
Benton County,53005.0,0.8,1487.0,817 of 3141,1,county,23,demographics_019.csv,0,0,https://www.statecancerprofiles.cancer.gov/demographics/index.php?stateFIPS=53&areatype=county&topic=pop&demo=00023&race=00&sex=0&age=001&type=manyareacensus&sortVariableName=value&sortOrder=asc&output=1,53,pop,manyareacensus,,,,,,
Douglas County,53017.0,0.9,357.0,742 of 3141,1,county,23,demographics_019.csv,0,0,https://www.statecancerprofiles.cancer.gov/demographics/index.php?stateFIPS=53&areatype=county&topic=pop&demo=00023&race=00&sex=0&age=001&type=manyareacensus&sortVariableName=value&sortOrder=asc&output=1,53,pop,manyareacensus,,,,,,
San Juan County,53055.0,0.9,143.0,740 of 3141,1,county,23,demographics_019.csv,0,0,https://www.statecancerprofiles.cancer.gov/demographics/index.php?stateFIPS=53&areatype=county&topic=pop&demo=00023&race=00&sex=0&age=001&type=manyareacensus&sortVariableName=value&sortOrder=asc&output=1,53,pop,manyareacensus,,,,,,
Snohomish County,53061.0,0.9,7256.0,703 of 3141,1,county,23,demographics_019.csv,0,0,https://www.statecancerprofiles.cancer.gov/demographics/index.php?stateFIPS=53&areatype=county&topic=pop&demo=00023&race=00&sex=0&age=001&type=manyareacensus&sortVariableName=value&sortOrder=asc&output=1,53,pop,manyareacensus,,,,,,
Walla Walla County,53071.0,1.0,570.0,695 of 3141,1,county,23,demographics_019.csv,0,0,https://www.statecancerprofiles.cancer.gov/demographics/index.php?stateFIPS=53&areatype=county&topic=pop&demo=00023&race=00&sex=0&age=001&type=manyareacensus&sortVariableName=value&sortOrder=asc&output=1,53,pop,manyareacensus,,,,,,
Chelan County,53007.0,1.0,737.0,676 of 3141,1,county,23,demographics_019.csv,0,0,https://www.statecancerprofiles.cancer.gov/demographics/index.php?stateFIPS=53&areatype=county&topic=pop&demo=00023&race=00&sex=0&age=001&type=manyareacensus&sortVariableName=value&sortOrder=asc&output=1,53,pop,manyareacensus,,,,,,
Kitsap County,53035.0,1.1,2872.0,595 of 3141,1,county,23,demographics_019.csv,0,0,https://www.statecancerprofiles.cancer.gov/demographics/index.php?stateFIPS=53&areatype=county&topic=pop&demo=00023&race=00&sex=0&age=001&type=manyareacensus&sortVariableName=value&sortOrder=asc&output=1,53,pop,manyareacensus,,,,,,
Grant County,53025.0,1.2,1129.0,555 of 3141,1,county,23,demographics_019.csv,0,0,https://www.statecancerprofiles.cancer.gov/demographics/index.php?stateFIPS=53&areatype=county&topic=pop&demo=00023&race=00&sex=0&age=001&type=manyareacensus&sortVariableName=value&sortOrder=asc&output=1,53,pop,manyareacensus,,,,,,
Pierce County,53053.0,1.2,10257.0,552 of 3141,1,county,23,demographics_019.csv,0,0,https://www.statecancerprofiles.cancer.gov/demographics/index.php?stateFIPS=53&areatype=county&topic=pop&demo=00023&race=00&sex=0&age=001&type=manyareacensus&sortVariableName=value&sortOrder=asc&output=1,53,pop,manyareacensus,,,,,,
Island County,53029.0,1.2,980.0,548 of 3141,1,county,23,demographics_019.csv,0,0,https://www.statecancerprofiles.cancer.gov/demographics/index.php?stateFIPS=53&areatype=county&topic=pop&demo=00023&race=00&sex=0&age=001&type=manyareacensus&sortVariableName=value&sortOrder=asc&output=1,53,pop,manyareacensus,,,,,,
Cowlitz County,53015.0,1.2,1285.0,541 of 3141,1,county,23,demographics_019.csv,0,0,https://www.statecancerprofiles.cancer.gov/demographics/index.php?stateFIPS=53&areatype=county&topic=pop&demo=00023&race=00&sex=0&age=001&type=manyareacensus&sortVariableName=value&sortOrder=asc&output=1,53,pop,manyareacensus,,,,,,
Lincoln County,53043.0,1.4,140.0,510 of 3141,1,county,23,demographics_019.csv,0,0,https://www.statecancerprofiles.cancer.gov/demographics/index.php?stateFIPS=53&areatype=county&topic=pop&demo=00023&race=00&sex=0&age=001&type=manyareacensus&sortVariableName=value&sortOrder=asc&output=1,53,pop,manyareacensus,,,,,,
Spokane County,53063.0,1.4,6778.0,500 of 3141,1,county,23,demographics_019.csv,0,0,https://www.statecancerprofiles.cancer.gov/demographics/index.php?stateFIPS=53&areatype=county&topic=pop&demo=00023&race=00&sex=0&age=001&type=manyareacensus&sortVariableName=value&sortOrder=asc&output=1,53,pop,manyareacensus,,,,,,
Thurston County,53067.0,1.5,3993.0,473 of 3141,1,county,23,demographics_019.csv,0,0,https://www.statecancerprofiles.cancer.gov/demographics/index.php?stateFIPS=53&areatype=county&topic=pop&demo=00023&race=00&sex=0&age=001&type=manyareacensus&sortVariableName=value&sortOrder=asc&output=1,53,pop,manyareacensus,,,,,,
Pacific County,53049.0,1.5,322.0,453 of 3141,1,county,23,demographics_019.csv,0,0,https://www.statecancerprofiles.cancer.gov/demographics/index.php?stateFIPS=53&areatype=county&topic=pop&demo=00023&race=00&sex=0&age=001&type=manyareacensus&sortVariableName=value&sortOrder=asc&output=1,53,pop,manyareacensus,,,,,,
Asotin County,53003.0,1.6,360.0,441 of 3141,1,county,23,demographics_019.csv,0,0,https://www.statecancerprofiles.cancer.gov/demographics/index.php?stateFIPS=53&areatype=county&topic=pop&demo=00023&race=00&sex=0&age=001&type=manyareacensus&sortVariableName=value&sortOrder=asc&output=1,53,pop,manyareacensus,,,,,,
Skagit County,53057.0,1.7,2014.0,437 of 3141,1,county,23,demographics_019.csv,0,0,https://www.statecancerprofiles.cancer.gov/demographics/index.php?stateFIPS=53&areatype=county&topic=pop&demo=00023&race=00&sex=0&age=001&type=manyareacensus&sortVariableName=value&sortOrder=asc&output=1,53,pop,manyareacensus,,,,,,
Jefferson County,53031.0,1.9,578.0,404 of 3141,1,county,23,demographics_019.csv,0,0,https://www.statecancerprofiles.cancer.gov/demographics/index.php?stateFIPS=53&areatype=county&topic=pop&demo=00023&race=00&sex=0&age=001&type=manyareacensus&sortVariableName=value&sortOrder=asc&output=1,53,pop,manyareacensus,,,,,,
Wahkiakum County,53069.0,1.9,79.0,397 of 3141,1,county,23,demographics_019.csv,0,0,https://www.statecancerprofiles.cancer.gov/demographics/index.php?stateFIPS=53&areatype=county&topic=pop&demo=00023&race=00&sex=0&age=001&type=manyareacensus&sortVariableName=value&sortOrder=asc&output=1,53,pop,manyareacensus,,,,,,
Skamania County,53059.0,2.4,279.0,329 of 3141,1,county,23,demographics_019.csv,0,0,https://www.statecancerprofiles.cancer.gov/demographics/index.php?stateFIPS=53&areatype=county&topic=pop&demo=00023&race=00&sex=0&age=001&type=manyareacensus&sortVariableName=value&sortOrder=asc&output=1,53,pop,manyareacensus,,,,,,
Adams County,53001.0,2.9,556.0,293 of 3141,1,county,23,demographics_019.csv,0,0,https://www.statecancerprofiles.cancer.gov/demographics/index.php?stateFIPS=53&areatype=county&topic=pop&demo=00023&race=00&sex=0&age=001&type=manyareacensus&sortVariableName=value&sortOrder=asc&output=1,53,pop,manyareacensus,,,,,,
Whatcom County,53073.0,3.1,6651.0,280 of 3141,1,county,23,demographics_019.csv,0,0,https://www.statecancerprofiles.cancer.gov/demographics/index.php?stateFIPS=53&areatype=county&topic=pop&demo=00023&race=00&sex=0&age=001&type=manyareacensus&sortVariableName=value&sortOrder=asc&output=1,53,pop,manyareacensus,,,,,,
Mason County,53045.0,3.1,1932.0,279 of 3141,1,county,23,demographics_019.csv,0,0,https://www.statecancerprofiles.cancer.gov/demographics/index.php?stateFIPS=53&areatype=county&topic=pop&demo=00023&race=00&sex=0&age=001&type=manyareacensus&sortVariableName=value&sortOrder=asc&output=1,53,pop,manyareacensus,,,,,,
Klickitat County,53039.0,3.2,686.0,274 of 3141,1,county,23,demographics_019.csv,0,0,https://www.statecancerprofiles.cancer.gov/demographics/index.php?stateFIPS=53&areatype=county&topic=pop&demo=00023&race=00&sex=0&age=001&type=manyareacensus&sortVariableName=value&sortOrder=asc&output=1,53,pop,manyareacensus,,,,,,
Pend Oreille County,53051.0,3.8,490.0,245 of 3141,1,county,23,demographics_019.csv,0,0,https://www.statecancerprofiles.cancer.gov/demographics/index.php?stateFIPS=53&areatype=county&topic=pop&demo=00023&race=00&sex=0&age=001&type=manyareacensus&sortVariableName=value&sortOrder=asc&output=1,53,pop,manyareacensus,,,,,,
Yakima County,53077.0,4.1,10133.0,230 of 3141,1,county,23,demographics_019.csv,0,0,https://www.statecancerprofiles.cancer.gov/demographics/index.php?stateFIPS=53&areatype=county&topic=pop&demo=00023&race=00&sex=0&age=001&type=manyareacensus&sortVariableName=value&sortOrder=asc&output=1,53,pop,manyareacensus,,,,,,
Clallam County,53009.0,4.6,3376.0,217 of 3141,1,county,23,demographics_019.csv,0,0,https://www.statecancerprofiles.cancer.gov/demographics/index.php?stateFIPS=53&areatype=county&topic=pop&demo=00023&race=00&sex=0&age=001&type=manyareacensus&sortVariableName=value&sortOrder=asc&output=1,53,pop,manyareacensus,,,,,,
Stevens County,53065.0,4.6,2031.0,216 of 3141,1,county,23,demographics_019.csv,0,0,https://www.statecancerprofiles.cancer.gov/demographics/index.php?stateFIPS=53&areatype=county&topic=pop&demo=00023&race=00&sex=0&age=001&type=manyareacensus&sortVariableName=value&sortOrder=asc&output=1,53,pop,manyareacensus,,,,,,
Grays Harbor County,53027.0,4.7,3332.0,215 of 3141,1,county,23,demographics_019.csv,0,0,https://www.statecancerprofiles.cancer.gov/demographics/index.php?stateFIPS=53&areatype=county&topic=pop&demo=00023&race=00&sex=0&age=001&type=manyareacensus&sortVariableName=value&sortOrder=asc&output=1,53,pop,manyareacensus,,,,,,
Okanogan County,53047.0,9.8,4063.0,122 of 3141,1,county,23,demographics_019.csv,0,0,https://www.statecancerprofiles.cancer.gov/demographics/index.php?stateFIPS=53&areatype=county&topic=pop&demo=00023&race=00&sex=0&age=001&type=manyareacensus&sortVariableName=value&sortOrder=asc&output=1,53,pop,manyareacensus,,,,,,
Ferry County,53019.0,14.3,1086.0,79 of 3141,1,county,23,demographics_019.csv,0,0,https://www.statecancerprofiles.cancer.gov/demographics/index.php?stateFIPS=53&areatype=county&topic=pop&demo=00023&race=00&sex=0&age=001&type=manyareacensus&sortVariableName=value&sortOrder=asc&output=1,53,pop,manyareacensus,,,,,,
United States,0.0,5.5,,,1,country,24,demographics_020.csv,0,0,https://www.statecancerprofiles.cancer.gov/demographics/index.php?stateFIPS=53&areatype=county&topic=pop&demo=00024&race=00&sex=0&age=001&type=manyareacensus&sortVariableName=value&sortOrder=asc&output=1,53,pop,manyareacensus,17756436.0,,,,,
Washington,53000.0,8.7,,4 of 52,1,state,24,demographics_020.csv,0,0,https://www.statecancerprofiles.cancer.gov/demographics/index.php?stateFIPS=53&areatype=county&topic=pop&demo=00024&race=00&sex=0&age=001&type=manyareacensus&sortVariableName=value&sortOrder=asc&output=1,53,pop,manyareacensus,624893.0,,,,,
Klickitat County,53039.0,0.7,,1410 of 3141,1,county,24,demographics_020.csv,0,0,https://www.statecancerprofiles.cancer.gov/demographics/index.php?stateFIPS=53&areatype=county&topic=pop&demo=00024&race=00&sex=0&age=001&type=manyareacensus&sortVariableName=value&sortOrder=asc&output=1,53,pop,manyareacensus,154.0,,,,,
Stevens County,53065.0,0.7,,1381 of 3141,1,county,24,demographics_020.csv,0,0,https://www.statecancerprofiles.cancer.gov/demographics/index.php?stateFIPS=53&areatype=county&topic=pop&demo=00024&race=00&sex=0&age=001&type=manyareacensus&sortVariableName=value&sortOrder=asc&output=1,53,pop,manyareacensus,323.0,,,,,
Douglas County,53017.0,0.9,,1174 of 3141,1,county,24,demographics_020.csv,0,0,https://www.statecancerprofiles.cancer.gov/demographics/index.php?stateFIPS=53&areatype=county&topic=pop&demo=00024&race=00&sex=0&age=001&type=manyareacensus&sortVariableName=value&sortOrder=asc&output=1,53,pop,manyareacensus,366.0,,,,,
Pend Oreille County,53051.0,0.9,,1135 of 3141,1,county,24,demographics_020.csv,0,0,https://www.statecancerprofiles.cancer.gov/demographics/index.php?stateFIPS=53&areatype=county&topic=pop&demo=00024&race=00&sex=0&age=001&type=manyareacensus&sortVariableName=value&sortOrder=asc&output=1,53,pop,manyareacensus,123.0,,,,,
Lincoln County,53043.0,1.0,,1100 of 3141,1,county,24,demographics_020.csv,0,0,https://www.statecancerprofiles.cancer.gov/demographics/index.php?stateFIPS=53&areatype=county&topic=pop&demo=00024&race=00&sex=0&age=001&type=manyareacensus&sortVariableName=value&sortOrder=asc&output=1,53,pop,manyareacensus,101.0,,,,,
Asotin County,53003.0,1.1,,1020 of 3141,1,county,24,demographics_020.csv,0,0,https://www.statecancerprofiles.cancer.gov/demographics/index.php?stateFIPS=53&areatype=county&topic=pop&demo=00024&race=00&sex=0&age=001&type=manyareacensus&sortVariableName=value&sortOrder=asc&output=1,53,pop,manyareacensus,234.0,,,,,
Yakima County,53077.0,1.1,,1001 of 3141,1,county,24,demographics_020.csv,0,0,https://www.statecancerprofiles.cancer.gov/demographics/index.php?stateFIPS=53&areatype=county&topic=pop&demo=00024&race=00&sex=0&age=001&type=manyareacensus&sortVariableName=value&sortOrder=asc&output=1,53,pop,manyareacensus,2665.0,,,,,
Okanogan County,53047.0,1.1,,990 of 3141,1,county,24,demographics_020.csv,0,0,https://www.statecancerprofiles.cancer.gov/demographics/index.php?stateFIPS=53&areatype=county&topic=pop&demo=00024&race=00&sex=0&age=001&type=manyareacensus&sortVariableName=value&sortOrder=asc&output=1,53,pop,manyareacensus,448.0,,,,,
Chelan County,53007.0,1.1,,953 of 3141,1,county,24,demographics_020.csv,0,0,https://www.statecancerprofiles.cancer.gov/demographics/index.php?stateFIPS=53&areatype=county&topic=pop&demo=00024&race=00&sex=0&age=001&type=manyareacensus&sortVariableName=value&sortOrder=asc&output=1,53,pop,manyareacensus,852.0,,,,,
Grant County,53025.0,1.2,,926 of 3141,1,county,24,demographics_020.csv,0,0,https://www.statecancerprofiles.cancer.gov/demographics/index.php?stateFIPS=53&areatype=county&topic=pop&demo=00024&race=00&sex=0&age=001&type=manyareacensus&sortVariableName=value&sortOrder=asc&output=1,53,pop,manyareacensus,1088.0,,,,,
Adams County,53001.0,1.2,,912 of 3141,1,county,24,demographics_020.csv,0,0,https://www.statecancerprofiles.cancer.gov/demographics/index.php?stateFIPS=53&areatype=county&topic=pop&demo=00024&race=00&sex=0&age=001&type=manyareacensus&sortVariableName=value&sortOrder=asc&output=1,53,pop,manyareacensus,228.0,,,,,
Skamania County,53059.0,1.2,,900 of 3141,1,county,24,demographics_020.csv,0,0,https://www.statecancerprofiles.cancer.gov/demographics/index.php?stateFIPS=53&areatype=county&topic=pop&demo=00024&race=00&sex=0&age=001&type=manyareacensus&sortVariableName=value&sortOrder=asc&output=1,53,pop,manyareacensus,137.0,,,,,
Lewis County,53041.0,1.4,,753 of 3141,1,county,24,demographics_020.csv,0,0,https://www.statecancerprofiles.cancer.gov/demographics/index.php?stateFIPS=53&areatype=county&topic=pop&demo=00024&race=00&sex=0&age=001&type=manyareacensus&sortVariableName=value&sortOrder=asc&output=1,53,pop,manyareacensus,1087.0,,,,,
San Juan County,53055.0,1.5,,733 of 3141,1,county,24,demographics_020.csv,0,0,https://www.statecancerprofiles.cancer.gov/demographics/index.php?stateFIPS=53&areatype=county&topic=pop&demo=00024&race=00&sex=0&age=001&type=manyareacensus&sortVariableName=value&sortOrder=asc&output=1,53,pop,manyareacensus,237.0,,,,,
Cowlitz County,53015.0,1.5,,700 of 3141,1,county,24,demographics_020.csv,0,0,https://www.statecancerprofiles.cancer.gov/demographics/index.php?stateFIPS=53&areatype=county&topic=pop&demo=00024&race=00&sex=0&age=001&type=manyareacensus&sortVariableName=value&sortOrder=asc&output=1,53,pop,manyareacensus,1574.0,,,,,
Clallam County,53009.0,1.6,,681 of 3141,1,county,24,demographics_020.csv,0,0,https://www.statecancerprofiles.cancer.gov/demographics/index.php?stateFIPS=53&areatype=county&topic=pop&demo=00024&race=00&sex=0&age=001&type=manyareacensus&sortVariableName=value&sortOrder=asc&output=1,53,pop,manyareacensus,1148.0,,,,,
Walla Walla County,53071.0,1.6,,657 of 3141,1,county,24,demographics_020.csv,0,0,https://www.statecancerprofiles.cancer.gov/demographics/index.php?stateFIPS=53&areatype=county&topic=pop&demo=00024&race=00&sex=0&age=001&type=manyareacensus&sortVariableName=value&sortOrder=asc&output=1,53,pop,manyareacensus,965.0,,,,,
Ferry County,53019.0,1.7,,647 of 3141,1,county,24,demographics_020.csv,0,0,https://www.statecancerprofiles.cancer.gov/demographics/index.php?stateFIPS=53&areatype=county&topic=pop&demo=00024&race=00&sex=0&age=001&type=manyareacensus&sortVariableName=value&sortOrder=asc&output=1,53,pop,manyareacensus,125.0,,,,,
Wahkiakum County,53069.0,1.7,,619 of 3141,1,county,24,demographics_020.csv,0,0,https://www.statecancerprofiles.cancer.gov/demographics/index.php?stateFIPS=53&areatype=county&topic=pop&demo=00024&race=00&sex=0&age=001&type=manyareacensus&sortVariableName=value&sortOrder=asc&output=1,53,pop,manyareacensus,71.0,,,,,
Garfield County,53023.0,1.8,,597 of 3141,1,county,24,demographics_020.csv,0,0,https://www.statecancerprofiles.cancer.gov/demographics/index.php?stateFIPS=53&areatype=county&topic=pop&demo=00024&race=00&sex=0&age=001&type=manyareacensus&sortVariableName=value&sortOrder=asc&output=1,53,pop,manyareacensus,40.0,,,,,
Mason County,53045.0,1.8,,596 of 3141,1,county,24,demographics_020.csv,0,0,https://www.statecancerprofiles.cancer.gov/demographics/index.php?stateFIPS=53&areatype=county&topic=pop&demo=00024&race=00&sex=0&age=001&type=manyareacensus&sortVariableName=value&sortOrder=asc&output=1,53,pop,manyareacensus,1110.0,,,,,
Grays Harbor County,53027.0,1.9,,568 of 3141,1,county,24,demographics_020.csv,0,0,https://www.statecancerprofiles.cancer.gov/demographics/index.php?stateFIPS=53&areatype=county&topic=pop&demo=00024&race=00&sex=0&age=001&type=manyareacensus&sortVariableName=value&sortOrder=asc&output=1,53,pop,manyareacensus,1371.0,,,,,
Pacific County,53049.0,2.0,,527 of 3141,1,county,24,demographics_020.csv,0,0,https://www.statecancerprofiles.cancer.gov/demographics/index.php?stateFIPS=53&areatype=county&topic=pop&demo=00024&race=00&sex=0&age=001&type=manyareacensus&sortVariableName=value&sortOrder=asc&output=1,53,pop,manyareacensus,424.0,,,,,
Skagit County,53057.0,2.1,,516 of 3141,1,county,24,demographics_020.csv,0,0,https://www.statecancerprofiles.cancer.gov/demographics/index.php?stateFIPS=53&areatype=county&topic=pop&demo=00024&race=00&sex=0&age=001&type=manyareacensus&sortVariableName=value&sortOrder=asc&output=1,53,pop,manyareacensus,2515.0,,,,,
Kittitas County,53037.0,2.1,,509 of 3141,1,county,24,demographics_020.csv,0,0,https://www.statecancerprofiles.cancer.gov/demographics/index.php?stateFIPS=53&areatype=county&topic=pop&demo=00024&race=00&sex=0&age=001&type=manyareacensus&sortVariableName=value&sortOrder=asc&output=1,53,pop,manyareacensus,918.0,,,,,
Jefferson County,53031.0,2.1,,498 of 3141,1,county,24,demographics_020.csv,0,0,https://www.statecancerprofiles.cancer.gov/demographics/index.php?stateFIPS=53&areatype=county&topic=pop&demo=00024&race=00&sex=0&age=001&type=manyareacensus&sortVariableName=value&sortOrder=asc&output=1,53,pop,manyareacensus,656.0,,,,,
Franklin County,53021.0,2.4,,447 of 3141,1,county,24,demographics_020.csv,0,0,https://www.statecancerprofiles.cancer.gov/demographics/index.php?stateFIPS=53&areatype=county&topic=pop&demo=00024&race=00&sex=0&age=001&type=manyareacensus&sortVariableName=value&sortOrder=asc&output=1,53,pop,manyareacensus,2126.0,,,,,
Benton County,53005.0,2.6,,395 of 3141,1,county,24,demographics_020.csv,0,0,https://www.statecancerprofiles.cancer.gov/demographics/index.php?stateFIPS=53&areatype=county&topic=pop&demo=00024&race=00&sex=0&age=001&type=manyareacensus&sortVariableName=value&sortOrder=asc&output=1,53,pop,manyareacensus,5018.0,,,,,
Spokane County,53063.0,2.7,,371 of 3141,1,county,24,demographics_020.csv,0,0,https://www.statecancerprofiles.cancer.gov/demographics/index.php?stateFIPS=53&areatype=county&topic=pop&demo=00024&race=00&sex=0&age=001&type=manyareacensus&sortVariableName=value&sortOrder=asc&output=1,53,pop,manyareacensus,13493.0,,,,,
Columbia County,53013.0,3.2,,298 of 3141,1,county,24,demographics_020.csv,0,0,https://www.statecancerprofiles.cancer.gov/demographics/index.php?stateFIPS=53&areatype=county&topic=pop&demo=00024&race=00&sex=0&age=001&type=manyareacensus&sortVariableName=value&sortOrder=asc&output=1,53,pop,manyareacensus,129.0,,,,,
Whatcom County,53073.0,4.3,,200 of 3141,1,county,24,demographics_020.csv,0,0,https://www.statecancerprofiles.cancer.gov/demographics/index.php?stateFIPS=53&areatype=county&topic=pop&demo=00024&race=00&sex=0&age=001&type=manyareacensus&sortVariableName=value&sortOrder=asc&output=1,53,pop,manyareacensus,9234.0,,,,,
Island County,53029.0,4.9,,169 of 3141,1,county,24,demographics_020.csv,0,0,https://www.statecancerprofiles.cancer.gov/demographics/index.php?stateFIPS=53&areatype=county&topic=pop&demo=00024&race=00&sex=0&age=001&type=manyareacensus&sortVariableName=value&sortOrder=asc&output=1,53,pop,manyareacensus,3912.0,,,,,
Clark County,53011.0,5.2,,152 of 3141,1,county,24,demographics_020.csv,0,0,https://www.statecancerprofiles.cancer.gov/demographics/index.php?stateFIPS=53&areatype=county&topic=pop&demo=00024&race=00&sex=0&age=001&type=manyareacensus&sortVariableName=value&sortOrder=asc&output=1,53,pop,manyareacensus,23899.0,,,,,
Kitsap County,53035.0,5.6,,134 of 3141,1,county,24,demographics_020.csv,0,0,https://www.statecancerprofiles.cancer.gov/demographics/index.php?stateFIPS=53&areatype=county&topic=pop&demo=00024&race=00&sex=0&age=001&type=manyareacensus&sortVariableName=value&sortOrder=asc&output=1,53,pop,manyareacensus,14604.0,,,,,
Thurston County,53067.0,6.5,,96 of 3141,1,county,24,demographics_020.csv,0,0,https://www.statecancerprofiles.cancer.gov/demographics/index.php?stateFIPS=53&areatype=county&topic=pop&demo=00024&race=00&sex=0&age=001&type=manyareacensus&sortVariableName=value&sortOrder=asc&output=1,53,pop,manyareacensus,17660.0,,,,,
Pierce County,53053.0,7.5,,75 of 3141,1,county,24,demographics_020.csv,0,0,https://www.statecancerprofiles.cancer.gov/demographics/index.php?stateFIPS=53&areatype=county&topic=pop&demo=00024&race=00&sex=0&age=001&type=manyareacensus&sortVariableName=value&sortOrder=asc&output=1,53,pop,manyareacensus,63754.0,,,,,
Whitman County,53075.0,8.1,,65 of 3141,1,county,24,demographics_020.csv,0,0,https://www.statecancerprofiles.cancer.gov/demographics/index.php?stateFIPS=53&areatype=county&topic=pop&demo=00024&race=00&sex=0&age=001&type=manyareacensus&sortVariableName=value&sortOrder=asc&output=1,53,pop,manyareacensus,3868.0,,,,,
Snohomish County,53061.0,10.5,,45 of 3141,1,county,24,demographics_020.csv,0,0,https://www.statecancerprofiles.cancer.gov/demographics/index.php?stateFIPS=53&areatype=county&topic=pop&demo=00024&race=00&sex=0&age=001&type=manyareacensus&sortVariableName=value&sortOrder=asc&output=1,53,pop,manyareacensus,81098.0,,,,,
King County,53033.0,17.3,,19 of 3141,1,county,24,demographics_020.csv,0,0,https://www.statecancerprofiles.cancer.gov/demographics/index.php?stateFIPS=53&areatype=county&topic=pop&demo=00024&race=00&sex=0&age=001&type=manyareacensus&sortVariableName=value&sortOrder=asc&output=1,53,pop,manyareacensus,367138.0,,,,,
Washington,53000.0,3.7,,37 of 52,1,state,22,demographics_021.csv,0,0,https://www.statecancerprofiles.cancer.gov/demographics/index.php?stateFIPS=53&areatype=county&topic=pop&demo=00022&race=00&sex=0&age=001&type=manyareacensus&sortVariableName=value&sortOrder=asc&output=1,53,pop,manyareacensus,,261743.0,,,,
United States,0.0,12.7,,,1,country,22,demographics_021.csv,0,0,https://www.statecancerprofiles.cancer.gov/demographics/index.php?stateFIPS=53&areatype=county&topic=pop&demo=00022&race=00&sex=0&age=001&type=manyareacensus&sortVariableName=value&sortOrder=asc&output=1,53,pop,manyareacensus,,40610815.0,,,,
Garfield County,53023.0,0.0,,3052 of 3141,1,county,22,demographics_021.csv,0,0,https://www.statecancerprofiles.cancer.gov/demographics/index.php?stateFIPS=53&areatype=county&topic=pop&demo=00022&race=00&sex=0&age=001&type=manyareacensus&sortVariableName=value&sortOrder=asc&output=1,53,pop,manyareacensus,,0.0,,,,
Ferry County,53019.0,0.1,,2988 of 3141,1,county,22,demographics_021.csv,0,0,https://www.statecancerprofiles.cancer.gov/demographics/index.php?stateFIPS=53&areatype=county&topic=pop&demo=00022&race=00&sex=0&age=001&type=manyareacensus&sortVariableName=value&sortOrder=asc&output=1,53,pop,manyareacensus,,6.0,,,,
Wahkiakum County,53069.0,0.2,,2867 of 3141,1,county,22,demographics_021.csv,0,0,https://www.statecancerprofiles.cancer.gov/demographics/index.php?stateFIPS=53&areatype=county&topic=pop&demo=00022&race=00&sex=0&age=001&type=manyareacensus&sortVariableName=value&sortOrder=asc&output=1,53,pop,manyareacensus,,8.0,,,,
Pend Oreille County,53051.0,0.2,,2839 of 3141,1,county,22,demographics_021.csv,0,0,https://www.statecancerprofiles.cancer.gov/demographics/index.php?stateFIPS=53&areatype=county&topic=pop&demo=00022&race=00&sex=0&age=001&type=manyareacensus&sortVariableName=value&sortOrder=asc&output=1,53,pop,manyareacensus,,29.0,,,,
Klickitat County,53039.0,0.3,,2789 of 3141,1,county,22,demographics_021.csv,0,0,https://www.statecancerprofiles.cancer.gov/demographics/index.php?stateFIPS=53&areatype=county&topic=pop&demo=00022&race=00&sex=0&age=001&type=manyareacensus&sortVariableName=value&sortOrder=asc&output=1,53,pop,manyareacensus,,59.0,,,,
Douglas County,53017.0,0.3,,2736 of 3141,1,county,22,demographics_021.csv,0,0,https://www.statecancerprofiles.cancer.gov/demographics/index.php?stateFIPS=53&areatype=county&topic=pop&demo=00022&race=00&sex=0&age=001&type=manyareacensus&sortVariableName=value&sortOrder=asc&output=1,53,pop,manyareacensus,,129.0,,,,
Pacific County,53049.0,0.3,,2704 of 3141,1,county,22,demographics_021.csv,0,0,https://www.statecancerprofiles.cancer.gov/demographics/index.php?stateFIPS=53&areatype=county&topic=pop&demo=00022&race=00&sex=0&age=001&type=manyareacensus&sortVariableName=value&sortOrder=asc&output=1,53,pop,manyareacensus,,70.0,,,,
Stevens County,53065.0,0.5,,2585 of 3141,1,county,22,demographics_021.csv,0,0,https://www.statecancerprofiles.cancer.gov/demographics/index.php?stateFIPS=53&areatype=county&topic=pop&demo=00022&race=00&sex=0&age=001&type=manyareacensus&sortVariableName=value&sortOrder=asc&output=1,53,pop,manyareacensus,,201.0,,,,
Asotin County,53003.0,0.5,,2561 of 3141,1,county,22,demographics_021.csv,0,0,https://www.statecancerprofiles.cancer.gov/demographics/index.php?stateFIPS=53&areatype=county&topic=pop&demo=00022&race=00&sex=0&age=001&type=manyareacensus&sortVariableName=value&sortOrder=asc&output=1,53,pop,manyareacensus,,105.0,,,,
Okanogan County,53047.0,0.5,,2558 of 3141,1,county,22,demographics_021.csv,0,0,https://www.statecancerprofiles.cancer.gov/demographics/index.php?stateFIPS=53&areatype=county&topic=pop&demo=00022&race=00&sex=0&age=001&type=manyareacensus&sortVariableName=value&sortOrder=asc&output=1,53,pop,manyareacensus,,196.0,,,,
Chelan County,53007.0,0.5,,2543 of 3141,1,county,22,demographics_021.csv,0,0,https://www.statecancerprofiles.cancer.gov/demographics/index.php?stateFIPS=53&areatype=county&topic=pop&demo=00022&race=00&sex=0&age=001&type=manyareacensus&sortVariableName=value&sortOrder=asc&output=1,53,pop,manyareacensus,,364.0,,,,
Columbia County,53013.0,0.5,,2499 of 3141,1,county,22,demographics_021.csv,0,0,https://www.statecancerprofiles.cancer.gov/demographics/index.php?stateFIPS=53&areatype=county&topic=pop&demo=00022&race=00&sex=0&age=001&type=manyareacensus&sortVariableName=value&sortOrder=asc&output=1,53,pop,manyareacensus,,21.0,,,,
Jefferson County,53031.0,0.6,,2433 of 3141,1,county,22,demographics_021.csv,0,0,https://www.statecancerprofiles.cancer.gov/demographics/index.php?stateFIPS=53&areatype=county&topic=pop&demo=00022&race=00&sex=0&age=001&type=manyareacensus&sortVariableName=value&sortOrder=asc&output=1,53,pop,manyareacensus,,177.0,,,,
Lincoln County,53043.0,0.6,,2432 of 3141,1,county,22,demographics_021.csv,0,0,https://www.statecancerprofiles.cancer.gov/demographics/index.php?stateFIPS=53&areatype=county&topic=pop&demo=00022&race=00&sex=0&age=001&type=manyareacensus&sortVariableName=value&sortOrder=asc&output=1,53,pop,manyareacensus,,60.0,,,,
Adams County,53001.0,0.6,,2426 of 3141,1,county,22,demographics_021.csv,0,0,https://www.statecancerprofiles.cancer.gov/demographics/index.php?stateFIPS=53&areatype=county&topic=pop&demo=00022&race=00&sex=0&age=001&type=manyareacensus&sortVariableName=value&sortOrder=asc&output=1,53,pop,manyareacensus,,113.0,,,,
San Juan County,53055.0,0.6,,2361 of 3141,1,county,22,demographics_021.csv,0,0,https://www.statecancerprofiles.cancer.gov/demographics/index.php?stateFIPS=53&areatype=county&topic=pop&demo=00022&race=00&sex=0&age=001&type=manyareacensus&sortVariableName=value&sortOrder=asc&output=1,53,pop,manyareacensus,,104.0,,,,
Lewis County,53041.0,0.7,,2337 of 3141,1,county,22,demographics_021.csv,0,0,https://www.statecancerprofiles.cancer.gov/demographics/index.php?stateFIPS=53&areatype=county&topic=pop&demo=00022&race=00&sex=0&age=001&type=manyareacensus&sortVariableName=value&sortOrder=asc&output=1,53,pop,manyareacensus,,503.0,,,,
Grant County,53025.0,0.7,,2304 of 3141,1,county,22,demographics_021.csv,0,0,https://www.statecancerprofiles.cancer.gov/demographics/index.php?stateFIPS=53&areatype=county&topic=pop&demo=00022&race=00&sex=0&age=001&type=manyareacensus&sortVariableName=value&sortOrder=asc&output=1,53,pop,manyareacensus,,636.0,,,,
Cowlitz County,53015.0,0.8,,2202 of 3141,1,county,22,demographics_021.csv,0,0,https://www.statecancerprofiles.cancer.gov/demographics/index.php?stateFIPS=53&areatype=county&topic=pop&demo=00022&race=00&sex=0&age=001&type=manyareacensus&sortVariableName=value&sortOrder=asc&output=1,53,pop,manyareacensus,,822.0,,,,
Skagit County,53057.0,0.8,,2163 of 3141,1,county,22,demographics_021.csv,0,0,https://www.statecancerprofiles.cancer.gov/demographics/index.php?stateFIPS=53&areatype=county&topic=pop&demo=00022&race=00&sex=0&age=001&type=manyareacensus&sortVariableName=value&sortOrder=asc&output=1,53,pop,manyareacensus,,1022.0,,,,
Skamania County,53059.0,0.9,,2105 of 3141,1,county,22,demographics_021.csv,0,0,https://www.statecancerprofiles.cancer.gov/demographics/index.php?stateFIPS=53&areatype=county&topic=pop&demo=00022&race=00&sex=0&age=001&type=manyareacensus&sortVariableName=value&sortOrder=asc&output=1,53,pop,manyareacensus,,105.0,,,,
Yakima County,53077.0,1.0,,2054 of 3141,1,county,22,demographics_021.csv,0,0,https://www.statecancerprofiles.cancer.gov/demographics/index.php?stateFIPS=53&areatype=county&topic=pop&demo=00022&race=00&sex=0&age=001&type=manyareacensus&sortVariableName=value&sortOrder=asc&output=1,53,pop,manyareacensus,,2410.0,,,,
Whatcom County,53073.0,1.0,,2037 of 3141,1,county,22,demographics_021.csv,0,0,https://www.statecancerprofiles.cancer.gov/demographics/index.php?stateFIPS=53&areatype=county&topic=pop&demo=00022&race=00&sex=0&age=001&type=manyareacensus&sortVariableName=value&sortOrder=asc&output=1,53,pop,manyareacensus,,2129.0,,,,
Grays Harbor County,53027.0,1.0,,2034 of 3141,1,county,22,demographics_021.csv,0,0,https://www.statecancerprofiles.cancer.gov/demographics/index.php?stateFIPS=53&areatype=county&topic=pop&demo=00022&race=00&sex=0&age=001&type=manyareacensus&sortVariableName=value&sortOrder=asc&output=1,53,pop,manyareacensus,,717.0,,,,
Kittitas County,53037.0,1.1,,1988 of 3141,1,county,22,demographics_021.csv,0,0,https://www.statecancerprofiles.cancer.gov/demographics/index.php?stateFIPS=53&areatype=county&topic=pop&demo=00022&race=00&sex=0&age=001&type=manyareacensus&sortVariableName=value&sortOrder=asc&output=1,53,pop,manyareacensus,,478.0,,,,
Clallam County,53009.0,1.2,,1964 of 3141,1,county,22,demographics_021.csv,0,0,https://www.statecancerprofiles.cancer.gov/demographics/index.php?stateFIPS=53&areatype=county&topic=pop&demo=00022&race=00&sex=0&age=001&type=manyareacensus&sortVariableName=value&sortOrder=asc&output=1,53,pop,manyareacensus,,847.0,,,,
Walla Walla County,53071.0,1.5,,1794 of 3141,1,county,22,demographics_021.csv,0,0,https://www.statecancerprofiles.cancer.gov/demographics/index.php?stateFIPS=53&areatype=county&topic=pop&demo=00022&race=00&sex=0&age=001&type=manyareacensus&sortVariableName=value&sortOrder=asc&output=1,53,pop,manyareacensus,,906.0,,,,
Benton County,53005.0,1.5,,1790 of 3141,1,county,22,demographics_021.csv,0,0,https://www.statecancerprofiles.cancer.gov/demographics/index.php?stateFIPS=53&areatype=county&topic=pop&demo=00022&race=00&sex=0&age=001&type=manyareacensus&sortVariableName=value&sortOrder=asc&output=1,53,pop,manyareacensus,,2888.0,,,,
Mason County,53045.0,1.5,,1776 of 3141,1,county,22,demographics_021.csv,0,0,https://www.statecancerprofiles.cancer.gov/demographics/index.php?stateFIPS=53&areatype=county&topic=pop&demo=00022&race=00&sex=0&age=001&type=manyareacensus&sortVariableName=value&sortOrder=asc&output=1,53,pop,manyareacensus,,949.0,,,,
Spokane County,53063.0,1.7,,1716 of 3141,1,county,22,demographics_021.csv,0,0,https://www.statecancerprofiles.cancer.gov/demographics/index.php?stateFIPS=53&areatype=county&topic=pop&demo=00022&race=00&sex=0&age=001&type=manyareacensus&sortVariableName=value&sortOrder=asc&output=1,53,pop,manyareacensus,,8347.0,,,,
Clark County,53011.0,1.9,,1667 of 3141,1,county,22,demographics_021.csv,0,0,https://www.statecancerprofiles.cancer.gov/demographics/index.php?stateFIPS=53&areatype=county&topic=pop&demo=00022&race=00&sex=0&age=001&type=manyareacensus&sortVariableName=value&sortOrder=asc&output=1,53,pop,manyareacensus,,8482.0,,,,
Whitman County,53075.0,2.0,,1614 of 3141,1,county,22,demographics_021.csv,0,0,https://www.statecancerprofiles.cancer.gov/demographics/index.php?stateFIPS=53&areatype=county&topic=pop&demo=00022&race=00&sex=0&age=001&type=manyareacensus&sortVariableName=value&sortOrder=asc&output=1,53,pop,manyareacensus,,979.0,,,,
Franklin County,53021.0,2.4,,1525 of 3141,1,county,22,demographics_021.csv,0,0,https://www.statecancerprofiles.cancer.gov/demographics/index.php?stateFIPS=53&areatype=county&topic=pop&demo=00022&race=00&sex=0&age=001&type=manyareacensus&sortVariableName=value&sortOrder=asc&output=1,53,pop,manyareacensus,,2166.0,,,,
Kitsap County,53035.0,2.5,,1510 of 3141,1,county,22,demographics_021.csv,0,0,https://www.statecancerprofiles.cancer.gov/demographics/index.php?stateFIPS=53&areatype=county&topic=pop&demo=00022&race=00&sex=0&age=001&type=manyareacensus&sortVariableName=value&sortOrder=asc&output=1,53,pop,manyareacensus,,6491.0,,,,
Snohomish County,53061.0,2.8,,1455 of 3141,1,county,22,demographics_021.csv,0,0,https://www.statecancerprofiles.cancer.gov/demographics/index.php?stateFIPS=53&areatype=county&topic=pop&demo=00022&race=00&sex=0&age=001&type=manyareacensus&sortVariableName=value&sortOrder=asc&output=1,53,pop,manyareacensus,,21321.0,,,,
Thurston County,53067.0,3.0,,1413 of 3141,1,county,22,demographics_021.csv,0,0,https://www.statecancerprofiles.cancer.gov/demographics/index.php?stateFIPS=53&areatype=county&topic=pop&demo=00022&race=00&sex=0&age=001&type=manyareacensus&sortVariableName=value&sortOrder=asc&output=1,53,pop,manyareacensus,,8038.0,,,,
Island County,53029.0,3.3,,1364 of 3141,1,county,22,demographics_021.csv,0,0,https://www.statecancerprofiles.cancer.gov/demographics/index.php?stateFIPS=53&areatype=county&topic=pop&demo=00022&race=00&sex=0&age=001&type=manyareacensus&sortVariableName=value&sortOrder=asc&output=1,53,pop,manyareacensus,,2631.0,,,,
King County,53033.0,6.2,,1020 of 3141,1,county,22,demographics_021.csv,0,0,https://www.statecancerprofiles.cancer.gov/demographics/index.php?stateFIPS=53&areatype=county&topic=pop&demo=00022&race=00&sex=0&age=001&type=manyareacensus&sortVariableName=value&sortOrder=asc&output=1,53,pop,manyareacensus,,130594.0,,,,
Pierce County,53053.0,6.7,,985 of 3141,1,county,22,demographics_021.csv,0,0,https://www.statecancerprofiles.cancer.gov/demographics/index.php?stateFIPS=53&areatype=county&topic=pop&demo=00022&race=00&sex=0&age=001&type=manyareacensus&sortVariableName=value&sortOrder=asc&output=1,53,pop,manyareacensus,,56640.0,,,,
United States,0.0,13.4,,,1,country,14,demographics_022.csv,0,0,https://www.statecancerprofiles.cancer.gov/demographics/index.php?stateFIPS=53&areatype=county&topic=pop&demo=00014&race=00&sex=0&age=001&type=manyareacensus&sortVariableName=value&sortOrder=asc&output=1,53,pop,manyareacensus,,,43028127.0,,,
Washington,53000.0,13.8,,13 of 51,1,state,14,demographics_022.csv,0,0,https://www.statecancerprofiles.cancer.gov/demographics/index.php?stateFIPS=53&areatype=county&topic=pop&demo=00014&race=00&sex=0&age=001&type=manyareacensus&sortVariableName=value&sortOrder=asc&output=1,53,pop,manyareacensus,,,986515.0,,,
Ferry County,53019.0,1.4,,2349 of 3140,1,county,14,demographics_022.csv,0,0,https://www.statecancerprofiles.cancer.gov/demographics/index.php?stateFIPS=53&areatype=county&topic=pop&demo=00014&race=00&sex=0&age=001&type=manyareacensus&sortVariableName=value&sortOrder=asc&output=1,53,pop,manyareacensus,,,103.0,,,
Garfield County,53023.0,1.7,,2107 of 3140,1,county,14,demographics_022.csv,0,0,https://www.statecancerprofiles.cancer.gov/demographics/index.php?stateFIPS=53&areatype=county&topic=pop&demo=00014&race=00&sex=0&age=001&type=manyareacensus&sortVariableName=value&sortOrder=asc&output=1,53,pop,manyareacensus,,,38.0,,,
Lincoln County,53043.0,1.7,,2081 of 3140,1,county,14,demographics_022.csv,0,0,https://www.statecancerprofiles.cancer.gov/demographics/index.php?stateFIPS=53&areatype=county&topic=pop&demo=00014&race=00&sex=0&age=001&type=manyareacensus&sortVariableName=value&sortOrder=asc&output=1,53,pop,manyareacensus,,,179.0,,,
Asotin County,53003.0,2.0,,1911 of 3140,1,county,14,demographics_022.csv,0,0,https://www.statecancerprofiles.cancer.gov/demographics/index.php?stateFIPS=53&areatype=county&topic=pop&demo=00014&race=00&sex=0&age=001&type=manyareacensus&sortVariableName=value&sortOrder=asc&output=1,53,pop,manyareacensus,,,455.0,,,
Stevens County,53065.0,3.0,,1445 of 3140,1,county,14,demographics_022.csv,0,0,https://www.statecancerprofiles.cancer.gov/demographics/index.php?stateFIPS=53&areatype=county&topic=pop&demo=00014&race=00&sex=0&age=001&type=manyareacensus&sortVariableName=value&sortOrder=asc&output=1,53,pop,manyareacensus,,,1295.0,,,
Wahkiakum County,53069.0,3.1,,1378 of 3140,1,county,14,demographics_022.csv,0,0,https://www.statecancerprofiles.cancer.gov/demographics/index.php?stateFIPS=53&areatype=county&topic=pop&demo=00014&race=00&sex=0&age=001&type=manyareacensus&sortVariableName=value&sortOrder=asc&output=1,53,pop,manyareacensus,,,129.0,,,
Pend Oreille County,53051.0,3.6,,1234 of 3140,1,county,14,demographics_022.csv,0,0,https://www.statecancerprofiles.cancer.gov/demographics/index.php?stateFIPS=53&areatype=county&topic=pop&demo=00014&race=00&sex=0&age=001&type=manyareacensus&sortVariableName=value&sortOrder=asc&output=1,53,pop,manyareacensus,,,468.0,,,
Skamania County,53059.0,3.8,,1186 of 3140,1,county,14,demographics_022.csv,0,0,https://www.statecancerprofiles.cancer.gov/demographics/index.php?stateFIPS=53&areatype=county&topic=pop&demo=00014&race=00&sex=0&age=001&type=manyareacensus&sortVariableName=value&sortOrder=asc&output=1,53,pop,manyareacensus,,,435.0,,,
Cowlitz County,53015.0,4.1,,1081 of 3140,1,county,14,demographics_022.csv,0,0,https://www.statecancerprofiles.cancer.gov/demographics/index.php?stateFIPS=53&areatype=county&topic=pop&demo=00014&race=00&sex=0&age=001&type=manyareacensus&sortVariableName=value&sortOrder=asc&output=1,53,pop,manyareacensus,,,4291.0,,,
Lewis County,53041.0,4.8,,943 of 3140,1,county,14,demographics_022.csv,0,0,https://www.statecancerprofiles.cancer.gov/demographics/index.php?stateFIPS=53&areatype=county&topic=pop&demo=00014&race=00&sex=0&age=001&type=manyareacensus&sortVariableName=value&sortOrder=asc&output=1,53,pop,manyareacensus,,,3684.0,,,
Grays Harbor County,53027.0,5.1,,900 of 3140,1,county,14,demographics_022.csv,0,0,https://www.statecancerprofiles.cancer.gov/demographics/index.php?stateFIPS=53&areatype=county&topic=pop&demo=00014&race=00&sex=0&age=001&type=manyareacensus&sortVariableName=value&sortOrder=asc&output=1,53,pop,manyareacensus,,,3650.0,,,
Clallam County,53009.0,5.2,,879 of 3140,1,county,14,demographics_022.csv,0,0,https://www.statecancerprofiles.cancer.gov/demographics/index.php?stateFIPS=53&areatype=county&topic=pop&demo=00014&race=00&sex=0&age=001&type=manyareacensus&sortVariableName=value&sortOrder=asc&output=1,53,pop,manyareacensus,,,3847.0,,,
Jefferson County,53031.0,5.3,,865 of 3140,1,county,14,demographics_022.csv,0,0,https://www.statecancerprofiles.cancer.gov/demographics/index.php?stateFIPS=53&areatype=county&topic=pop&demo=00014&race=00&sex=0&age=001&type=manyareacensus&sortVariableName=value&sortOrder=asc&output=1,53,pop,manyareacensus,,,1621.0,,,
Spokane County,53063.0,5.4,,844 of 3140,1,county,14,demographics_022.csv,0,0,https://www.statecancerprofiles.cancer.gov/demographics/index.php?stateFIPS=53&areatype=county&topic=pop&demo=00014&race=00&sex=0&age=001&type=manyareacensus&sortVariableName=value&sortOrder=asc&output=1,53,pop,manyareacensus,,,26678.0,,,
Kittitas County,53037.0,5.7,,782 of 3140,1,county,14,demographics_022.csv,0,0,https://www.statecancerprofiles.cancer.gov/demographics/index.php?stateFIPS=53&areatype=county&topic=pop&demo=00014&race=00&sex=0&age=001&type=manyareacensus&sortVariableName=value&sortOrder=asc&output=1,53,pop,manyareacensus,,,2514.0,,,
Mason County,53045.0,5.8,,777 of 3140,1,county,14,demographics_022.csv,0,0,https://www.statecancerprofiles.cancer.gov/demographics/index.php?stateFIPS=53&areatype=county&topic=pop&demo=00014&race=00&sex=0&age=001&type=manyareacensus&sortVariableName=value&sortOrder=asc&output=1,53,pop,manyareacensus,,,3561.0,,,
Columbia County,53013.0,5.8,,768 of 3140,1,county,14,demographics_022.csv,0,0,https://www.statecancerprofiles.cancer.gov/demographics/index.php?stateFIPS=53&areatype=county&topic=pop&demo=00014&race=00&sex=0&age=001&type=manyareacensus&sortVariableName=value&sortOrder=asc&output=1,53,pop,manyareacensus,,,233.0,,,
Pacific County,53049.0,6.3,,704 of 3140,1,county,14,demographics_022.csv,0,0,https://www.statecancerprofiles.cancer.gov/demographics/index.php?stateFIPS=53&areatype=county&topic=pop&demo=00014&race=00&sex=0&age=001&type=manyareacensus&sortVariableName=value&sortOrder=asc&output=1,53,pop,manyareacensus,,,1319.0,,,
Kitsap County,53035.0,6.5,,676 of 3140,1,county,14,demographics_022.csv,0,0,https://www.statecancerprofiles.cancer.gov/demographics/index.php?stateFIPS=53&areatype=county&topic=pop&demo=00014&race=00&sex=0&age=001&type=manyareacensus&sortVariableName=value&sortOrder=asc&output=1,53,pop,manyareacensus,,,16752.0,,,
San Juan County,53055.0,6.9,,620 of 3140,1,county,14,demographics_022.csv,0,0,https://www.statecancerprofiles.cancer.gov/demographics/index.php?stateFIPS=53&areatype=county&topic=pop&demo=00014&race=00&sex=0&age=001&type=manyareacensus&sortVariableName=value&sortOrder=asc&output=1,53,pop,manyareacensus,,,1120.0,,,
Island County,53029.0,7.1,,596 of 3140,1,county,14,demographics_022.csv,0,0,https://www.statecancerprofiles.cancer.gov/demographics/index.php?stateFIPS=53&areatype=county&topic=pop&demo=00014&race=00&sex=0&age=001&type=manyareacensus&sortVariableName=value&sortOrder=asc&output=1,53,pop,manyareacensus,,,5721.0,,,
Klickitat County,53039.0,7.3,,580 of 3140,1,county,14,demographics_022.csv,0,0,https://www.statecancerprofiles.cancer.gov/demographics/index.php?stateFIPS=53&areatype=county&topic=pop&demo=00014&race=00&sex=0&age=001&type=manyareacensus&sortVariableName=value&sortOrder=asc&output=1,53,pop,manyareacensus,,,1536.0,,,
Thurston County,53067.0,7.7,,535 of 3140,1,county,14,demographics_022.csv,0,0,https://www.statecancerprofiles.cancer.gov/demographics/index.php?stateFIPS=53&areatype=county&topic=pop&demo=00014&race=00&sex=0&age=001&type=manyareacensus&sortVariableName=value&sortOrder=asc&output=1,53,pop,manyareacensus,,,20692.0,,,
Pierce County,53053.0,9.4,,380 of 3140,1,county,14,demographics_022.csv,0,0,https://www.statecancerprofiles.cancer.gov/demographics/index.php?stateFIPS=53&areatype=county&topic=pop&demo=00014&race=00&sex=0&age=001&type=manyareacensus&sortVariableName=value&sortOrder=asc&output=1,53,pop,manyareacensus,,,79566.0,,,
Skagit County,53057.0,10.0,,359 of 3140,1,county,14,demographics_022.csv,0,0,https://www.statecancerprofiles.cancer.gov/demographics/index.php?stateFIPS=53&areatype=county&topic=pop&demo=00014&race=00&sex=0&age=001&type=manyareacensus&sortVariableName=value&sortOrder=asc&output=1,53,pop,manyareacensus,,,12151.0,,,
Walla Walla County,53071.0,10.0,,354 of 3140,1,county,14,demographics_022.csv,0,0,https://www.statecancerprofiles.cancer.gov/demographics/index.php?stateFIPS=53&areatype=county&topic=pop&demo=00014&race=00&sex=0&age=001&type=manyareacensus&sortVariableName=value&sortOrder=asc&output=1,53,pop,manyareacensus,,,6012.0,,,
Benton County,53005.0,10.3,,336 of 3140,1,county,14,demographics_022.csv,0,0,https://www.statecancerprofiles.cancer.gov/demographics/index.php?stateFIPS=53&areatype=county&topic=pop&demo=00014&race=00&sex=0&age=001&type=manyareacensus&sortVariableName=value&sortOrder=asc&output=1,53,pop,manyareacensus,,,19574.0,,,
Whitman County,53075.0,10.4,,328 of 3140,1,county,14,demographics_022.csv,0,0,https://www.statecancerprofiles.cancer.gov/demographics/index.php?stateFIPS=53&areatype=county&topic=pop&demo=00014&race=00&sex=0&age=001&type=manyareacensus&sortVariableName=value&sortOrder=asc&output=1,53,pop,manyareacensus,,,4952.0,,,
Clark County,53011.0,10.4,,325 of 3140,1,county,14,demographics_022.csv,0,0,https://www.statecancerprofiles.cancer.gov/demographics/index.php?stateFIPS=53&areatype=county&topic=pop&demo=00014&race=00&sex=0&age=001&type=manyareacensus&sortVariableName=value&sortOrder=asc&output=1,53,pop,manyareacensus,,,47658.0,,,
Whatcom County,53073.0,10.6,,311 of 3140,1,county,14,demographics_022.csv,0,0,https://www.statecancerprofiles.cancer.gov/demographics/index.php?stateFIPS=53&areatype=county&topic=pop&demo=00014&race=00&sex=0&age=001&type=manyareacensus&sortVariableName=value&sortOrder=asc&output=1,53,pop,manyareacensus,,,22636.0,,,
Chelan County,53007.0,10.7,,307 of 3140,1,county,14,demographics_022.csv,0,0,https://www.statecancerprofiles.cancer.gov/demographics/index.php?stateFIPS=53&areatype=county&topic=pop&demo=00014&race=00&sex=0&age=001&type=manyareacensus&sortVariableName=value&sortOrder=asc&output=1,53,pop,manyareacensus,,,8041.0,,,
Okanogan County,53047.0,10.8,,299 of 3140,1,county,14,demographics_022.csv,0,0,https://www.statecancerprofiles.cancer.gov/demographics/index.php?stateFIPS=53&areatype=county&topic=pop&demo=00014&race=00&sex=0&age=001&type=manyareacensus&sortVariableName=value&sortOrder=asc&output=1,53,pop,manyareacensus,,,4472.0,,,
Douglas County,53017.0,15.2,,185 of 3140,1,county,14,demographics_022.csv,0,0,https://www.statecancerprofiles.cancer.gov/demographics/index.php?stateFIPS=53&areatype=county&topic=pop&demo=00014&race=00&sex=0&age=001&type=manyareacensus&sortVariableName=value&sortOrder=asc&output=1,53,pop,manyareacensus,,,6160.0,,,
Snohomish County,53061.0,15.3,,182 of 3140,1,county,14,demographics_022.csv,0,0,https://www.statecancerprofiles.cancer.gov/demographics/index.php?stateFIPS=53&areatype=county&topic=pop&demo=00014&race=00&sex=0&age=001&type=manyareacensus&sortVariableName=value&sortOrder=asc&output=1,53,pop,manyareacensus,,,118479.0,,,
Yakima County,53077.0,18.2,,133 of 3140,1,county,14,demographics_022.csv,0,0,https://www.statecancerprofiles.cancer.gov/demographics/index.php?stateFIPS=53&areatype=county&topic=pop&demo=00014&race=00&sex=0&age=001&type=manyareacensus&sortVariableName=value&sortOrder=asc&output=1,53,pop,manyareacensus,,,45305.0,,,
Grant County,53025.0,19.2,,119 of 3140,1,county,14,demographics_022.csv,0,0,https://www.statecancerprofiles.cancer.gov/demographics/index.php?stateFIPS=53&areatype=county&topic=pop&demo=00014&race=00&sex=0&age=001&type=manyareacensus&sortVariableName=value&sortOrder=asc&output=1,53,pop,manyareacensus,,,17975.0,,,
King County,53033.0,22.1,,85 of 3140,1,county,14,demographics_022.csv,0,0,https://www.statecancerprofiles.cancer.gov/demographics/index.php?stateFIPS=53&areatype=county&topic=pop&demo=00014&race=00&sex=0&age=001&type=manyareacensus&sortVariableName=value&sortOrder=asc&output=1,53,pop,manyareacensus,,,467938.0,,,
Franklin County,53021.0,23.0,,71 of 3140,1,county,14,demographics_022.csv,0,0,https://www.statecancerprofiles.cancer.gov/demographics/index.php?stateFIPS=53&areatype=county&topic=pop&demo=00014&race=00&sex=0&age=001&type=manyareacensus&sortVariableName=value&sortOrder=asc&output=1,53,pop,manyareacensus,,,20486.0,,,
Adams County,53001.0,24.9,,57 of 3140,1,county,14,demographics_022.csv,0,0,https://www.statecancerprofiles.cancer.gov/demographics/index.php?stateFIPS=53&areatype=county&topic=pop&demo=00014&race=00&sex=0&age=001&type=manyareacensus&sortVariableName=value&sortOrder=asc&output=1,53,pop,manyareacensus,,,4789.0,,,
Washington,53000.0,12.3,,16 of 52,1,state,26,demographics_023.csv,0,0,https://www.statecancerprofiles.cancer.gov/demographics/index.php?stateFIPS=53&areatype=county&topic=pop&demo=00026&race=00&sex=0&age=001&type=manyareacensus&sortVariableName=value&sortOrder=asc&output=1,53,pop,manyareacensus,,,,882108.0,,
United States,0.0,17.6,,,1,country,26,demographics_023.csv,0,0,https://www.statecancerprofiles.cancer.gov/demographics/index.php?stateFIPS=53&areatype=county&topic=pop&demo=00026&race=00&sex=0&age=001&type=manyareacensus&sortVariableName=value&sortOrder=asc&output=1,53,pop,manyareacensus,,,,56510571.0,,
Garfield County,53023.0,2.4,,2173 of 3141,1,county,26,demographics_023.csv,0,0,https://www.statecancerprofiles.cancer.gov/demographics/index.php?stateFIPS=53&areatype=county&topic=pop&demo=00026&race=00&sex=0&age=001&type=manyareacensus&sortVariableName=value&sortOrder=asc&output=1,53,pop,manyareacensus,,,,53.0,,
Lincoln County,53043.0,3.1,,1829 of 3141,1,county,26,demographics_023.csv,0,0,https://www.statecancerprofiles.cancer.gov/demographics/index.php?stateFIPS=53&areatype=county&topic=pop&demo=00026&race=00&sex=0&age=001&type=manyareacensus&sortVariableName=value&sortOrder=asc&output=1,53,pop,manyareacensus,,,,323.0,,
Jefferson County,53031.0,3.5,,1707 of 3141,1,county,26,demographics_023.csv,0,0,https://www.statecancerprofiles.cancer.gov/demographics/index.php?stateFIPS=53&areatype=county&topic=pop&demo=00026&race=00&sex=0&age=001&type=manyareacensus&sortVariableName=value&sortOrder=asc&output=1,53,pop,manyareacensus,,,,1062.0,,
Stevens County,53065.0,3.5,,1687 of 3141,1,county,26,demographics_023.csv,0,0,https://www.statecancerprofiles.cancer.gov/demographics/index.php?stateFIPS=53&areatype=county&topic=pop&demo=00026&race=00&sex=0&age=001&type=manyareacensus&sortVariableName=value&sortOrder=asc&output=1,53,pop,manyareacensus,,,,1552.0,,
Pend Oreille County,53051.0,3.6,,1679 of 3141,1,county,26,demographics_023.csv,0,0,https://www.statecancerprofiles.cancer.gov/demographics/index.php?stateFIPS=53&areatype=county&topic=pop&demo=00026&race=00&sex=0&age=001&type=manyareacensus&sortVariableName=value&sortOrder=asc&output=1,53,pop,manyareacensus,,,,467.0,,
Asotin County,53003.0,3.6,,1661 of 3141,1,county,26,demographics_023.csv,0,0,https://www.statecancerprofiles.cancer.gov/demographics/index.php?stateFIPS=53&areatype=county&topic=pop&demo=00026&race=00&sex=0&age=001&type=manyareacensus&sortVariableName=value&sortOrder=asc&output=1,53,pop,manyareacensus,,,,812.0,,
Ferry County,53019.0,4.3,,1474 of 3141,1,county,26,demographics_023.csv,0,0,https://www.statecancerprofiles.cancer.gov/demographics/index.php?stateFIPS=53&areatype=county&topic=pop&demo=00026&race=00&sex=0&age=001&type=manyareacensus&sortVariableName=value&sortOrder=asc&output=1,53,pop,manyareacensus,,,,325.0,,
Spokane County,53063.0,5.4,,1242 of 3141,1,county,26,demographics_023.csv,0,0,https://www.statecancerprofiles.cancer.gov/demographics/index.php?stateFIPS=53&areatype=county&topic=pop&demo=00026&race=00&sex=0&age=001&type=manyareacensus&sortVariableName=value&sortOrder=asc&output=1,53,pop,manyareacensus,,,,26375.0,,
Wahkiakum County,53069.0,5.8,,1167 of 3141,1,county,26,demographics_023.csv,0,0,https://www.statecancerprofiles.cancer.gov/demographics/index.php?stateFIPS=53&areatype=county&topic=pop&demo=00026&race=00&sex=0&age=001&type=manyareacensus&sortVariableName=value&sortOrder=asc&output=1,53,pop,manyareacensus,,,,237.0,,
Whitman County,53075.0,5.9,,1140 of 3141,1,county,26,demographics_023.csv,0,0,https://www.statecancerprofiles.cancer.gov/demographics/index.php?stateFIPS=53&areatype=county&topic=pop&demo=00026&race=00&sex=0&age=001&type=manyareacensus&sortVariableName=value&sortOrder=asc&output=1,53,pop,manyareacensus,,,,2836.0,,
Skamania County,53059.0,6.0,,1136 of 3141,1,county,26,demographics_023.csv,0,0,https://www.statecancerprofiles.cancer.gov/demographics/index.php?stateFIPS=53&areatype=county&topic=pop&demo=00026&race=00&sex=0&age=001&type=manyareacensus&sortVariableName=value&sortOrder=asc&output=1,53,pop,manyareacensus,,,,685.0,,
San Juan County,53055.0,6.0,,1128 of 3141,1,county,26,demographics_023.csv,0,0,https://www.statecancerprofiles.cancer.gov/demographics/index.php?stateFIPS=53&areatype=county&topic=pop&demo=00026&race=00&sex=0&age=001&type=manyareacensus&sortVariableName=value&sortOrder=asc&output=1,53,pop,manyareacensus,,,,973.0,,
Clallam County,53009.0,6.0,,1123 of 3141,1,county,26,demographics_023.csv,0,0,https://www.statecancerprofiles.cancer.gov/demographics/index.php?stateFIPS=53&areatype=county&topic=pop&demo=00026&race=00&sex=0&age=001&type=manyareacensus&sortVariableName=value&sortOrder=asc&output=1,53,pop,manyareacensus,,,,4419.0,,
Island County,53029.0,7.1,,983 of 3141,1,county,26,demographics_023.csv,0,0,https://www.statecancerprofiles.cancer.gov/demographics/index.php?stateFIPS=53&areatype=county&topic=pop&demo=00026&race=00&sex=0&age=001&type=manyareacensus&sortVariableName=value&sortOrder=asc&output=1,53,pop,manyareacensus,,,,5733.0,,
Kitsap County,53035.0,7.3,,959 of 3141,1,county,26,demographics_023.csv,0,0,https://www.statecancerprofiles.cancer.gov/demographics/index.php?stateFIPS=53&areatype=county&topic=pop&demo=00026&race=00&sex=0&age=001&type=manyareacensus&sortVariableName=value&sortOrder=asc&output=1,53,pop,manyareacensus,,,,18954.0,,
Columbia County,53013.0,7.4,,948 of 3141,1,county,26,demographics_023.csv,0,0,https://www.statecancerprofiles.cancer.gov/demographics/index.php?stateFIPS=53&areatype=county&topic=pop&demo=00026&race=00&sex=0&age=001&type=manyareacensus&sortVariableName=value&sortOrder=asc&output=1,53,pop,manyareacensus,,,,297.0,,
Thurston County,53067.0,8.5,,851 of 3141,1,county,26,demographics_023.csv,0,0,https://www.statecancerprofiles.cancer.gov/demographics/index.php?stateFIPS=53&areatype=county&topic=pop&demo=00026&race=00&sex=0&age=001&type=manyareacensus&sortVariableName=value&sortOrder=asc&output=1,53,pop,manyareacensus,,,,22980.0,,
Cowlitz County,53015.0,8.6,,842 of 3141,1,county,26,demographics_023.csv,0,0,https://www.statecancerprofiles.cancer.gov/demographics/index.php?stateFIPS=53&areatype=county&topic=pop&demo=00026&race=00&sex=0&age=001&type=manyareacensus&sortVariableName=value&sortOrder=asc&output=1,53,pop,manyareacensus,,,,8936.0,,
Kittitas County,53037.0,8.6,,840 of 3141,1,county,26,demographics_023.csv,0,0,https://www.statecancerprofiles.cancer.gov/demographics/index.php?stateFIPS=53&areatype=county&topic=pop&demo=00026&race=00&sex=0&age=001&type=manyareacensus&sortVariableName=value&sortOrder=asc&output=1,53,pop,manyareacensus,,,,3778.0,,
Clark County,53011.0,9.0,,811 of 3141,1,county,26,demographics_023.csv,0,0,https://www.statecancerprofiles.cancer.gov/demographics/index.php?stateFIPS=53&areatype=county&topic=pop&demo=00026&race=00&sex=0&age=001&type=manyareacensus&sortVariableName=value&sortOrder=asc&output=1,53,pop,manyareacensus,,,,41165.0,,
Whatcom County,53073.0,9.0,,809 of 3141,1,county,26,demographics_023.csv,0,0,https://www.statecancerprofiles.cancer.gov/demographics/index.php?stateFIPS=53&areatype=county&topic=pop&demo=00026&race=00&sex=0&age=001&type=manyareacensus&sortVariableName=value&sortOrder=asc&output=1,53,pop,manyareacensus,,,,19198.0,,
Pacific County,53049.0,9.2,,797 of 3141,1,county,26,demographics_023.csv,0,0,https://www.statecancerprofiles.cancer.gov/demographics/index.php?stateFIPS=53&areatype=county&topic=pop&demo=00026&race=00&sex=0&age=001&type=manyareacensus&sortVariableName=value&sortOrder=asc&output=1,53,pop,manyareacensus,,,,1927.0,,
Mason County,53045.0,9.2,,789 of 3141,1,county,26,demographics_023.csv,0,0,https://www.statecancerprofiles.cancer.gov/demographics/index.php?stateFIPS=53&areatype=county&topic=pop&demo=00026&race=00&sex=0&age=001&type=manyareacensus&sortVariableName=value&sortOrder=asc&output=1,53,pop,manyareacensus,,,,5694.0,,
King County,53033.0,9.5,,775 of 3141,1,county,26,demographics_023.csv,0,0,https://www.statecancerprofiles.cancer.gov/demographics/index.php?stateFIPS=53&areatype=county&topic=pop&demo=00026&race=00&sex=0&age=001&type=manyareacensus&sortVariableName=value&sortOrder=asc&output=1,53,pop,manyareacensus,,,,200545.0,,
Grays Harbor County,53027.0,9.8,,752 of 3141,1,county,26,demographics_023.csv,0,0,https://www.statecancerprofiles.cancer.gov/demographics/index.php?stateFIPS=53&areatype=county&topic=pop&demo=00026&race=00&sex=0&age=001&type=manyareacensus&sortVariableName=value&sortOrder=asc&output=1,53,pop,manyareacensus,,,,6978.0,,
Lewis County,53041.0,9.8,,749 of 3141,1,county,26,demographics_023.csv,0,0,https://www.statecancerprofiles.cancer.gov/demographics/index.php?stateFIPS=53&areatype=county&topic=pop&demo=00026&race=00&sex=0&age=001&type=manyareacensus&sortVariableName=value&sortOrder=asc&output=1,53,pop,manyareacensus,,,,7460.0,,
Snohomish County,53061.0,9.8,,748 of 3141,1,county,26,demographics_023.csv,0,0,https://www.statecancerprofiles.cancer.gov/demographics/index.php?stateFIPS=53&areatype=county&topic=pop&demo=00026&race=00&sex=0&age=001&type=manyareacensus&sortVariableName=value&sortOrder=asc&output=1,53,pop,manyareacensus,,,,75763.0,,
Pierce County,53053.0,10.4,,708 of 3141,1,county,26,demographics_023.csv,0,0,https://www.statecancerprofiles.cancer.gov/demographics/index.php?stateFIPS=53&areatype=county&topic=pop&demo=00026&race=00&sex=0&age=001&type=manyareacensus&sortVariableName=value&sortOrder=asc&output=1,53,pop,manyareacensus,,,,87702.0,,
Klickitat County,53039.0,12.1,,619 of 3141,1,county,26,demographics_023.csv,0,0,https://www.statecancerprofiles.cancer.gov/demographics/index.php?stateFIPS=53&areatype=county&topic=pop&demo=00026&race=00&sex=0&age=001&type=manyareacensus&sortVariableName=value&sortOrder=asc&output=1,53,pop,manyareacensus,,,,2565.0,,
Skagit County,53057.0,18.0,,429 of 3141,1,county,26,demographics_023.csv,0,0,https://www.statecancerprofiles.cancer.gov/demographics/index.php?stateFIPS=53&areatype=county&topic=pop&demo=00026&race=00&sex=0&age=001&type=manyareacensus&sortVariableName=value&sortOrder=asc&output=1,53,pop,manyareacensus,,,,21851.0,,
Okanogan County,53047.0,19.4,,393 of 3141,1,county,26,demographics_023.csv,0,0,https://www.statecancerprofiles.cancer.gov/demographics/index.php?stateFIPS=53&areatype=county&topic=pop&demo=00026&race=00&sex=0&age=001&type=manyareacensus&sortVariableName=value&sortOrder=asc&output=1,53,pop,manyareacensus,,,,8008.0,,
Benton County,53005.0,20.8,,363 of 3141,1,county,26,demographics_023.csv,0,0,https://www.statecancerprofiles.cancer.gov/demographics/index.php?stateFIPS=53&areatype=county&topic=pop&demo=00026&race=00&sex=0&age=001&type=manyareacensus&sortVariableName=value&sortOrder=asc&output=1,53,pop,manyareacensus,,,,39718.0,,
Walla Walla County,53071.0,21.1,,357 of 3141,1,county,26,demographics_023.csv,0,0,https://www.statecancerprofiles.cancer.gov/demographics/index.php?stateFIPS=53&areatype=county&topic=pop&demo=00026&race=00&sex=0&age=001&type=manyareacensus&sortVariableName=value&sortOrder=asc&output=1,53,pop,manyareacensus,,,,12631.0,,
Chelan County,53007.0,27.5,,253 of 3141,1,county,26,demographics_023.csv,0,0,https://www.statecancerprofiles.cancer.gov/demographics/index.php?stateFIPS=53&areatype=county&topic=pop&demo=00026&race=00&sex=0&age=001&type=manyareacensus&sortVariableName=value&sortOrder=asc&output=1,53,pop,manyareacensus,,,,20688.0,,
Douglas County,53017.0,30.9,,218 of 3141,1,county,26,demographics_023.csv,0,0,https://www.statecancerprofiles.cancer.gov/demographics/index.php?stateFIPS=53&areatype=county&topic=pop&demo=00026&race=00&sex=0&age=001&type=manyareacensus&sortVariableName=value&sortOrder=asc&output=1,53,pop,manyareacensus,,,,12548.0,,
Grant County,53025.0,40.7,,150 of 3141,1,county,26,demographics_023.csv,0,0,https://www.statecancerprofiles.cancer.gov/demographics/index.php?stateFIPS=53&areatype=county&topic=pop&demo=00026&race=00&sex=0&age=001&type=manyareacensus&sortVariableName=value&sortOrder=asc&output=1,53,pop,manyareacensus,,,,38023.0,,
Yakima County,53077.0,48.4,,108 of 3141,1,county,26,demographics_023.csv,0,0,https://www.statecancerprofiles.cancer.gov/demographics/index.php?stateFIPS=53&areatype=county&topic=pop&demo=00026&race=00&sex=0&age=001&type=manyareacensus&sortVariableName=value&sortOrder=asc&output=1,53,pop,manyareacensus,,,,120080.0,,
Franklin County,53021.0,52.5,,87 of 3141,1,county,26,demographics_023.csv,0,0,https://www.statecancerprofiles.cancer.gov/demographics/index.php?stateFIPS=53&areatype=county&topic=pop&demo=00026&race=00&sex=0&age=001&type=manyareacensus&sortVariableName=value&sortOrder=asc&output=1,53,pop,manyareacensus,,,,46775.0,,
Adams County,53001.0,62.3,,49 of 3141,1,county,26,demographics_023.csv,0,0,https://www.statecancerprofiles.cancer.gov/demographics/index.php?stateFIPS=53&areatype=county&topic=pop&demo=00026&race=00&sex=0&age=001&type=manyareacensus&sortVariableName=value&sortOrder=asc&output=1,53,pop,manyareacensus,,,,11992.0,,
United States,0.0,82.4,,,1,country,101,demographics_024.csv,0,0,https://www.statecancerprofiles.cancer.gov/demographics/index.php?stateFIPS=53&areatype=county&topic=pop&demo=00101&race=00&sex=0&age=001&type=manyareacensus&sortVariableName=value&sortOrder=asc&output=1,53,pop,manyareacensus,,,,,264493836.0,
Washington,53000.0,87.7,,16 of 52,1,state,101,demographics_024.csv,0,0,https://www.statecancerprofiles.cancer.gov/demographics/index.php?stateFIPS=53&areatype=county&topic=pop&demo=00101&race=00&sex=0&age=001&type=manyareacensus&sortVariableName=value&sortOrder=asc&output=1,53,pop,manyareacensus,,,,,6287859.0,
Adams County,53001.0,37.7,,49 of 3141,1,county,101,demographics_024.csv,0,0,https://www.statecancerprofiles.cancer.gov/demographics/index.php?stateFIPS=53&areatype=county&topic=pop&demo=00101&race=00&sex=0&age=001&type=manyareacensus&sortVariableName=value&sortOrder=asc&output=1,53,pop,manyareacensus,,,,,7269.0,
Franklin County,53021.0,47.5,,87 of 3141,1,county,101,demographics_024.csv,0,0,https://www.statecancerprofiles.cancer.gov/demographics/index.php?stateFIPS=53&areatype=county&topic=pop&demo=00101&race=00&sex=0&age=001&type=manyareacensus&sortVariableName=value&sortOrder=asc&output=1,53,pop,manyareacensus,,,,,42349.0,
Yakima County,53077.0,51.6,,108 of 3141,1,county,101,demographics_024.csv,0,0,https://www.statecancerprofiles.cancer.gov/demographics/index.php?stateFIPS=53&areatype=county&topic=pop&demo=00101&race=00&sex=0&age=001&type=manyareacensus&sortVariableName=value&sortOrder=asc&output=1,53,pop,manyareacensus,,,,,128199.0,
Grant County,53025.0,59.3,,150 of 3141,1,county,101,demographics_024.csv,0,0,https://www.statecancerprofiles.cancer.gov/demographics/index.php?stateFIPS=53&areatype=county&topic=pop&demo=00101&race=00&sex=0&age=001&type=manyareacensus&sortVariableName=value&sortOrder=asc&output=1,53,pop,manyareacensus,,,,,55397.0,
Douglas County,53017.0,69.1,,218 of 3141,1,county,101,demographics_024.csv,0,0,https://www.statecancerprofiles.cancer.gov/demographics/index.php?stateFIPS=53&areatype=county&topic=pop&demo=00101&race=00&sex=0&age=001&type=manyareacensus&sortVariableName=value&sortOrder=asc&output=1,53,pop,manyareacensus,,,,,28037.0,
Chelan County,53007.0,72.5,,253 of 3141,1,county,101,demographics_024.csv,0,0,https://www.statecancerprofiles.cancer.gov/demographics/index.php?stateFIPS=53&areatype=county&topic=pop&demo=00101&race=00&sex=0&age=001&type=manyareacensus&sortVariableName=value&sortOrder=asc&output=1,53,pop,manyareacensus,,,,,54450.0,
Walla Walla County,53071.0,78.9,,357 of 3141,1,county,101,demographics_024.csv,0,0,https://www.statecancerprofiles.cancer.gov/demographics/index.php?stateFIPS=53&areatype=county&topic=pop&demo=00101&race=00&sex=0&age=001&type=manyareacensus&sortVariableName=value&sortOrder=asc&output=1,53,pop,manyareacensus,,,,,47231.0,
Benton County,53005.0,79.2,,363 of 3141,1,county,101,demographics_024.csv,0,0,https://www.statecancerprofiles.cancer.gov/demographics/index.php?stateFIPS=53&areatype=county&topic=pop&demo=00101&race=00&sex=0&age=001&type=manyareacensus&sortVariableName=value&sortOrder=asc&output=1,53,pop,manyareacensus,,,,,150811.0,
Okanogan County,53047.0,80.6,,393 of 3141,1,county,101,demographics_024.csv,0,0,https://www.statecancerprofiles.cancer.gov/demographics/index.php?stateFIPS=53&areatype=county&topic=pop&demo=00101&race=00&sex=0&age=001&type=manyareacensus&sortVariableName=value&sortOrder=asc&output=1,53,pop,manyareacensus,,,,,33369.0,
Skagit County,53057.0,82.0,,429 of 3141,1,county,101,demographics_024.csv,0,0,https://www.statecancerprofiles.cancer.gov/demographics/index.php?stateFIPS=53&areatype=county&topic=pop&demo=00101&race=00&sex=0&age=001&type=manyareacensus&sortVariableName=value&sortOrder=asc&output=1,53,pop,manyareacensus,,,,,99874.0,
Klickitat County,53039.0,87.9,,619 of 3141,1,county,101,demographics_024.csv,0,0,https://www.statecancerprofiles.cancer.gov/demographics/index.php?stateFIPS=53&areatype=county&topic=pop&demo=00101&race=00&sex=0&age=001&type=manyareacensus&sortVariableName=value&sortOrder=asc&output=1,53,pop,manyareacensus,,,,,18607.0,
Pierce County,53053.0,89.6,,708 of 3141,1,county,101,demographics_024.csv,0,0,https://www.statecancerprofiles.cancer.gov/demographics/index.php?stateFIPS=53&areatype=county&topic=pop&demo=00101&race=00&sex=0&age=001&type=manyareacensus&sortVariableName=value&sortOrder=asc&output=1,53,pop,manyareacensus,,,,,757491.0,
Snohomish County,53061.0,90.2,,748 of 3141,1,county,101,demographics_024.csv,0,0,https://www.statecancerprofiles.cancer.gov/demographics/index.php?stateFIPS=53&areatype=county&topic=pop&demo=00101&race=00&sex=0&age=001&type=manyareacensus&sortVariableName=value&sortOrder=asc&output=1,53,pop,manyareacensus,,,,,696141.0,
Lewis County,53041.0,90.2,,749 of 3141,1,county,101,demographics_024.csv,0,0,https://www.statecancerprofiles.cancer.gov/demographics/index.php?stateFIPS=53&areatype=county&topic=pop&demo=00101&race=00&sex=0&age=001&type=manyareacensus&sortVariableName=value&sortOrder=asc&output=1,53,pop,manyareacensus,,,,,68552.0,
Grays Harbor County,53027.0,90.2,,752 of 3141,1,county,101,demographics_024.csv,0,0,https://www.statecancerprofiles.cancer.gov/demographics/index.php?stateFIPS=53&areatype=county&topic=pop&demo=00101&race=00&sex=0&age=001&type=manyareacensus&sortVariableName=value&sortOrder=asc&output=1,53,pop,manyareacensus,,,,,64476.0,
King County,53033.0,90.5,,775 of 3141,1,county,101,demographics_024.csv,0,0,https://www.statecancerprofiles.cancer.gov/demographics/index.php?stateFIPS=53&areatype=county&topic=pop&demo=00101&race=00&sex=0&age=001&type=manyareacensus&sortVariableName=value&sortOrder=asc&output=1,53,pop,manyareacensus,,,,,1917574.0,
Mason County,53045.0,90.8,,789 of 3141,1,county,101,demographics_024.csv,0,0,https://www.statecancerprofiles.cancer.gov/demographics/index.php?stateFIPS=53&areatype=county&topic=pop&demo=00101&race=00&sex=0&age=001&type=manyareacensus&sortVariableName=value&sortOrder=asc&output=1,53,pop,manyareacensus,,,,,55875.0,
Pacific County,53049.0,90.8,,797 of 3141,1,county,101,demographics_024.csv,0,0,https://www.statecancerprofiles.cancer.gov/demographics/index.php?stateFIPS=53&areatype=county&topic=pop&demo=00101&race=00&sex=0&age=001&type=manyareacensus&sortVariableName=value&sortOrder=asc&output=1,53,pop,manyareacensus,,,,,19013.0,
Whatcom County,53073.0,91.0,,809 of 3141,1,county,101,demographics_024.csv,0,0,https://www.statecancerprofiles.cancer.gov/demographics/index.php?stateFIPS=53&areatype=county&topic=pop&demo=00101&race=00&sex=0&age=001&type=manyareacensus&sortVariableName=value&sortOrder=asc&output=1,53,pop,manyareacensus,,,,,193540.0,
Clark County,53011.0,91.0,,811 of 3141,1,county,101,demographics_024.csv,0,0,https://www.statecancerprofiles.cancer.gov/demographics/index.php?stateFIPS=53&areatype=county&topic=pop&demo=00101&race=00&sex=0&age=001&type=manyareacensus&sortVariableName=value&sortOrder=asc&output=1,53,pop,manyareacensus,,,,,416309.0,
Kittitas County,53037.0,91.4,,840 of 3141,1,county,101,demographics_024.csv,0,0,https://www.statecancerprofiles.cancer.gov/demographics/index.php?stateFIPS=53&areatype=county&topic=pop&demo=00101&race=00&sex=0&age=001&type=manyareacensus&sortVariableName=value&sortOrder=asc&output=1,53,pop,manyareacensus,,,,,39948.0,
Cowlitz County,53015.0,91.4,,842 of 3141,1,county,101,demographics_024.csv,0,0,https://www.statecancerprofiles.cancer.gov/demographics/index.php?stateFIPS=53&areatype=county&topic=pop&demo=00101&race=00&sex=0&age=001&type=manyareacensus&sortVariableName=value&sortOrder=asc&output=1,53,pop,manyareacensus,,,,,94654.0,
Thurston County,53067.0,91.5,,851 of 3141,1,county,101,demographics_024.csv,0,0,https://www.statecancerprofiles.cancer.gov/demographics/index.php?stateFIPS=53&areatype=county&topic=pop&demo=00101&race=00&sex=0&age=001&type=manyareacensus&sortVariableName=value&sortOrder=asc&output=1,53,pop,manyareacensus,,,,,246905.0,
Columbia County,53013.0,92.6,,948 of 3141,1,county,101,demographics_024.csv,0,0,https://www.statecancerprofiles.cancer.gov/demographics/index.php?stateFIPS=53&areatype=county&topic=pop&demo=00101&race=00&sex=0&age=001&type=manyareacensus&sortVariableName=value&sortOrder=asc&output=1,53,pop,manyareacensus,,,,,3702.0,
Kitsap County,53035.0,92.7,,959 of 3141,1,county,101,demographics_024.csv,0,0,https://www.statecancerprofiles.cancer.gov/demographics/index.php?stateFIPS=53&areatype=county&topic=pop&demo=00101&race=00&sex=0&age=001&type=manyareacensus&sortVariableName=value&sortOrder=asc&output=1,53,pop,manyareacensus,,,,,239949.0,
Island County,53029.0,92.9,,983 of 3141,1,county,101,demographics_024.csv,0,0,https://www.statecancerprofiles.cancer.gov/demographics/index.php?stateFIPS=53&areatype=county&topic=pop&demo=00101&race=00&sex=0&age=001&type=manyareacensus&sortVariableName=value&sortOrder=asc&output=1,53,pop,manyareacensus,,,,,74590.0,
Clallam County,53009.0,94.0,,1123 of 3141,1,county,101,demographics_024.csv,0,0,https://www.statecancerprofiles.cancer.gov/demographics/index.php?stateFIPS=53&areatype=county&topic=pop&demo=00101&race=00&sex=0&age=001&type=manyareacensus&sortVariableName=value&sortOrder=asc&output=1,53,pop,manyareacensus,,,,,69020.0,
San Juan County,53055.0,94.0,,1128 of 3141,1,county,101,demographics_024.csv,0,0,https://www.statecancerprofiles.cancer.gov/demographics/index.php?stateFIPS=53&areatype=county&topic=pop&demo=00101&race=00&sex=0&age=001&type=manyareacensus&sortVariableName=value&sortOrder=asc&output=1,53,pop,manyareacensus,,,,,15248.0,
Skamania County,53059.0,94.0,,1136 of 3141,1,county,101,demographics_024.csv,0,0,https://www.statecancerprofiles.cancer.gov/demographics/index.php?stateFIPS=53&areatype=county&topic=pop&demo=00101&race=00&sex=0&age=001&type=manyareacensus&sortVariableName=value&sortOrder=asc&output=1,53,pop,manyareacensus,,,,,10813.0,
Whitman County,53075.0,94.1,,1140 of 3141,1,county,101,demographics_024.csv,0,0,https://www.statecancerprofiles.cancer.gov/demographics/index.php?stateFIPS=53&areatype=county&topic=pop&demo=00101&race=00&sex=0&age=001&type=manyareacensus&sortVariableName=value&sortOrder=asc&output=1,53,pop,manyareacensus,,,,,44958.0,
Wahkiakum County,53069.0,94.2,,1167 of 3141,1,county,101,demographics_024.csv,0,0,https://www.statecancerprofiles.cancer.gov/demographics/index.php?stateFIPS=53&areatype=county&topic=pop&demo=00101&race=00&sex=0&age=001&type=manyareacensus&sortVariableName=value&sortOrder=asc&output=1,53,pop,manyareacensus,,,,,3868.0,
Spokane County,53063.0,94.6,,1242 of 3141,1,county,101,demographics_024.csv,0,0,https://www.statecancerprofiles.cancer.gov/demographics/index.php?stateFIPS=53&areatype=county&topic=pop&demo=00101&race=00&sex=0&age=001&type=manyareacensus&sortVariableName=value&sortOrder=asc&output=1,53,pop,manyareacensus,,,,,464389.0,
Ferry County,53019.0,95.7,,1474 of 3141,1,county,101,demographics_024.csv,0,0,https://www.statecancerprofiles.cancer.gov/demographics/index.php?stateFIPS=53&areatype=county&topic=pop&demo=00101&race=00&sex=0&age=001&type=manyareacensus&sortVariableName=value&sortOrder=asc&output=1,53,pop,manyareacensus,,,,,7243.0,
Asotin County,53003.0,96.4,,1661 of 3141,1,county,101,demographics_024.csv,0,0,https://www.statecancerprofiles.cancer.gov/demographics/index.php?stateFIPS=53&areatype=county&topic=pop&demo=00101&race=00&sex=0&age=001&type=manyareacensus&sortVariableName=value&sortOrder=asc&output=1,53,pop,manyareacensus,,,,,21447.0,
Pend Oreille County,53051.0,96.4,,1679 of 3141,1,county,101,demographics_024.csv,0,0,https://www.statecancerprofiles.cancer.gov/demographics/index.php?stateFIPS=53&areatype=county&topic=pop&demo=00101&race=00&sex=0&age=001&type=manyareacensus&sortVariableName=value&sortOrder=asc&output=1,53,pop,manyareacensus,,,,,12599.0,
Stevens County,53065.0,96.5,,1687 of 3141,1,county,101,demographics_024.csv,0,0,https://www.statecancerprofiles.cancer.gov/demographics/index.php?stateFIPS=53&areatype=county&topic=pop&demo=00101&race=00&sex=0&age=001&type=manyareacensus&sortVariableName=value&sortOrder=asc&output=1,53,pop,manyareacensus,,,,,42306.0,
Jefferson County,53031.0,96.5,,1707 of 3141,1,county,101,demographics_024.csv,0,0,https://www.statecancerprofiles.cancer.gov/demographics/index.php?stateFIPS=53&areatype=county&topic=pop&demo=00101&race=00&sex=0&age=001&type=manyareacensus&sortVariableName=value&sortOrder=asc&output=1,53,pop,manyareacensus,,,,,29462.0,
Lincoln County,53043.0,96.9,,1829 of 3141,1,county,101,demographics_024.csv,0,0,https://www.statecancerprofiles.cancer.gov/demographics/index.php?stateFIPS=53&areatype=county&topic=pop&demo=00101&race=00&sex=0&age=001&type=manyareacensus&sortVariableName=value&sortOrder=asc&output=1,53,pop,manyareacensus,,,,,10021.0,
Garfield County,53023.0,97.6,,2173 of 3141,1,county,101,demographics_024.csv,0,0,https://www.statecancerprofiles.cancer.gov/demographics/index.php?stateFIPS=53&areatype=county&topic=pop&demo=00101&race=00&sex=0&age=001&type=manyareacensus&sortVariableName=value&sortOrder=asc&output=1,53,pop,manyareacensus,,,,,2173.0,
United States,0.0,73.0,,,1,country,25,demographics_025.csv,0,0,https://www.statecancerprofiles.cancer.gov/demographics/index.php?stateFIPS=53&areatype=county&topic=pop&demo=00025&race=00&sex=0&age=001&type=manyareacensus&sortVariableName=value&sortOrder=asc&output=1,53,pop,manyareacensus,,,,,,234370202.0
Washington,53000.0,76.7,,29 of 52,1,state,25,demographics_025.csv,0,0,https://www.statecancerprofiles.cancer.gov/demographics/index.php?stateFIPS=53&areatype=county&topic=pop&demo=00025&race=00&sex=0&age=001&type=manyareacensus&sortVariableName=value&sortOrder=asc&output=1,53,pop,manyareacensus,,,,,,5500837.0
King County,53033.0,66.2,,2675 of 3141,1,county,25,demographics_025.csv,0,0,https://www.statecancerprofiles.cancer.gov/demographics/index.php?stateFIPS=53&areatype=county&topic=pop&demo=00025&race=00&sex=0&age=001&type=manyareacensus&sortVariableName=value&sortOrder=asc&output=1,53,pop,manyareacensus,,,,,,1402793.0
Grant County,53025.0,69.5,,2576 of 3141,1,county,25,demographics_025.csv,0,0,https://www.statecancerprofiles.cancer.gov/demographics/index.php?stateFIPS=53&areatype=county&topic=pop&demo=00025&race=00&sex=0&age=001&type=manyareacensus&sortVariableName=value&sortOrder=asc&output=1,53,pop,manyareacensus,,,,,,64952.0
Adams County,53001.0,70.1,,2551 of 3141,1,county,25,demographics_025.csv,0,0,https://www.statecancerprofiles.cancer.gov/demographics/index.php?stateFIPS=53&areatype=county&topic=pop&demo=00025&race=00&sex=0&age=001&type=manyareacensus&sortVariableName=value&sortOrder=asc&output=1,53,pop,manyareacensus,,,,,,13496.0
Douglas County,53017.0,71.2,,2528 of 3141,1,county,25,demographics_025.csv,0,0,https://www.statecancerprofiles.cancer.gov/demographics/index.php?stateFIPS=53&areatype=county&topic=pop&demo=00025&race=00&sex=0&age=001&type=manyareacensus&sortVariableName=value&sortOrder=asc&output=1,53,pop,manyareacensus,,,,,,28900.0
Franklin County,53021.0,71.6,,2518 of 3141,1,county,25,demographics_025.csv,0,0,https://www.statecancerprofiles.cancer.gov/demographics/index.php?stateFIPS=53&areatype=county&topic=pop&demo=00025&race=00&sex=0&age=001&type=manyareacensus&sortVariableName=value&sortOrder=asc&output=1,53,pop,manyareacensus,,,,,,63821.0
Okanogan County,53047.0,73.8,,2456 of 3141,1,county,25,demographics_025.csv,0,0,https://www.statecancerprofiles.cancer.gov/demographics/index.php?stateFIPS=53&areatype=county&topic=pop&demo=00025&race=00&sex=0&age=001&type=manyareacensus&sortVariableName=value&sortOrder=asc&output=1,53,pop,manyareacensus,,,,,,30538.0
Pierce County,53053.0,73.8,,2453 of 3141,1,county,25,demographics_025.csv,0,0,https://www.statecancerprofiles.cancer.gov/demographics/index.php?stateFIPS=53&areatype=county&topic=pop&demo=00025&race=00&sex=0&age=001&type=manyareacensus&sortVariableName=value&sortOrder=asc&output=1,53,pop,manyareacensus,,,,,,624094.0
Ferry County,53019.0,76.1,,2380 of 3141,1,county,25,demographics_025.csv,0,0,https://www.statecancerprofiles.cancer.gov/demographics/index.php?stateFIPS=53&areatype=county&topic=pop&demo=00025&race=00&sex=0&age=001&type=manyareacensus&sortVariableName=value&sortOrder=asc&output=1,53,pop,manyareacensus,,,,,,5759.0
Snohomish County,53061.0,77.2,,2341 of 3141,1,county,25,demographics_025.csv,0,0,https://www.statecancerprofiles.cancer.gov/demographics/index.php?stateFIPS=53&areatype=county&topic=pop&demo=00025&race=00&sex=0&age=001&type=manyareacensus&sortVariableName=value&sortOrder=asc&output=1,53,pop,manyareacensus,,,,,,595805.0
Yakima County,53077.0,78.0,,2312 of 3141,1,county,25,demographics_025.csv,0,0,https://www.statecancerprofiles.cancer.gov/demographics/index.php?stateFIPS=53&areatype=county&topic=pop&demo=00025&race=00&sex=0&age=001&type=manyareacensus&sortVariableName=value&sortOrder=asc&output=1,53,pop,manyareacensus,,,,,,193584.0
Benton County,53005.0,80.4,,2195 of 3141,1,county,25,demographics_025.csv,0,0,https://www.statecancerprofiles.cancer.gov/demographics/index.php?stateFIPS=53&areatype=county&topic=pop&demo=00025&race=00&sex=0&age=001&type=manyareacensus&sortVariableName=value&sortOrder=asc&output=1,53,pop,manyareacensus,,,,,,153138.0
Kitsap County,53035.0,81.7,,2138 of 3141,1,county,25,demographics_025.csv,0,0,https://www.statecancerprofiles.cancer.gov/demographics/index.php?stateFIPS=53&areatype=county&topic=pop&demo=00025&race=00&sex=0&age=001&type=manyareacensus&sortVariableName=value&sortOrder=asc&output=1,53,pop,manyareacensus,,,,,,211414.0
Thurston County,53067.0,82.1,,2124 of 3141,1,county,25,demographics_025.csv,0,0,https://www.statecancerprofiles.cancer.gov/demographics/index.php?stateFIPS=53&areatype=county&topic=pop&demo=00025&race=00&sex=0&age=001&type=manyareacensus&sortVariableName=value&sortOrder=asc&output=1,53,pop,manyareacensus,,,,,,221454.0
Whitman County,53075.0,82.8,,2083 of 3141,1,county,25,demographics_025.csv,0,0,https://www.statecancerprofiles.cancer.gov/demographics/index.php?stateFIPS=53&areatype=county&topic=pop&demo=00025&race=00&sex=0&age=001&type=manyareacensus&sortVariableName=value&sortOrder=asc&output=1,53,pop,manyareacensus,,,,,,39591.0
Skagit County,53057.0,83.2,,2054 of 3141,1,county,25,demographics_025.csv,0,0,https://www.statecancerprofiles.cancer.gov/demographics/index.php?stateFIPS=53&areatype=county&topic=pop&demo=00025&race=00&sex=0&age=001&type=manyareacensus&sortVariableName=value&sortOrder=asc&output=1,53,pop,manyareacensus,,,,,,101247.0
Whatcom County,53073.0,84.2,,2014 of 3141,1,county,25,demographics_025.csv,0,0,https://www.statecancerprofiles.cancer.gov/demographics/index.php?stateFIPS=53&areatype=county&topic=pop&demo=00025&race=00&sex=0&age=001&type=manyareacensus&sortVariableName=value&sortOrder=asc&output=1,53,pop,manyareacensus,,,,,,179035.0
Mason County,53045.0,84.2,,2007 of 3141,1,county,25,demographics_025.csv,0,0,https://www.statecancerprofiles.cancer.gov/demographics/index.php?stateFIPS=53&areatype=county&topic=pop&demo=00025&race=00&sex=0&age=001&type=manyareacensus&sortVariableName=value&sortOrder=asc&output=1,53,pop,manyareacensus,,,,,,51865.0
Clark County,53011.0,84.5,,1996 of 3141,1,county,25,demographics_025.csv,0,0,https://www.statecancerprofiles.cancer.gov/demographics/index.php?stateFIPS=53&areatype=county&topic=pop&demo=00025&race=00&sex=0&age=001&type=manyareacensus&sortVariableName=value&sortOrder=asc&output=1,53,pop,manyareacensus,,,,,,386488.0
Island County,53029.0,84.9,,1979 of 3141,1,county,25,demographics_025.csv,0,0,https://www.statecancerprofiles.cancer.gov/demographics/index.php?stateFIPS=53&areatype=county&topic=pop&demo=00025&race=00&sex=0&age=001&type=manyareacensus&sortVariableName=value&sortOrder=asc&output=1,53,pop,manyareacensus,,,,,,68155.0
Walla Walla County,53071.0,84.9,,1975 of 3141,1,county,25,demographics_025.csv,0,0,https://www.statecancerprofiles.cancer.gov/demographics/index.php?stateFIPS=53&areatype=county&topic=pop&demo=00025&race=00&sex=0&age=001&type=manyareacensus&sortVariableName=value&sortOrder=asc&output=1,53,pop,manyareacensus,,,,,,50849.0
Grays Harbor County,53027.0,88.0,,1759 of 3141,1,county,25,demographics_025.csv,0,0,https://www.statecancerprofiles.cancer.gov/demographics/index.php?stateFIPS=53&areatype=county&topic=pop&demo=00025&race=00&sex=0&age=001&type=manyareacensus&sortVariableName=value&sortOrder=asc&output=1,53,pop,manyareacensus,,,,,,62880.0
Clallam County,53009.0,88.1,,1754 of 3141,1,county,25,demographics_025.csv,0,0,https://www.statecancerprofiles.cancer.gov/demographics/index.php?stateFIPS=53&areatype=county&topic=pop&demo=00025&race=00&sex=0&age=001&type=manyareacensus&sortVariableName=value&sortOrder=asc&output=1,53,pop,manyareacensus,,,,,,64665.0
Spokane County,53063.0,88.6,,1681 of 3141,1,county,25,demographics_025.csv,0,0,https://www.statecancerprofiles.cancer.gov/demographics/index.php?stateFIPS=53&areatype=county&topic=pop&demo=00025&race=00&sex=0&age=001&type=manyareacensus&sortVariableName=value&sortOrder=asc&output=1,53,pop,manyareacensus,,,,,,434803.0
Stevens County,53065.0,88.9,,1654 of 3141,1,county,25,demographics_025.csv,0,0,https://www.statecancerprofiles.cancer.gov/demographics/index.php?stateFIPS=53&areatype=county&topic=pop&demo=00025&race=00&sex=0&age=001&type=manyareacensus&sortVariableName=value&sortOrder=asc&output=1,53,pop,manyareacensus,,,,,,38995.0
Kittitas County,53037.0,89.0,,1648 of 3141,1,county,25,demographics_025.csv,0,0,https://www.statecancerprofiles.cancer.gov/demographics/index.php?stateFIPS=53&areatype=county&topic=pop&demo=00025&race=00&sex=0&age=001&type=manyareacensus&sortVariableName=value&sortOrder=asc&output=1,53,pop,manyareacensus,,,,,,38906.0
Chelan County,53007.0,89.3,,1620 of 3141,1,county,25,demographics_025.csv,0,0,https://www.statecancerprofiles.cancer.gov/demographics/index.php?stateFIPS=53&areatype=county&topic=pop&demo=00025&race=00&sex=0&age=001&type=manyareacensus&sortVariableName=value&sortOrder=asc&output=1,53,pop,manyareacensus,,,,,,67073.0
Pacific County,53049.0,90.1,,1549 of 3141,1,county,25,demographics_025.csv,0,0,https://www.statecancerprofiles.cancer.gov/demographics/index.php?stateFIPS=53&areatype=county&topic=pop&demo=00025&race=00&sex=0&age=001&type=manyareacensus&sortVariableName=value&sortOrder=asc&output=1,53,pop,manyareacensus,,,,,,18873.0
Pend Oreille County,53051.0,90.3,,1527 of 3141,1,county,25,demographics_025.csv,0,0,https://www.statecancerprofiles.cancer.gov/demographics/index.php?stateFIPS=53&areatype=county&topic=pop&demo=00025&race=00&sex=0&age=001&type=manyareacensus&sortVariableName=value&sortOrder=asc&output=1,53,pop,manyareacensus,,,,,,11801.0
Cowlitz County,53015.0,90.3,,1526 of 3141,1,county,25,demographics_025.csv,0,0,https://www.statecancerprofiles.cancer.gov/demographics/index.php?stateFIPS=53&areatype=county&topic=pop&demo=00025&race=00&sex=0&age=001&type=manyareacensus&sortVariableName=value&sortOrder=asc&output=1,53,pop,manyareacensus,,,,,,93569.0
Columbia County,53013.0,90.9,,1470 of 3141,1,county,25,demographics_025.csv,0,0,https://www.statecancerprofiles.cancer.gov/demographics/index.php?stateFIPS=53&areatype=county&topic=pop&demo=00025&race=00&sex=0&age=001&type=manyareacensus&sortVariableName=value&sortOrder=asc&output=1,53,pop,manyareacensus,,,,,,3634.0
Jefferson County,53031.0,91.1,,1435 of 3141,1,county,25,demographics_025.csv,0,0,https://www.statecancerprofiles.cancer.gov/demographics/index.php?stateFIPS=53&areatype=county&topic=pop&demo=00025&race=00&sex=0&age=001&type=manyareacensus&sortVariableName=value&sortOrder=asc&output=1,53,pop,manyareacensus,,,,,,27815.0
Klickitat County,53039.0,91.2,,1431 of 3141,1,county,25,demographics_025.csv,0,0,https://www.statecancerprofiles.cancer.gov/demographics/index.php?stateFIPS=53&areatype=county&topic=pop&demo=00025&race=00&sex=0&age=001&type=manyareacensus&sortVariableName=value&sortOrder=asc&output=1,53,pop,manyareacensus,,,,,,19301.0
Lewis County,53041.0,91.3,,1413 of 3141,1,county,25,demographics_025.csv,0,0,https://www.statecancerprofiles.cancer.gov/demographics/index.php?stateFIPS=53&areatype=county&topic=pop&demo=00025&race=00&sex=0&age=001&type=manyareacensus&sortVariableName=value&sortOrder=asc&output=1,53,pop,manyareacensus,,,,,,69415.0
Wahkiakum County,53069.0,92.8,,1215 of 3141,1,county,25,demographics_025.csv,0,0,https://www.statecancerprofiles.cancer.gov/demographics/index.php?stateFIPS=53&areatype=county&topic=pop&demo=00025&race=00&sex=0&age=001&type=manyareacensus&sortVariableName=value&sortOrder=asc&output=1,53,pop,manyareacensus,,,,,,3809.0
San Juan County,53055.0,92.9,,1206 of 3141,1,county,25,demographics_025.csv,0,0,https://www.statecancerprofiles.cancer.gov/demographics/index.php?stateFIPS=53&areatype=county&topic=pop&demo=00025&race=00&sex=0&age=001&type=manyareacensus&sortVariableName=value&sortOrder=asc&output=1,53,pop,manyareacensus,,,,,,15067.0
Skamania County,53059.0,92.9,,1202 of 3141,1,county,25,demographics_025.csv,0,0,https://www.statecancerprofiles.cancer.gov/demographics/index.php?stateFIPS=53&areatype=county&topic=pop&demo=00025&race=00&sex=0&age=001&type=manyareacensus&sortVariableName=value&sortOrder=asc&output=1,53,pop,manyareacensus,,,,,,10684.0
Asotin County,53003.0,93.1,,1168 of 3141,1,county,25,demographics_025.csv,0,0,https://www.statecancerprofiles.cancer.gov/demographics/index.php?stateFIPS=53&areatype=county&topic=pop&demo=00025&race=00&sex=0&age=001&type=manyareacensus&sortVariableName=value&sortOrder=asc&output=1,53,pop,manyareacensus,,,,,,20727.0
Garfield County,53023.0,94.2,,995 of 3141,1,county,25,demographics_025.csv,0,0,https://www.statecancerprofiles.cancer.gov/demographics/index.php?stateFIPS=53&areatype=county&topic=pop&demo=00025&race=00&sex=0&age=001&type=manyareacensus&sortVariableName=value&sortOrder=asc&output=1,53,pop,manyareacensus,,,,,,2096.0
Lincoln County,53043.0,94.2,,986 of 3141,1,county,25,demographics_025.csv,0,0,https://www.statecancerprofiles.cancer.gov/demographics/index.php?stateFIPS=53&areatype=county&topic=pop&demo=00025&race=00&sex=0&age=001&type=manyareacensus&sortVariableName=value&sortOrder=asc&output=1,53,pop,manyareacensus,,,,,,9746.0
