locale,fips,value (percent),families (below poverty),rank within us,age,areatype,demo,file_name,race,sex,source_url,stateFIPS,topic,type,people (below poverty),people (<150% of poverty)
Iowa,19000.0,7.6,60823.0,10 of 52,1,state,7,demographics_028.csv,0,0,https://www.statecancerprofiles.cancer.gov/demographics/index.php?stateFIPS=19&areatype=county&topic=pov&demo=00007&race=00&sex=0&age=001&type=manyareacensus&sortVariableName=value&sortOrder=asc&output=1,19,pov,manyareacensus,,
United States,0.0,10.5,8253388.0,,1,country,7,demographics_028.csv,0,0,https://www.statecancerprofiles.cancer.gov/demographics/index.php?stateFIPS=19&areatype=county&topic=pov&demo=00007&race=00&sex=0&age=001&type=manyareacensus&sortVariableName=value&sortOrder=asc&output=1,19,pov,manyareacensus,,
Cedar County,19031.0,2.2,109.0,24 of 3141,1,county,7,demographics_028.csv,0,0,https://www.statecancerprofiles.cancer.gov/demographics/index.php?stateFIPS=19&areatype=county&topic=pov&demo=00007&race=00&sex=0&age=001&type=manyareacensus&sortVariableName=value&sortOrder=asc&output=1,19,pov,manyareacensus,,
Dallas County,19049.0,3.4,744.0,74 of 3141,1,county,7,demographics_028.csv,0,0,https://www.statecancerprofiles.cancer.gov/demographics/index.php?stateFIPS=19&areatype=county&topic=pov&demo=00007&race=00&sex=0&age=001&type=manyareacensus&sortVariableName=value&sortOrder=asc&output=1,19,pov,manyareacensus,,
Palo Alto County,19147.0,3.4,83.0,77 of 3141,1,county,7,demographics_028.csv,0,0,https://www.statecancerprofiles.cancer.gov/demographics/index.php?stateFIPS=19&areatype=county&topic=pov&demo=00007&race=00&sex=0&age=001&type=manyareacensus&sortVariableName=value&sortOrder=asc&output=1,19,pov,manyareacensus,,
Madison County,19121.0,3.9,177.0,113 of 3141,1,county,7,demographics_028.csv,0,0,https://www.statecancerprofiles.cancer.gov/demographics/index.php?stateFIPS=19&areatype=county&topic=pov&demo=00007&race=00&sex=0&age=001&type=manyareacensus&sortVariableName=value&sortOrder=asc&output=1,19,pov,manyareacensus,,
Bremer County,19017.0,4.0,261.0,120 of 3141,1,county,7,demographics_028.csv,0,0,https://www.statecancerprofiles.cancer.gov/demographics/index.php?stateFIPS=19&areatype=county&topic=pov&demo=00007&race=00&sex=0&age=001&type=manyareacensus&sortVariableName=value&sortOrder=asc&output=1,19,pov,manyareacensus,,
Grundy County,19075.0,4.0,143.0,130 of 3141,1,county,7,demographics_028.csv,0,0,https://www.statecancerprofiles.cancer.gov/demographics/index.php?stateFIPS=19&areatype=county&topic=pov&demo=00007&race=00&sex=0&age=001&type=manyareacensus&sortVariableName=value&sortOrder=asc&output=1,19,pov,manyareacensus,,
Lyon County,19119.0,4.3,143.0,155 of 3141,1,county,7,demographics_028.csv,0,0,https://www.statecancerprofiles.cancer.gov/demographics/index.php?stateFIPS=19&areatype=county&topic=pov&demo=00007&race=00&sex=0&age=001&type=manyareacensus&sortVariableName=value&sortOrder=asc&output=1,19,pov,manyareacensus,,
Warren County,19181.0,4.3,574.0,157 of 3141,1,county,7,demographics_028.csv,0,0,https://www.statecancerprofiles.cancer.gov/demographics/index.php?stateFIPS=19&areatype=county&topic=pov&demo=00007&race=00&sex=0&age=001&type=manyareacensus&sortVariableName=value&sortOrder=asc&output=1,19,pov,manyareacensus,,
Adair County,19001.0,4.4,92.0,172 of 3141,1,county,7,demographics_028.csv,0,0,https://www.statecancerprofiles.cancer.gov/demographics/index.php?stateFIPS=19&areatype=county&topic=pov&demo=00007&race=00&sex=0&age=001&type=manyareacensus&sortVariableName=value&sortOrder=asc&output=1,19,pov,manyareacensus,,
Winneshiek County,19191.0,4.4,235.0,174 of 3141,1,county,7,demographics_028.csv,0,0,https://www.statecancerprofiles.cancer.gov/demographics/index.php?stateFIPS=19&areatype=county&topic=pov&demo=00007&race=00&sex=0&age=001&type=manyareacensus&sortVariableName=value&sortOrder=asc&output=1,19,pov,manyareacensus,,
Mitchell County,19131.0,4.5,126.0,180 of 3141,1,county,7,demographics_028.csv,0,0,https://www.statecancerprofiles.cancer.gov/demographics/index.php?stateFIPS=19&areatype=county&topic=pov&demo=00007&race=00&sex=0&age=001&type=manyareacensus&sortVariableName=value&sortOrder=asc&output=1,19,pov,manyareacensus,,
Story County,19169.0,4.5,858.0,183 of 3141,1,county,7,demographics_028.csv,0,0,https://www.statecancerprofiles.cancer.gov/demographics/index.php?stateFIPS=19&areatype=county&topic=pov&demo=00007&race=00&sex=0&age=001&type=manyareacensus&sortVariableName=value&sortOrder=asc&output=1,19,pov,manyareacensus,,
Chickasaw County,19037.0,4.7,160.0,211 of 3141,1,county,7,demographics_028.csv,0,0,https://www.statecancerprofiles.cancer.gov/demographics/index.php?stateFIPS=19&areatype=county&topic=pov&demo=00007&race=00&sex=0&age=001&type=manyareacensus&sortVariableName=value&sortOrder=asc&output=1,19,pov,manyareacensus,,
Sioux County,19167.0,4.8,436.0,218 of 3141,1,county,7,demographics_028.csv,0,0,https://www.statecancerprofiles.cancer.gov/demographics/index.php?stateFIPS=19&areatype=county&topic=pov&demo=00007&race=00&sex=0&age=001&type=manyareacensus&sortVariableName=value&sortOrder=asc&output=1,19,pov,manyareacensus,,
Hardin County,19083.0,4.9,219.0,227 of 3141,1,county,7,demographics_028.csv,0,0,https://www.statecancerprofiles.cancer.gov/demographics/index.php?stateFIPS=19&areatype=county&topic=pov&demo=00007&race=00&sex=0&age=001&type=manyareacensus&sortVariableName=value&sortOrder=asc&output=1,19,pov,manyareacensus,,
Dickinson County,19059.0,5.0,254.0,243 of 3141,1,county,7,demographics_028.csv,0,0,https://www.statecancerprofiles.cancer.gov/demographics/index.php?stateFIPS=19&areatype=county&topic=pov&demo=00007&race=00&sex=0&age=001&type=manyareacensus&sortVariableName=value&sortOrder=asc&output=1,19,pov,manyareacensus,,
Jones County,19105.0,5.0,282.0,248 of 3141,1,county,7,demographics_028.csv,0,0,https://www.statecancerprofiles.cancer.gov/demographics/index.php?stateFIPS=19&areatype=county&topic=pov&demo=00007&race=00&sex=0&age=001&type=manyareacensus&sortVariableName=value&sortOrder=asc&output=1,19,pov,manyareacensus,,
Boone County,19015.0,5.2,366.0,273 of 3141,1,county,7,demographics_028.csv,0,0,https://www.statecancerprofiles.cancer.gov/demographics/index.php?stateFIPS=19&areatype=county&topic=pov&demo=00007&race=00&sex=0&age=001&type=manyareacensus&sortVariableName=value&sortOrder=asc&output=1,19,pov,manyareacensus,,
Adams County,19003.0,5.4,59.0,314 of 3141,1,county,7,demographics_028.csv,0,0,https://www.statecancerprofiles.cancer.gov/demographics/index.php?stateFIPS=19&areatype=county&topic=pov&demo=00007&race=00&sex=0&age=001&type=manyareacensus&sortVariableName=value&sortOrder=asc&output=1,19,pov,manyareacensus,,
Clayton County,19043.0,5.6,274.0,348 of 3141,1,county,7,demographics_028.csv,0,0,https://www.statecancerprofiles.cancer.gov/demographics/index.php?stateFIPS=19&areatype=county&topic=pov&demo=00007&race=00&sex=0&age=001&type=manyareacensus&sortVariableName=value&sortOrder=asc&output=1,19,pov,manyareacensus,,
Hamilton County,19079.0,5.7,240.0,350 of 3141,1,county,7,demographics_028.csv,0,0,https://www.statecancerprofiles.cancer.gov/demographics/index.php?stateFIPS=19&areatype=county&topic=pov&demo=00007&race=00&sex=0&age=001&type=manyareacensus&sortVariableName=value&sortOrder=asc&output=1,19,pov,manyareacensus,,
Sac County,19161.0,5.7,166.0,360 of 3141,1,county,7,demographics_028.csv,0,0,https://www.statecancerprofiles.cancer.gov/demographics/index.php?stateFIPS=19&areatype=county&topic=pov&demo=00007&race=00&sex=0&age=001&type=manyareacensus&sortVariableName=value&sortOrder=asc&output=1,19,pov,manyareacensus,,
Guthrie County,19077.0,5.8,171.0,372 of 3141,1,county,7,demographics_028.csv,0,0,https://www.statecancerprofiles.cancer.gov/demographics/index.php?stateFIPS=19&areatype=county&topic=pov&demo=00007&race=00&sex=0&age=001&type=manyareacensus&sortVariableName=value&sortOrder=asc&output=1,19,pov,manyareacensus,,
Mills County,19129.0,5.9,233.0,388 of 3141,1,county,7,demographics_028.csv,0,0,https://www.statecancerprofiles.cancer.gov/demographics/index.php?stateFIPS=19&areatype=county&topic=pov&demo=00007&race=00&sex=0&age=001&type=manyareacensus&sortVariableName=value&sortOrder=asc&output=1,19,pov,manyareacensus,,
Kossuth County,19109.0,5.9,260.0,397 of 3141,1,county,7,demographics_028.csv,0,0,https://www.statecancerprofiles.cancer.gov/demographics/index.php?stateFIPS=19&areatype=county&topic=pov&demo=00007&race=00&sex=0&age=001&type=manyareacensus&sortVariableName=value&sortOrder=asc&output=1,19,pov,manyareacensus,,
Jasper County,19099.0,5.9,583.0,403 of 3141,1,county,7,demographics_028.csv,0,0,https://www.statecancerprofiles.cancer.gov/demographics/index.php?stateFIPS=19&areatype=county&topic=pov&demo=00007&race=00&sex=0&age=001&type=manyareacensus&sortVariableName=value&sortOrder=asc&output=1,19,pov,manyareacensus,,
Butler County,19023.0,5.9,252.0,404 of 3141,1,county,7,demographics_028.csv,0,0,https://www.statecancerprofiles.cancer.gov/demographics/index.php?stateFIPS=19&areatype=county&topic=pov&demo=00007&race=00&sex=0&age=001&type=manyareacensus&sortVariableName=value&sortOrder=asc&output=1,19,pov,manyareacensus,,
Shelby County,19165.0,6.1,195.0,432 of 3141,1,county,7,demographics_028.csv,0,0,https://www.statecancerprofiles.cancer.gov/demographics/index.php?stateFIPS=19&areatype=county&topic=pov&demo=00007&race=00&sex=0&age=001&type=manyareacensus&sortVariableName=value&sortOrder=asc&output=1,19,pov,manyareacensus,,
Benton County,19011.0,6.1,433.0,440 of 3141,1,county,7,demographics_028.csv,0,0,https://www.statecancerprofiles.cancer.gov/demographics/index.php?stateFIPS=19&areatype=county&topic=pov&demo=00007&race=00&sex=0&age=001&type=manyareacensus&sortVariableName=value&sortOrder=asc&output=1,19,pov,manyareacensus,,
Delaware County,19055.0,6.3,306.0,471 of 3141,1,county,7,demographics_028.csv,0,0,https://www.statecancerprofiles.cancer.gov/demographics/index.php?stateFIPS=19&areatype=county&topic=pov&demo=00007&race=00&sex=0&age=001&type=manyareacensus&sortVariableName=value&sortOrder=asc&output=1,19,pov,manyareacensus,,
Buchanan County,19019.0,6.3,346.0,477 of 3141,1,county,7,demographics_028.csv,0,0,https://www.statecancerprofiles.cancer.gov/demographics/index.php?stateFIPS=19&areatype=county&topic=pov&demo=00007&race=00&sex=0&age=001&type=manyareacensus&sortVariableName=value&sortOrder=asc&output=1,19,pov,manyareacensus,,
Plymouth County,19149.0,6.3,455.0,488 of 3141,1,county,7,demographics_028.csv,0,0,https://www.statecancerprofiles.cancer.gov/demographics/index.php?stateFIPS=19&areatype=county&topic=pov&demo=00007&race=00&sex=0&age=001&type=manyareacensus&sortVariableName=value&sortOrder=asc&output=1,19,pov,manyareacensus,,
Johnson County,19103.0,6.4,2005.0,498 of 3141,1,county,7,demographics_028.csv,0,0,https://www.statecancerprofiles.cancer.gov/demographics/index.php?stateFIPS=19&areatype=county&topic=pov&demo=00007&race=00&sex=0&age=001&type=manyareacensus&sortVariableName=value&sortOrder=asc&output=1,19,pov,manyareacensus,,
Linn County,19113.0,6.4,3622.0,508 of 3141,1,county,7,demographics_028.csv,0,0,https://www.statecancerprofiles.cancer.gov/demographics/index.php?stateFIPS=19&areatype=county&topic=pov&demo=00007&race=00&sex=0&age=001&type=manyareacensus&sortVariableName=value&sortOrder=asc&output=1,19,pov,manyareacensus,,
Hancock County,19081.0,6.6,209.0,535 of 3141,1,county,7,demographics_028.csv,0,0,https://www.statecancerprofiles.cancer.gov/demographics/index.php?stateFIPS=19&areatype=county&topic=pov&demo=00007&race=00&sex=0&age=001&type=manyareacensus&sortVariableName=value&sortOrder=asc&output=1,19,pov,manyareacensus,,
Marion County,19125.0,6.6,571.0,545 of 3141,1,county,7,demographics_028.csv,0,0,https://www.statecancerprofiles.cancer.gov/demographics/index.php?stateFIPS=19&areatype=county&topic=pov&demo=00007&race=00&sex=0&age=001&type=manyareacensus&sortVariableName=value&sortOrder=asc&output=1,19,pov,manyareacensus,,
Iowa County,19095.0,6.6,316.0,549 of 3141,1,state,7,demographics_028.csv,0,0,https://www.statecancerprofiles.cancer.gov/demographics/index.php?stateFIPS=19&areatype=county&topic=pov&demo=00007&race=00&sex=0&age=001&type=manyareacensus&sortVariableName=value&sortOrder=asc&output=1,19,pov,manyareacensus,,
O'Brien County,19141.0,6.8,268.0,587 of 3141,1,county,7,demographics_028.csv,0,0,https://www.statecancerprofiles.cancer.gov/demographics/index.php?stateFIPS=19&areatype=county&topic=pov&demo=00007&race=00&sex=0&age=001&type=manyareacensus&sortVariableName=value&sortOrder=asc&output=1,19,pov,manyareacensus,,
Lucas County,19117.0,7.0,159.0,628 of 3141,1,county,7,demographics_028.csv,0,0,https://www.statecancerprofiles.cancer.gov/demographics/index.php?stateFIPS=19&areatype=county&topic=pov&demo=00007&race=00&sex=0&age=001&type=manyareacensus&sortVariableName=value&sortOrder=asc&output=1,19,pov,manyareacensus,,
Keokuk County,19107.0,7.0,195.0,632 of 3141,1,county,7,demographics_028.csv,0,0,https://www.statecancerprofiles.cancer.gov/demographics/index.php?stateFIPS=19&areatype=county&topic=pov&demo=00007&race=00&sex=0&age=001&type=manyareacensus&sortVariableName=value&sortOrder=asc&output=1,19,pov,manyareacensus,,
Taylor County,19173.0,7.1,129.0,650 of 3141,1,county,7,demographics_028.csv,0,0,https://www.statecancerprofiles.cancer.gov/demographics/index.php?stateFIPS=19&areatype=county&topic=pov&demo=00007&race=00&sex=0&age=001&type=manyareacensus&sortVariableName=value&sortOrder=asc&output=1,19,pov,manyareacensus,,
Washington County,19183.0,7.1,423.0,673 of 3141,1,county,7,demographics_028.csv,0,0,https://www.statecancerprofiles.cancer.gov/demographics/index.php?stateFIPS=19&areatype=county&topic=pov&demo=00007&race=00&sex=0&age=001&type=manyareacensus&sortVariableName=value&sortOrder=asc&output=1,19,pov,manyareacensus,,
Jefferson County,19101.0,7.2,293.0,680 of 3141,1,county,7,demographics_028.csv,0,0,https://www.statecancerprofiles.cancer.gov/demographics/index.php?stateFIPS=19&areatype=county&topic=pov&demo=00007&race=00&sex=0&age=001&type=manyareacensus&sortVariableName=value&sortOrder=asc&output=1,19,pov,manyareacensus,,
Pocahontas County,19151.0,7.2,139.0,693 of 3141,1,county,7,demographics_028.csv,0,0,https://www.statecancerprofiles.cancer.gov/demographics/index.php?stateFIPS=19&areatype=county&topic=pov&demo=00007&race=00&sex=0&age=001&type=manyareacensus&sortVariableName=value&sortOrder=asc&output=1,19,pov,manyareacensus,,
Dubuque County,19061.0,7.3,1848.0,711 of 3141,1,county,7,demographics_028.csv,0,0,https://www.statecancerprofiles.cancer.gov/demographics/index.php?stateFIPS=19&areatype=county&topic=pov&demo=00007&race=00&sex=0&age=001&type=manyareacensus&sortVariableName=value&sortOrder=asc&output=1,19,pov,manyareacensus,,
Monroe County,19135.0,7.4,165.0,750 of 3141,1,county,7,demographics_028.csv,0,0,https://www.statecancerprofiles.cancer.gov/demographics/index.php?stateFIPS=19&areatype=county&topic=pov&demo=00007&race=00&sex=0&age=001&type=manyareacensus&sortVariableName=value&sortOrder=asc&output=1,19,pov,manyareacensus,,
Carroll County,19027.0,7.5,407.0,751 of 3141,1,county,7,demographics_028.csv,0,0,https://www.statecancerprofiles.cancer.gov/demographics/index.php?stateFIPS=19&areatype=county&topic=pov&demo=00007&race=00&sex=0&age=001&type=manyareacensus&sortVariableName=value&sortOrder=asc&output=1,19,pov,manyareacensus,,
Harrison County,19085.0,7.5,298.0,755 of 3141,1,county,7,demographics_028.csv,0,0,https://www.statecancerprofiles.cancer.gov/demographics/index.php?stateFIPS=19&areatype=county&topic=pov&demo=00007&race=00&sex=0&age=001&type=manyareacensus&sortVariableName=value&sortOrder=asc&output=1,19,pov,manyareacensus,,
Poweshiek County,19157.0,7.5,359.0,760 of 3141,1,county,7,demographics_028.csv,0,0,https://www.statecancerprofiles.cancer.gov/demographics/index.php?stateFIPS=19&areatype=county&topic=pov&demo=00007&race=00&sex=0&age=001&type=manyareacensus&sortVariableName=value&sortOrder=asc&output=1,19,pov,manyareacensus,,
Cerro Gordo County,19033.0,7.5,862.0,769 of 3141,1,county,7,demographics_028.csv,0,0,https://www.statecancerprofiles.cancer.gov/demographics/index.php?stateFIPS=19&areatype=county&topic=pov&demo=00007&race=00&sex=0&age=001&type=manyareacensus&sortVariableName=value&sortOrder=asc&output=1,19,pov,manyareacensus,,
Pottawattamie County,19155.0,7.6,1840.0,787 of 3141,1,county,7,demographics_028.csv,0,0,https://www.statecancerprofiles.cancer.gov/demographics/index.php?stateFIPS=19&areatype=county&topic=pov&demo=00007&race=00&sex=0&age=001&type=manyareacensus&sortVariableName=value&sortOrder=asc&output=1,19,pov,manyareacensus,,
Worth County,19195.0,7.6,159.0,801 of 3141,1,county,7,demographics_028.csv,0,0,https://www.statecancerprofiles.cancer.gov/demographics/index.php?stateFIPS=19&areatype=county&topic=pov&demo=00007&race=00&sex=0&age=001&type=manyareacensus&sortVariableName=value&sortOrder=asc&output=1,19,pov,manyareacensus,,
Jackson County,19097.0,7.7,426.0,817 of 3141,1,county,7,demographics_028.csv,0,0,https://www.statecancerprofiles.cancer.gov/demographics/index.php?stateFIPS=19&areatype=county&topic=pov&demo=00007&race=00&sex=0&age=001&type=manyareacensus&sortVariableName=value&sortOrder=asc&output=1,19,pov,manyareacensus,,
Tama County,19171.0,7.7,353.0,818 of 3141,1,county,7,demographics_028.csv,0,0,https://www.statecancerprofiles.cancer.gov/demographics/index.php?stateFIPS=19&areatype=county&topic=pov&demo=00007&race=00&sex=0&age=001&type=manyareacensus&sortVariableName=value&sortOrder=asc&output=1,19,pov,manyareacensus,,
Winnebago County,19189.0,7.7,223.0,826 of 3141,1,county,7,demographics_028.csv,0,0,https://www.statecancerprofiles.cancer.gov/demographics/index.php?stateFIPS=19&areatype=county&topic=pov&demo=00007&race=00&sex=0&age=001&type=manyareacensus&sortVariableName=value&sortOrder=asc&output=1,19,pov,manyareacensus,,
Marshall County,19127.0,7.7,796.0,828 of 3141,1,county,7,demographics_028.csv,0,0,https://www.statecancerprofiles.cancer.gov/demographics/index.php?stateFIPS=19&areatype=county&topic=pov&demo=00007&race=00&sex=0&age=001&type=manyareacensus&sortVariableName=value&sortOrder=asc&output=1,19,pov,manyareacensus,,
Allamakee County,19005.0,7.8,303.0,849 of 3141,1,county,7,demographics_028.csv,0,0,https://www.statecancerprofiles.cancer.gov/demographics/index.php?stateFIPS=19&areatype=county&topic=pov&demo=00007&race=00&sex=0&age=001&type=manyareacensus&sortVariableName=value&sortOrder=asc&output=1,19,pov,manyareacensus,,
Greene County,19073.0,8.0,208.0,880 of 3141,1,county,7,demographics_028.csv,0,0,https://www.statecancerprofiles.cancer.gov/demographics/index.php?stateFIPS=19&areatype=county&topic=pov&demo=00007&race=00&sex=0&age=001&type=manyareacensus&sortVariableName=value&sortOrder=asc&output=1,19,pov,manyareacensus,,
Fremont County,19071.0,8.0,161.0,881 of 3141,1,county,7,demographics_028.csv,0,0,https://www.statecancerprofiles.cancer.gov/demographics/index.php?stateFIPS=19&areatype=county&topic=pov&demo=00007&race=00&sex=0&age=001&type=manyareacensus&sortVariableName=value&sortOrder=asc&output=1,19,pov,manyareacensus,,
Fayette County,19065.0,8.1,437.0,909 of 3141,1,county,7,demographics_028.csv,0,0,https://www.statecancerprofiles.cancer.gov/demographics/index.php?stateFIPS=19&areatype=county&topic=pov&demo=00007&race=00&sex=0&age=001&type=manyareacensus&sortVariableName=value&sortOrder=asc&output=1,19,pov,manyareacensus,,
Ida County,19093.0,8.1,163.0,922 of 3141,1,county,7,demographics_028.csv,0,0,https://www.statecancerprofiles.cancer.gov/demographics/index.php?stateFIPS=19&areatype=county&topic=pov&demo=00007&race=00&sex=0&age=001&type=manyareacensus&sortVariableName=value&sortOrder=asc&output=1,19,pov,manyareacensus,,
Van Buren County,19177.0,8.2,160.0,942 of 3141,1,county,7,demographics_028.csv,0,0,https://www.statecancerprofiles.cancer.gov/demographics/index.php?stateFIPS=19&areatype=county&topic=pov&demo=00007&race=00&sex=0&age=001&type=manyareacensus&sortVariableName=value&sortOrder=asc&output=1,19,pov,manyareacensus,,
Union County,19175.0,8.2,265.0,944 of 3141,1,county,7,demographics_028.csv,0,0,https://www.statecancerprofiles.cancer.gov/demographics/index.php?stateFIPS=19&areatype=county&topic=pov&demo=00007&race=00&sex=0&age=001&type=manyareacensus&sortVariableName=value&sortOrder=asc&output=1,19,pov,manyareacensus,,
Polk County,19153.0,8.2,9443.0,948 of 3141,1,county,7,demographics_028.csv,0,0,https://www.statecancerprofiles.cancer.gov/demographics/index.php?stateFIPS=19&areatype=county&topic=pov&demo=00007&race=00&sex=0&age=001&type=manyareacensus&sortVariableName=value&sortOrder=asc&output=1,19,pov,manyareacensus,,
Louisa County,19115.0,8.3,245.0,956 of 3141,1,county,7,demographics_028.csv,0,0,https://www.statecancerprofiles.cancer.gov/demographics/index.php?stateFIPS=19&areatype=county&topic=pov&demo=00007&race=00&sex=0&age=001&type=manyareacensus&sortVariableName=value&sortOrder=asc&output=1,19,pov,manyareacensus,,
Scott County,19163.0,8.3,3502.0,961 of 3141,1,county,7,demographics_028.csv,0,0,https://www.statecancerprofiles.cancer.gov/demographics/index.php?stateFIPS=19&areatype=county&topic=pov&demo=00007&race=00&sex=0&age=001&type=manyareacensus&sortVariableName=value&sortOrder=asc&output=1,19,pov,manyareacensus,,
Page County,19145.0,8.5,345.0,1036 of 3141,1,county,7,demographics_028.csv,0,0,https://www.statecancerprofiles.cancer.gov/demographics/index.php?stateFIPS=19&areatype=county&topic=pov&demo=00007&race=00&sex=0&age=001&type=manyareacensus&sortVariableName=value&sortOrder=asc&output=1,19,pov,manyareacensus,,
Henry County,19087.0,8.7,455.0,1068 of 3141,1,county,7,demographics_028.csv,0,0,https://www.statecancerprofiles.cancer.gov/demographics/index.php?stateFIPS=19&areatype=county&topic=pov&demo=00007&race=00&sex=0&age=001&type=manyareacensus&sortVariableName=value&sortOrder=asc&output=1,19,pov,manyareacensus,,
Osceola County,19143.0,8.7,147.0,1085 of 3141,1,county,7,demographics_028.csv,0,0,https://www.statecancerprofiles.cancer.gov/demographics/index.php?stateFIPS=19&areatype=county&topic=pov&demo=00007&race=00&sex=0&age=001&type=manyareacensus&sortVariableName=value&sortOrder=asc&output=1,19,pov,manyareacensus,,
Emmet County,19063.0,8.7,229.0,1086 of 3141,1,county,7,demographics_028.csv,0,0,https://www.statecancerprofiles.cancer.gov/demographics/index.php?stateFIPS=19&areatype=county&topic=pov&demo=00007&race=00&sex=0&age=001&type=manyareacensus&sortVariableName=value&sortOrder=asc&output=1,19,pov,manyareacensus,,
Ringgold County,19159.0,8.9,123.0,1120 of 3141,1,county,7,demographics_028.csv,0,0,https://www.statecancerprofiles.cancer.gov/demographics/index.php?stateFIPS=19&areatype=county&topic=pov&demo=00007&race=00&sex=0&age=001&type=manyareacensus&sortVariableName=value&sortOrder=asc&output=1,19,pov,manyareacensus,,
Clinton County,19045.0,8.9,1104.0,1121 of 3141,1,county,7,demographics_028.csv,0,0,https://www.statecancerprofiles.cancer.gov/demographics/index.php?stateFIPS=19&areatype=county&topic=pov&demo=00007&race=00&sex=0&age=001&type=manyareacensus&sortVariableName=value&sortOrder=asc&output=1,19,pov,manyareacensus,,
Monona County,19133.0,8.9,208.0,1123 of 3141,1,county,7,demographics_028.csv,0,0,https://www.statecancerprofiles.cancer.gov/demographics/index.php?stateFIPS=19&areatype=county&topic=pov&demo=00007&race=00&sex=0&age=001&type=manyareacensus&sortVariableName=value&sortOrder=asc&output=1,19,pov,manyareacensus,,
Audubon County,19009.0,9.1,148.0,1158 of 3141,1,county,7,demographics_028.csv,0,0,https://www.statecancerprofiles.cancer.gov/demographics/index.php?stateFIPS=19&areatype=county&topic=pov&demo=00007&race=00&sex=0&age=001&type=manyareacensus&sortVariableName=value&sortOrder=asc&output=1,19,pov,manyareacensus,,
Clay County,19041.0,9.1,420.0,1161 of 3141,1,county,7,demographics_028.csv,0,0,https://www.statecancerprofiles.cancer.gov/demographics/index.php?stateFIPS=19&areatype=county&topic=pov&demo=00007&race=00&sex=0&age=001&type=manyareacensus&sortVariableName=value&sortOrder=asc&output=1,19,pov,manyareacensus,,
Humboldt County,19091.0,9.1,244.0,1170 of 3141,1,county,7,demographics_028.csv,0,0,https://www.statecancerprofiles.cancer.gov/demographics/index.php?stateFIPS=19&areatype=county&topic=pov&demo=00007&race=00&sex=0&age=001&type=manyareacensus&sortVariableName=value&sortOrder=asc&output=1,19,pov,manyareacensus,,
Cherokee County,19035.0,9.1,294.0,1172 of 3141,1,county,7,demographics_028.csv,0,0,https://www.statecancerprofiles.cancer.gov/demographics/index.php?stateFIPS=19&areatype=county&topic=pov&demo=00007&race=00&sex=0&age=001&type=manyareacensus&sortVariableName=value&sortOrder=asc&output=1,19,pov,manyareacensus,,
Muscatine County,19139.0,9.4,1067.0,1243 of 3141,1,county,7,demographics_028.csv,0,0,https://www.statecancerprofiles.cancer.gov/demographics/index.php?stateFIPS=19&areatype=county&topic=pov&demo=00007&race=00&sex=0&age=001&type=manyareacensus&sortVariableName=value&sortOrder=asc&output=1,19,pov,manyareacensus,,
Howard County,19089.0,9.5,235.0,1289 of 3141,1,county,7,demographics_028.csv,0,0,https://www.statecancerprofiles.cancer.gov/demographics/index.php?stateFIPS=19&areatype=county&topic=pov&demo=00007&race=00&sex=0&age=001&type=manyareacensus&sortVariableName=value&sortOrder=asc&output=1,19,pov,manyareacensus,,
Appanoose County,19007.0,9.6,307.0,1312 of 3141,1,county,7,demographics_028.csv,0,0,https://www.statecancerprofiles.cancer.gov/demographics/index.php?stateFIPS=19&areatype=county&topic=pov&demo=00007&race=00&sex=0&age=001&type=manyareacensus&sortVariableName=value&sortOrder=asc&output=1,19,pov,manyareacensus,,
Buena Vista County,19021.0,9.6,493.0,1317 of 3141,1,county,7,demographics_028.csv,0,0,https://www.statecancerprofiles.cancer.gov/demographics/index.php?stateFIPS=19&areatype=county&topic=pov&demo=00007&race=00&sex=0&age=001&type=manyareacensus&sortVariableName=value&sortOrder=asc&output=1,19,pov,manyareacensus,,
Wright County,19197.0,9.8,337.0,1342 of 3141,1,county,7,demographics_028.csv,0,0,https://www.statecancerprofiles.cancer.gov/demographics/index.php?stateFIPS=19&areatype=county&topic=pov&demo=00007&race=00&sex=0&age=001&type=manyareacensus&sortVariableName=value&sortOrder=asc&output=1,19,pov,manyareacensus,,
Black Hawk County,19013.0,9.8,3099.0,1362 of 3141,1,county,7,demographics_028.csv,0,0,https://www.statecancerprofiles.cancer.gov/demographics/index.php?stateFIPS=19&areatype=county&topic=pov&demo=00007&race=00&sex=0&age=001&type=manyareacensus&sortVariableName=value&sortOrder=asc&output=1,19,pov,manyareacensus,,
Woodbury County,19193.0,10.1,2584.0,1432 of 3141,1,county,7,demographics_028.csv,0,0,https://www.statecancerprofiles.cancer.gov/demographics/index.php?stateFIPS=19&areatype=county&topic=pov&demo=00007&race=00&sex=0&age=001&type=manyareacensus&sortVariableName=value&sortOrder=asc&output=1,19,pov,manyareacensus,,
Wayne County,19185.0,10.3,169.0,1485 of 3141,1,county,7,demographics_028.csv,0,0,https://www.statecancerprofiles.cancer.gov/demographics/index.php?stateFIPS=19&areatype=county&topic=pov&demo=00007&race=00&sex=0&age=001&type=manyareacensus&sortVariableName=value&sortOrder=asc&output=1,19,pov,manyareacensus,,
Mahaska County,19123.0,10.4,617.0,1503 of 3141,1,county,7,demographics_028.csv,0,0,https://www.statecancerprofiles.cancer.gov/demographics/index.php?stateFIPS=19&areatype=county&topic=pov&demo=00007&race=00&sex=0&age=001&type=manyareacensus&sortVariableName=value&sortOrder=asc&output=1,19,pov,manyareacensus,,
Floyd County,19067.0,10.8,475.0,1599 of 3141,1,county,7,demographics_028.csv,0,0,https://www.statecancerprofiles.cancer.gov/demographics/index.php?stateFIPS=19&areatype=county&topic=pov&demo=00007&race=00&sex=0&age=001&type=manyareacensus&sortVariableName=value&sortOrder=asc&output=1,19,pov,manyareacensus,,
Cass County,19029.0,11.2,410.0,1707 of 3141,1,county,7,demographics_028.csv,0,0,https://www.statecancerprofiles.cancer.gov/demographics/index.php?stateFIPS=19&areatype=county&topic=pov&demo=00007&race=00&sex=0&age=001&type=manyareacensus&sortVariableName=value&sortOrder=asc&output=1,19,pov,manyareacensus,,
Davis County,19051.0,11.3,268.0,1723 of 3141,1,county,7,demographics_028.csv,0,0,https://www.statecancerprofiles.cancer.gov/demographics/index.php?stateFIPS=19&areatype=county&topic=pov&demo=00007&race=00&sex=0&age=001&type=manyareacensus&sortVariableName=value&sortOrder=asc&output=1,19,pov,manyareacensus,,
Lee County,19111.0,11.3,1059.0,1726 of 3141,1,county,7,demographics_028.csv,0,0,https://www.statecancerprofiles.cancer.gov/demographics/index.php?stateFIPS=19&areatype=county&topic=pov&demo=00007&race=00&sex=0&age=001&type=manyareacensus&sortVariableName=value&sortOrder=asc&output=1,19,pov,manyareacensus,,
Des Moines County,19057.0,11.3,1198.0,1743 of 3141,1,county,7,demographics_028.csv,0,0,https://www.statecancerprofiles.cancer.gov/demographics/index.php?stateFIPS=19&areatype=county&topic=pov&demo=00007&race=00&sex=0&age=001&type=manyareacensus&sortVariableName=value&sortOrder=asc&output=1,19,pov,manyareacensus,,
Webster County,19187.0,11.4,1013.0,1761 of 3141,1,county,7,demographics_028.csv,0,0,https://www.statecancerprofiles.cancer.gov/demographics/index.php?stateFIPS=19&areatype=county&topic=pov&demo=00007&race=00&sex=0&age=001&type=manyareacensus&sortVariableName=value&sortOrder=asc&output=1,19,pov,manyareacensus,,
Crawford County,19047.0,12.0,546.0,1893 of 3141,1,county,7,demographics_028.csv,0,0,https://www.statecancerprofiles.cancer.gov/demographics/index.php?stateFIPS=19&areatype=county&topic=pov&demo=00007&race=00&sex=0&age=001&type=manyareacensus&sortVariableName=value&sortOrder=asc&output=1,19,pov,manyareacensus,,
Calhoun County,19025.0,12.1,328.0,1911 of 3141,1,county,7,demographics_028.csv,0,0,https://www.statecancerprofiles.cancer.gov/demographics/index.php?stateFIPS=19&areatype=county&topic=pov&demo=00007&race=00&sex=0&age=001&type=manyareacensus&sortVariableName=value&sortOrder=asc&output=1,19,pov,manyareacensus,,
Franklin County,19069.0,12.3,351.0,1950 of 3141,1,county,7,demographics_028.csv,0,0,https://www.statecancerprofiles.cancer.gov/demographics/index.php?stateFIPS=19&areatype=county&topic=pov&demo=00007&race=00&sex=0&age=001&type=manyareacensus&sortVariableName=value&sortOrder=asc&output=1,19,pov,manyareacensus,,
Wapello County,19179.0,13.4,1262.0,2169 of 3141,1,county,7,demographics_028.csv,0,0,https://www.statecancerprofiles.cancer.gov/demographics/index.php?stateFIPS=19&areatype=county&topic=pov&demo=00007&race=00&sex=0&age=001&type=manyareacensus&sortVariableName=value&sortOrder=asc&output=1,19,pov,manyareacensus,,
Decatur County,19053.0,13.6,268.0,2208 of 3141,1,county,7,demographics_028.csv,0,0,https://www.statecancerprofiles.cancer.gov/demographics/index.php?stateFIPS=19&areatype=county&topic=pov&demo=00007&race=00&sex=0&age=001&type=manyareacensus&sortVariableName=value&sortOrder=asc&output=1,19,pov,manyareacensus,,
Clarke County,19039.0,13.6,354.0,2220 of 3141,1,county,7,demographics_028.csv,0,0,https://www.statecancerprofiles.cancer.gov/demographics/index.php?stateFIPS=19&areatype=county&topic=pov&demo=00007&race=00&sex=0&age=001&type=manyareacensus&sortVariableName=value&sortOrder=asc&output=1,19,pov,manyareacensus,,
Montgomery County,19137.0,15.6,479.0,2528 of 3141,1,county,7,demographics_028.csv,0,0,https://www.statecancerprofiles.cancer.gov/demographics/index.php?stateFIPS=19&areatype=county&topic=pov&demo=00007&race=00&sex=0&age=001&type=manyareacensus&sortVariableName=value&sortOrder=asc&output=1,19,pov,manyareacensus,,
Iowa,19000.0,12.0,,16 of 52,1,state,8,demographics_029.csv,0,0,https://www.statecancerprofiles.cancer.gov/demographics/index.php?stateFIPS=19&areatype=county&topic=pov&demo=00008&race=00&sex=0&age=001&type=manyareacensus&sortVariableName=value&sortOrder=asc&output=1,19,pov,manyareacensus,361343.0,
United States,0.0,14.6,,,1,country,8,demographics_029.csv,0,0,https://www.statecancerprofiles.cancer.gov/demographics/index.php?stateFIPS=19&areatype=county&topic=pov&demo=00008&race=00&sex=0&age=001&type=manyareacensus&sortVariableName=value&sortOrder=asc&output=1,19,pov,manyareacensus,45650345.0,
Lyon County,19119.0,4.9,,35 of 3141,1,county,8,demographics_029.csv,0,0,https://www.statecancerprofiles.cancer.gov/demographics/index.php?stateFIPS=19&areatype=county&topic=pov&demo=00008&race=00&sex=0&age=001&type=manyareacensus&sortVariableName=value&sortOrder=asc&output=1,19,pov,manyareacensus,566.0,
Dallas County,19049.0,5.4,,55 of 3141,1,county,8,demographics_029.csv,0,0,https://www.statecancerprofiles.cancer.gov/demographics/index.php?stateFIPS=19&areatype=county&topic=pov&demo=00008&race=00&sex=0&age=001&type=manyareacensus&sortVariableName=value&sortOrder=asc&output=1,19,pov,manyareacensus,4345.0,
Cedar County,19031.0,5.4,,57 of 3141,1,county,8,demographics_029.csv,0,0,https://www.statecancerprofiles.cancer.gov/demographics/index.php?stateFIPS=19&areatype=county&topic=pov&demo=00008&race=00&sex=0&age=001&type=manyareacensus&sortVariableName=value&sortOrder=asc&output=1,19,pov,manyareacensus,984.0,
Grundy County,19075.0,5.8,,79 of 3141,1,county,8,demographics_029.csv,0,0,https://www.statecancerprofiles.cancer.gov/demographics/index.php?stateFIPS=19&areatype=county&topic=pov&demo=00008&race=00&sex=0&age=001&type=manyareacensus&sortVariableName=value&sortOrder=asc&output=1,19,pov,manyareacensus,697.0,
Warren County,19181.0,6.2,,99 of 3141,1,county,8,demographics_029.csv,0,0,https://www.statecancerprofiles.cancer.gov/demographics/index.php?stateFIPS=19&areatype=county&topic=pov&demo=00008&race=00&sex=0&age=001&type=manyareacensus&sortVariableName=value&sortOrder=asc&output=1,19,pov,manyareacensus,2903.0,
Palo Alto County,19147.0,7.1,,150 of 3141,1,county,8,demographics_029.csv,0,0,https://www.statecancerprofiles.cancer.gov/demographics/index.php?stateFIPS=19&areatype=county&topic=pov&demo=00008&race=00&sex=0&age=001&type=manyareacensus&sortVariableName=value&sortOrder=asc&output=1,19,pov,manyareacensus,618.0,
Madison County,19121.0,7.3,,171 of 3141,1,county,8,demographics_029.csv,0,0,https://www.statecancerprofiles.cancer.gov/demographics/index.php?stateFIPS=19&areatype=county&topic=pov&demo=00008&race=00&sex=0&age=001&type=manyareacensus&sortVariableName=value&sortOrder=asc&output=1,19,pov,manyareacensus,1132.0,
Bremer County,19017.0,7.7,,205 of 3141,1,county,8,demographics_029.csv,0,0,https://www.statecancerprofiles.cancer.gov/demographics/index.php?stateFIPS=19&areatype=county&topic=pov&demo=00008&race=00&sex=0&age=001&type=manyareacensus&sortVariableName=value&sortOrder=asc&output=1,19,pov,manyareacensus,1781.0,
Buchanan County,19019.0,7.8,,214 of 3141,1,county,8,demographics_029.csv,0,0,https://www.statecancerprofiles.cancer.gov/demographics/index.php?stateFIPS=19&areatype=county&topic=pov&demo=00008&race=00&sex=0&age=001&type=manyareacensus&sortVariableName=value&sortOrder=asc&output=1,19,pov,manyareacensus,1621.0,
Sioux County,19167.0,7.9,,224 of 3141,1,county,8,demographics_029.csv,0,0,https://www.statecancerprofiles.cancer.gov/demographics/index.php?stateFIPS=19&areatype=county&topic=pov&demo=00008&race=00&sex=0&age=001&type=manyareacensus&sortVariableName=value&sortOrder=asc&output=1,19,pov,manyareacensus,2544.0,
Winneshiek County,19191.0,8.0,,233 of 3141,1,county,8,demographics_029.csv,0,0,https://www.statecancerprofiles.cancer.gov/demographics/index.php?stateFIPS=19&areatype=county&topic=pov&demo=00008&race=00&sex=0&age=001&type=manyareacensus&sortVariableName=value&sortOrder=asc&output=1,19,pov,manyareacensus,1455.0,
Hardin County,19083.0,8.0,,242 of 3141,1,county,8,demographics_029.csv,0,0,https://www.statecancerprofiles.cancer.gov/demographics/index.php?stateFIPS=19&areatype=county&topic=pov&demo=00008&race=00&sex=0&age=001&type=manyareacensus&sortVariableName=value&sortOrder=asc&output=1,19,pov,manyareacensus,1314.0,
Dickinson County,19059.0,8.1,,252 of 3141,1,county,8,demographics_029.csv,0,0,https://www.statecancerprofiles.cancer.gov/demographics/index.php?stateFIPS=19&areatype=county&topic=pov&demo=00008&race=00&sex=0&age=001&type=manyareacensus&sortVariableName=value&sortOrder=asc&output=1,19,pov,manyareacensus,1356.0,
Mitchell County,19131.0,8.3,,276 of 3141,1,county,8,demographics_029.csv,0,0,https://www.statecancerprofiles.cancer.gov/demographics/index.php?stateFIPS=19&areatype=county&topic=pov&demo=00008&race=00&sex=0&age=001&type=manyareacensus&sortVariableName=value&sortOrder=asc&output=1,19,pov,manyareacensus,870.0,
Benton County,19011.0,8.7,,307 of 3141,1,county,8,demographics_029.csv,0,0,https://www.statecancerprofiles.cancer.gov/demographics/index.php?stateFIPS=19&areatype=county&topic=pov&demo=00008&race=00&sex=0&age=001&type=manyareacensus&sortVariableName=value&sortOrder=asc&output=1,19,pov,manyareacensus,2182.0,
Shelby County,19165.0,8.7,,312 of 3141,1,county,8,demographics_029.csv,0,0,https://www.statecancerprofiles.cancer.gov/demographics/index.php?stateFIPS=19&areatype=county&topic=pov&demo=00008&race=00&sex=0&age=001&type=manyareacensus&sortVariableName=value&sortOrder=asc&output=1,19,pov,manyareacensus,1005.0,
Chickasaw County,19037.0,8.9,,347 of 3141,1,county,8,demographics_029.csv,0,0,https://www.statecancerprofiles.cancer.gov/demographics/index.php?stateFIPS=19&areatype=county&topic=pov&demo=00008&race=00&sex=0&age=001&type=manyareacensus&sortVariableName=value&sortOrder=asc&output=1,19,pov,manyareacensus,1070.0,
Hancock County,19081.0,9.1,,368 of 3141,1,county,8,demographics_029.csv,0,0,https://www.statecancerprofiles.cancer.gov/demographics/index.php?stateFIPS=19&areatype=county&topic=pov&demo=00008&race=00&sex=0&age=001&type=manyareacensus&sortVariableName=value&sortOrder=asc&output=1,19,pov,manyareacensus,976.0,
Jones County,19105.0,9.1,,371 of 3141,1,county,8,demographics_029.csv,0,0,https://www.statecancerprofiles.cancer.gov/demographics/index.php?stateFIPS=19&areatype=county&topic=pov&demo=00008&race=00&sex=0&age=001&type=manyareacensus&sortVariableName=value&sortOrder=asc&output=1,19,pov,manyareacensus,1745.0,
Jasper County,19099.0,9.1,,374 of 3141,1,county,8,demographics_029.csv,0,0,https://www.statecancerprofiles.cancer.gov/demographics/index.php?stateFIPS=19&areatype=county&topic=pov&demo=00008&race=00&sex=0&age=001&type=manyareacensus&sortVariableName=value&sortOrder=asc&output=1,19,pov,manyareacensus,3171.0,
Washington County,19183.0,9.1,,381 of 3141,1,county,8,demographics_029.csv,0,0,https://www.statecancerprofiles.cancer.gov/demographics/index.php?stateFIPS=19&areatype=county&topic=pov&demo=00008&race=00&sex=0&age=001&type=manyareacensus&sortVariableName=value&sortOrder=asc&output=1,19,pov,manyareacensus,1983.0,
Mills County,19129.0,9.1,,383 of 3141,1,county,8,demographics_029.csv,0,0,https://www.statecancerprofiles.cancer.gov/demographics/index.php?stateFIPS=19&areatype=county&topic=pov&demo=00008&race=00&sex=0&age=001&type=manyareacensus&sortVariableName=value&sortOrder=asc&output=1,19,pov,manyareacensus,1344.0,
Plymouth County,19149.0,9.1,,384 of 3141,1,county,8,demographics_029.csv,0,0,https://www.statecancerprofiles.cancer.gov/demographics/index.php?stateFIPS=19&areatype=county&topic=pov&demo=00008&race=00&sex=0&age=001&type=manyareacensus&sortVariableName=value&sortOrder=asc&output=1,19,pov,manyareacensus,2251.0,
Delaware County,19055.0,9.2,,395 of 3141,1,county,8,demographics_029.csv,0,0,https://www.statecancerprofiles.cancer.gov/demographics/index.php?stateFIPS=19&areatype=county&topic=pov&demo=00008&race=00&sex=0&age=001&type=manyareacensus&sortVariableName=value&sortOrder=asc&output=1,19,pov,manyareacensus,1570.0,
Marion County,19125.0,9.3,,410 of 3141,1,county,8,demographics_029.csv,0,0,https://www.statecancerprofiles.cancer.gov/demographics/index.php?stateFIPS=19&areatype=county&topic=pov&demo=00008&race=00&sex=0&age=001&type=manyareacensus&sortVariableName=value&sortOrder=asc&output=1,19,pov,manyareacensus,2932.0,
Hamilton County,19079.0,9.4,,418 of 3141,1,county,8,demographics_029.csv,0,0,https://www.statecancerprofiles.cancer.gov/demographics/index.php?stateFIPS=19&areatype=county&topic=pov&demo=00008&race=00&sex=0&age=001&type=manyareacensus&sortVariableName=value&sortOrder=asc&output=1,19,pov,manyareacensus,1402.0,
Sac County,19161.0,9.4,,425 of 3141,1,county,8,demographics_029.csv,0,0,https://www.statecancerprofiles.cancer.gov/demographics/index.php?stateFIPS=19&areatype=county&topic=pov&demo=00008&race=00&sex=0&age=001&type=manyareacensus&sortVariableName=value&sortOrder=asc&output=1,19,pov,manyareacensus,913.0,
Boone County,19015.0,9.4,,426 of 3141,1,county,8,demographics_029.csv,0,0,https://www.statecancerprofiles.cancer.gov/demographics/index.php?stateFIPS=19&areatype=county&topic=pov&demo=00008&race=00&sex=0&age=001&type=manyareacensus&sortVariableName=value&sortOrder=asc&output=1,19,pov,manyareacensus,2426.0,
Butler County,19023.0,9.4,,433 of 3141,1,county,8,demographics_029.csv,0,0,https://www.statecancerprofiles.cancer.gov/demographics/index.php?stateFIPS=19&areatype=county&topic=pov&demo=00008&race=00&sex=0&age=001&type=manyareacensus&sortVariableName=value&sortOrder=asc&output=1,19,pov,manyareacensus,1369.0,
Linn County,19113.0,9.5,,442 of 3141,1,county,8,demographics_029.csv,0,0,https://www.statecancerprofiles.cancer.gov/demographics/index.php?stateFIPS=19&areatype=county&topic=pov&demo=00008&race=00&sex=0&age=001&type=manyareacensus&sortVariableName=value&sortOrder=asc&output=1,19,pov,manyareacensus,20280.0,
Adair County,19001.0,9.5,,452 of 3141,1,county,8,demographics_029.csv,0,0,https://www.statecancerprofiles.cancer.gov/demographics/index.php?stateFIPS=19&areatype=county&topic=pov&demo=00008&race=00&sex=0&age=001&type=manyareacensus&sortVariableName=value&sortOrder=asc&output=1,19,pov,manyareacensus,661.0,
O'Brien County,19141.0,9.7,,483 of 3141,1,county,8,demographics_029.csv,0,0,https://www.statecancerprofiles.cancer.gov/demographics/index.php?stateFIPS=19&areatype=county&topic=pov&demo=00008&race=00&sex=0&age=001&type=manyareacensus&sortVariableName=value&sortOrder=asc&output=1,19,pov,manyareacensus,1328.0,
Iowa County,19095.0,9.8,,495 of 3141,1,state,8,demographics_029.csv,0,0,https://www.statecancerprofiles.cancer.gov/demographics/index.php?stateFIPS=19&areatype=county&topic=pov&demo=00008&race=00&sex=0&age=001&type=manyareacensus&sortVariableName=value&sortOrder=asc&output=1,19,pov,manyareacensus,1555.0,
Lucas County,19117.0,9.9,,514 of 3141,1,county,8,demographics_029.csv,0,0,https://www.statecancerprofiles.cancer.gov/demographics/index.php?stateFIPS=19&areatype=county&topic=pov&demo=00008&race=00&sex=0&age=001&type=manyareacensus&sortVariableName=value&sortOrder=asc&output=1,19,pov,manyareacensus,828.0,
Kossuth County,19109.0,10.0,,540 of 3141,1,county,8,demographics_029.csv,0,0,https://www.statecancerprofiles.cancer.gov/demographics/index.php?stateFIPS=19&areatype=county&topic=pov&demo=00008&race=00&sex=0&age=001&type=manyareacensus&sortVariableName=value&sortOrder=asc&output=1,19,pov,manyareacensus,1488.0,
Greene County,19073.0,10.0,,545 of 3141,1,county,8,demographics_029.csv,0,0,https://www.statecancerprofiles.cancer.gov/demographics/index.php?stateFIPS=19&areatype=county&topic=pov&demo=00008&race=00&sex=0&age=001&type=manyareacensus&sortVariableName=value&sortOrder=asc&output=1,19,pov,manyareacensus,892.0,
Guthrie County,19077.0,10.1,,549 of 3141,1,county,8,demographics_029.csv,0,0,https://www.statecancerprofiles.cancer.gov/demographics/index.php?stateFIPS=19&areatype=county&topic=pov&demo=00008&race=00&sex=0&age=001&type=manyareacensus&sortVariableName=value&sortOrder=asc&output=1,19,pov,manyareacensus,1063.0,
Worth County,19195.0,10.1,,550 of 3141,1,county,8,demographics_029.csv,0,0,https://www.statecancerprofiles.cancer.gov/demographics/index.php?stateFIPS=19&areatype=county&topic=pov&demo=00008&race=00&sex=0&age=001&type=manyareacensus&sortVariableName=value&sortOrder=asc&output=1,19,pov,manyareacensus,741.0,
Winnebago County,19189.0,10.1,,552 of 3141,1,county,8,demographics_029.csv,0,0,https://www.statecancerprofiles.cancer.gov/demographics/index.php?stateFIPS=19&areatype=county&topic=pov&demo=00008&race=00&sex=0&age=001&type=manyareacensus&sortVariableName=value&sortOrder=asc&output=1,19,pov,manyareacensus,998.0,
Carroll County,19027.0,10.3,,579 of 3141,1,county,8,demographics_029.csv,0,0,https://www.statecancerprofiles.cancer.gov/demographics/index.php?stateFIPS=19&areatype=county&topic=pov&demo=00008&race=00&sex=0&age=001&type=manyareacensus&sortVariableName=value&sortOrder=asc&output=1,19,pov,manyareacensus,2053.0,
Ida County,19093.0,10.3,,590 of 3141,1,county,8,demographics_029.csv,0,0,https://www.statecancerprofiles.cancer.gov/demographics/index.php?stateFIPS=19&areatype=county&topic=pov&demo=00008&race=00&sex=0&age=001&type=manyareacensus&sortVariableName=value&sortOrder=asc&output=1,19,pov,manyareacensus,701.0,
Clayton County,19043.0,10.4,,600 of 3141,1,county,8,demographics_029.csv,0,0,https://www.statecancerprofiles.cancer.gov/demographics/index.php?stateFIPS=19&areatype=county&topic=pov&demo=00008&race=00&sex=0&age=001&type=manyareacensus&sortVariableName=value&sortOrder=asc&output=1,19,pov,manyareacensus,1806.0,
Harrison County,19085.0,10.4,,614 of 3141,1,county,8,demographics_029.csv,0,0,https://www.statecancerprofiles.cancer.gov/demographics/index.php?stateFIPS=19&areatype=county&topic=pov&demo=00008&race=00&sex=0&age=001&type=manyareacensus&sortVariableName=value&sortOrder=asc&output=1,19,pov,manyareacensus,1452.0,
Muscatine County,19139.0,10.5,,629 of 3141,1,county,8,demographics_029.csv,0,0,https://www.statecancerprofiles.cancer.gov/demographics/index.php?stateFIPS=19&areatype=county&topic=pov&demo=00008&race=00&sex=0&age=001&type=manyareacensus&sortVariableName=value&sortOrder=asc&output=1,19,pov,manyareacensus,4442.0,
Poweshiek County,19157.0,10.7,,657 of 3141,1,county,8,demographics_029.csv,0,0,https://www.statecancerprofiles.cancer.gov/demographics/index.php?stateFIPS=19&areatype=county&topic=pov&demo=00008&race=00&sex=0&age=001&type=manyareacensus&sortVariableName=value&sortOrder=asc&output=1,19,pov,manyareacensus,1777.0,
Ringgold County,19159.0,10.9,,684 of 3141,1,county,8,demographics_029.csv,0,0,https://www.statecancerprofiles.cancer.gov/demographics/index.php?stateFIPS=19&areatype=county&topic=pov&demo=00008&race=00&sex=0&age=001&type=manyareacensus&sortVariableName=value&sortOrder=asc&output=1,19,pov,manyareacensus,518.0,
Monroe County,19135.0,10.9,,692 of 3141,1,county,8,demographics_029.csv,0,0,https://www.statecancerprofiles.cancer.gov/demographics/index.php?stateFIPS=19&areatype=county&topic=pov&demo=00008&race=00&sex=0&age=001&type=manyareacensus&sortVariableName=value&sortOrder=asc&output=1,19,pov,manyareacensus,846.0,
Taylor County,19173.0,11.0,,709 of 3141,1,county,8,demographics_029.csv,0,0,https://www.statecancerprofiles.cancer.gov/demographics/index.php?stateFIPS=19&areatype=county&topic=pov&demo=00008&race=00&sex=0&age=001&type=manyareacensus&sortVariableName=value&sortOrder=asc&output=1,19,pov,manyareacensus,668.0,
Fremont County,19071.0,11.0,,712 of 3141,1,county,8,demographics_029.csv,0,0,https://www.statecancerprofiles.cancer.gov/demographics/index.php?stateFIPS=19&areatype=county&topic=pov&demo=00008&race=00&sex=0&age=001&type=manyareacensus&sortVariableName=value&sortOrder=asc&output=1,19,pov,manyareacensus,748.0,
Louisa County,19115.0,11.0,,716 of 3141,1,county,8,demographics_029.csv,0,0,https://www.statecancerprofiles.cancer.gov/demographics/index.php?stateFIPS=19&areatype=county&topic=pov&demo=00008&race=00&sex=0&age=001&type=manyareacensus&sortVariableName=value&sortOrder=asc&output=1,19,pov,manyareacensus,1222.0,
Audubon County,19009.0,11.1,,738 of 3141,1,county,8,demographics_029.csv,0,0,https://www.statecancerprofiles.cancer.gov/demographics/index.php?stateFIPS=19&areatype=county&topic=pov&demo=00008&race=00&sex=0&age=001&type=manyareacensus&sortVariableName=value&sortOrder=asc&output=1,19,pov,manyareacensus,614.0,
Keokuk County,19107.0,11.2,,752 of 3141,1,county,8,demographics_029.csv,0,0,https://www.statecancerprofiles.cancer.gov/demographics/index.php?stateFIPS=19&areatype=county&topic=pov&demo=00008&race=00&sex=0&age=001&type=manyareacensus&sortVariableName=value&sortOrder=asc&output=1,19,pov,manyareacensus,1130.0,
Pottawattamie County,19155.0,11.2,,754 of 3141,1,county,8,demographics_029.csv,0,0,https://www.statecancerprofiles.cancer.gov/demographics/index.php?stateFIPS=19&areatype=county&topic=pov&demo=00008&race=00&sex=0&age=001&type=manyareacensus&sortVariableName=value&sortOrder=asc&output=1,19,pov,manyareacensus,10191.0,
Marshall County,19127.0,11.2,,755 of 3141,1,county,8,demographics_029.csv,0,0,https://www.statecancerprofiles.cancer.gov/demographics/index.php?stateFIPS=19&areatype=county&topic=pov&demo=00008&race=00&sex=0&age=001&type=manyareacensus&sortVariableName=value&sortOrder=asc&output=1,19,pov,manyareacensus,4422.0,
Adams County,19003.0,11.2,,760 of 3141,1,county,8,demographics_029.csv,0,0,https://www.statecancerprofiles.cancer.gov/demographics/index.php?stateFIPS=19&areatype=county&topic=pov&demo=00008&race=00&sex=0&age=001&type=manyareacensus&sortVariableName=value&sortOrder=asc&output=1,19,pov,manyareacensus,418.0,
Cerro Gordo County,19033.0,11.3,,783 of 3141,1,county,8,demographics_029.csv,0,0,https://www.statecancerprofiles.cancer.gov/demographics/index.php?stateFIPS=19&areatype=county&topic=pov&demo=00008&race=00&sex=0&age=001&type=manyareacensus&sortVariableName=value&sortOrder=asc&output=1,19,pov,manyareacensus,4773.0,
Osceola County,19143.0,11.4,,793 of 3141,1,county,8,demographics_029.csv,0,0,https://www.statecancerprofiles.cancer.gov/demographics/index.php?stateFIPS=19&areatype=county&topic=pov&demo=00008&race=00&sex=0&age=001&type=manyareacensus&sortVariableName=value&sortOrder=asc&output=1,19,pov,manyareacensus,689.0,
Allamakee County,19005.0,11.4,,794 of 3141,1,county,8,demographics_029.csv,0,0,https://www.statecancerprofiles.cancer.gov/demographics/index.php?stateFIPS=19&areatype=county&topic=pov&demo=00008&race=00&sex=0&age=001&type=manyareacensus&sortVariableName=value&sortOrder=asc&output=1,19,pov,manyareacensus,1550.0,
Howard County,19089.0,11.6,,839 of 3141,1,county,8,demographics_029.csv,0,0,https://www.statecancerprofiles.cancer.gov/demographics/index.php?stateFIPS=19&areatype=county&topic=pov&demo=00008&race=00&sex=0&age=001&type=manyareacensus&sortVariableName=value&sortOrder=asc&output=1,19,pov,manyareacensus,1051.0,
Polk County,19153.0,11.7,,861 of 3141,1,county,8,demographics_029.csv,0,0,https://www.statecancerprofiles.cancer.gov/demographics/index.php?stateFIPS=19&areatype=county&topic=pov&demo=00008&race=00&sex=0&age=001&type=manyareacensus&sortVariableName=value&sortOrder=asc&output=1,19,pov,manyareacensus,53570.0,
Tama County,19171.0,11.8,,873 of 3141,1,county,8,demographics_029.csv,0,0,https://www.statecancerprofiles.cancer.gov/demographics/index.php?stateFIPS=19&areatype=county&topic=pov&demo=00008&race=00&sex=0&age=001&type=manyareacensus&sortVariableName=value&sortOrder=asc&output=1,19,pov,manyareacensus,1968.0,
Clay County,19041.0,11.8,,876 of 3141,1,county,8,demographics_029.csv,0,0,https://www.statecancerprofiles.cancer.gov/demographics/index.php?stateFIPS=19&areatype=county&topic=pov&demo=00008&race=00&sex=0&age=001&type=manyareacensus&sortVariableName=value&sortOrder=asc&output=1,19,pov,manyareacensus,1879.0,
Cherokee County,19035.0,11.9,,901 of 3141,1,county,8,demographics_029.csv,0,0,https://www.statecancerprofiles.cancer.gov/demographics/index.php?stateFIPS=19&areatype=county&topic=pov&demo=00008&race=00&sex=0&age=001&type=manyareacensus&sortVariableName=value&sortOrder=asc&output=1,19,pov,manyareacensus,1307.0,
Dubuque County,19061.0,11.9,,908 of 3141,1,county,8,demographics_029.csv,0,0,https://www.statecancerprofiles.cancer.gov/demographics/index.php?stateFIPS=19&areatype=county&topic=pov&demo=00008&race=00&sex=0&age=001&type=manyareacensus&sortVariableName=value&sortOrder=asc&output=1,19,pov,manyareacensus,11051.0,
Jackson County,19097.0,12.0,,924 of 3141,1,county,8,demographics_029.csv,0,0,https://www.statecancerprofiles.cancer.gov/demographics/index.php?stateFIPS=19&areatype=county&topic=pov&demo=00008&race=00&sex=0&age=001&type=manyareacensus&sortVariableName=value&sortOrder=asc&output=1,19,pov,manyareacensus,2293.0,
Henry County,19087.0,12.2,,958 of 3141,1,county,8,demographics_029.csv,0,0,https://www.statecancerprofiles.cancer.gov/demographics/index.php?stateFIPS=19&areatype=county&topic=pov&demo=00008&race=00&sex=0&age=001&type=manyareacensus&sortVariableName=value&sortOrder=asc&output=1,19,pov,manyareacensus,2255.0,
Scott County,19163.0,12.3,,964 of 3141,1,county,8,demographics_029.csv,0,0,https://www.statecancerprofiles.cancer.gov/demographics/index.php?stateFIPS=19&areatype=county&topic=pov&demo=00008&race=00&sex=0&age=001&type=manyareacensus&sortVariableName=value&sortOrder=asc&output=1,19,pov,manyareacensus,20615.0,
Wright County,19197.0,12.6,,1020 of 3141,1,county,8,demographics_029.csv,0,0,https://www.statecancerprofiles.cancer.gov/demographics/index.php?stateFIPS=19&areatype=county&topic=pov&demo=00008&race=00&sex=0&age=001&type=manyareacensus&sortVariableName=value&sortOrder=asc&output=1,19,pov,manyareacensus,1585.0,
Fayette County,19065.0,12.8,,1054 of 3141,1,county,8,demographics_029.csv,0,0,https://www.statecancerprofiles.cancer.gov/demographics/index.php?stateFIPS=19&areatype=county&topic=pov&demo=00008&race=00&sex=0&age=001&type=manyareacensus&sortVariableName=value&sortOrder=asc&output=1,19,pov,manyareacensus,2472.0,
Humboldt County,19091.0,13.0,,1114 of 3141,1,county,8,demographics_029.csv,0,0,https://www.statecancerprofiles.cancer.gov/demographics/index.php?stateFIPS=19&areatype=county&topic=pov&demo=00008&race=00&sex=0&age=001&type=manyareacensus&sortVariableName=value&sortOrder=asc&output=1,19,pov,manyareacensus,1226.0,
Clinton County,19045.0,13.1,,1142 of 3141,1,county,8,demographics_029.csv,0,0,https://www.statecancerprofiles.cancer.gov/demographics/index.php?stateFIPS=19&areatype=county&topic=pov&demo=00008&race=00&sex=0&age=001&type=manyareacensus&sortVariableName=value&sortOrder=asc&output=1,19,pov,manyareacensus,6094.0,
Pocahontas County,19151.0,13.2,,1160 of 3141,1,county,8,demographics_029.csv,0,0,https://www.statecancerprofiles.cancer.gov/demographics/index.php?stateFIPS=19&areatype=county&topic=pov&demo=00008&race=00&sex=0&age=001&type=manyareacensus&sortVariableName=value&sortOrder=asc&output=1,19,pov,manyareacensus,898.0,
Page County,19145.0,13.6,,1259 of 3141,1,county,8,demographics_029.csv,0,0,https://www.statecancerprofiles.cancer.gov/demographics/index.php?stateFIPS=19&areatype=county&topic=pov&demo=00008&race=00&sex=0&age=001&type=manyareacensus&sortVariableName=value&sortOrder=asc&output=1,19,pov,manyareacensus,1963.0,
Davis County,19051.0,13.7,,1287 of 3141,1,county,8,demographics_029.csv,0,0,https://www.statecancerprofiles.cancer.gov/demographics/index.php?stateFIPS=19&areatype=county&topic=pov&demo=00008&race=00&sex=0&age=001&type=manyareacensus&sortVariableName=value&sortOrder=asc&output=1,19,pov,manyareacensus,1196.0,
Buena Vista County,19021.0,13.7,,1289 of 3141,1,county,8,demographics_029.csv,0,0,https://www.statecancerprofiles.cancer.gov/demographics/index.php?stateFIPS=19&areatype=county&topic=pov&demo=00008&race=00&sex=0&age=001&type=manyareacensus&sortVariableName=value&sortOrder=asc&output=1,19,pov,manyareacensus,2654.0,
Union County,19175.0,13.8,,1300 of 3141,1,county,8,demographics_029.csv,0,0,https://www.statecancerprofiles.cancer.gov/demographics/index.php?stateFIPS=19&areatype=county&topic=pov&demo=00008&race=00&sex=0&age=001&type=manyareacensus&sortVariableName=value&sortOrder=asc&output=1,19,pov,manyareacensus,1682.0,
Emmet County,19063.0,13.8,,1307 of 3141,1,county,8,demographics_029.csv,0,0,https://www.statecancerprofiles.cancer.gov/demographics/index.php?stateFIPS=19&areatype=county&topic=pov&demo=00008&race=00&sex=0&age=001&type=manyareacensus&sortVariableName=value&sortOrder=asc&output=1,19,pov,manyareacensus,1212.0,
Van Buren County,19177.0,14.0,,1346 of 3141,1,county,8,demographics_029.csv,0,0,https://www.statecancerprofiles.cancer.gov/demographics/index.php?stateFIPS=19&areatype=county&topic=pov&demo=00008&race=00&sex=0&age=001&type=manyareacensus&sortVariableName=value&sortOrder=asc&output=1,19,pov,manyareacensus,1014.0,
Woodbury County,19193.0,14.0,,1350 of 3141,1,county,8,demographics_029.csv,0,0,https://www.statecancerprofiles.cancer.gov/demographics/index.php?stateFIPS=19&areatype=county&topic=pov&demo=00008&race=00&sex=0&age=001&type=manyareacensus&sortVariableName=value&sortOrder=asc&output=1,19,pov,manyareacensus,13969.0,
Mahaska County,19123.0,14.4,,1420 of 3141,1,county,8,demographics_029.csv,0,0,https://www.statecancerprofiles.cancer.gov/demographics/index.php?stateFIPS=19&areatype=county&topic=pov&demo=00008&race=00&sex=0&age=001&type=manyareacensus&sortVariableName=value&sortOrder=asc&output=1,19,pov,manyareacensus,3116.0,
Monona County,19133.0,14.9,,1508 of 3141,1,county,8,demographics_029.csv,0,0,https://www.statecancerprofiles.cancer.gov/demographics/index.php?stateFIPS=19&areatype=county&topic=pov&demo=00008&race=00&sex=0&age=001&type=manyareacensus&sortVariableName=value&sortOrder=asc&output=1,19,pov,manyareacensus,1284.0,
Cass County,19029.0,15.1,,1550 of 3141,1,county,8,demographics_029.csv,0,0,https://www.statecancerprofiles.cancer.gov/demographics/index.php?stateFIPS=19&areatype=county&topic=pov&demo=00008&race=00&sex=0&age=001&type=manyareacensus&sortVariableName=value&sortOrder=asc&output=1,19,pov,manyareacensus,1970.0,
Jefferson County,19101.0,15.2,,1570 of 3141,1,county,8,demographics_029.csv,0,0,https://www.statecancerprofiles.cancer.gov/demographics/index.php?stateFIPS=19&areatype=county&topic=pov&demo=00008&race=00&sex=0&age=001&type=manyareacensus&sortVariableName=value&sortOrder=asc&output=1,19,pov,manyareacensus,2510.0,
Calhoun County,19025.0,15.3,,1596 of 3141,1,county,8,demographics_029.csv,0,0,https://www.statecancerprofiles.cancer.gov/demographics/index.php?stateFIPS=19&areatype=county&topic=pov&demo=00008&race=00&sex=0&age=001&type=manyareacensus&sortVariableName=value&sortOrder=asc&output=1,19,pov,manyareacensus,1381.0,
Des Moines County,19057.0,15.3,,1597 of 3141,1,county,8,demographics_029.csv,0,0,https://www.statecancerprofiles.cancer.gov/demographics/index.php?stateFIPS=19&areatype=county&topic=pov&demo=00008&race=00&sex=0&age=001&type=manyareacensus&sortVariableName=value&sortOrder=asc&output=1,19,pov,manyareacensus,5985.0,
Clarke County,19039.0,15.4,,1610 of 3141,1,county,8,demographics_029.csv,0,0,https://www.statecancerprofiles.cancer.gov/demographics/index.php?stateFIPS=19&areatype=county&topic=pov&demo=00008&race=00&sex=0&age=001&type=manyareacensus&sortVariableName=value&sortOrder=asc&output=1,19,pov,manyareacensus,1394.0,
Floyd County,19067.0,15.6,,1645 of 3141,1,county,8,demographics_029.csv,0,0,https://www.statecancerprofiles.cancer.gov/demographics/index.php?stateFIPS=19&areatype=county&topic=pov&demo=00008&race=00&sex=0&age=001&type=manyareacensus&sortVariableName=value&sortOrder=asc&output=1,19,pov,manyareacensus,2438.0,
Franklin County,19069.0,15.6,,1648 of 3141,1,county,8,demographics_029.csv,0,0,https://www.statecancerprofiles.cancer.gov/demographics/index.php?stateFIPS=19&areatype=county&topic=pov&demo=00008&race=00&sex=0&age=001&type=manyareacensus&sortVariableName=value&sortOrder=asc&output=1,19,pov,manyareacensus,1586.0,
Wayne County,19185.0,15.9,,1718 of 3141,1,county,8,demographics_029.csv,0,0,https://www.statecancerprofiles.cancer.gov/demographics/index.php?stateFIPS=19&areatype=county&topic=pov&demo=00008&race=00&sex=0&age=001&type=manyareacensus&sortVariableName=value&sortOrder=asc&output=1,19,pov,manyareacensus,1001.0,
Black Hawk County,19013.0,15.9,,1722 of 3141,1,county,8,demographics_029.csv,0,0,https://www.statecancerprofiles.cancer.gov/demographics/index.php?stateFIPS=19&areatype=county&topic=pov&demo=00008&race=00&sex=0&age=001&type=manyareacensus&sortVariableName=value&sortOrder=asc&output=1,19,pov,manyareacensus,20292.0,
Webster County,19187.0,16.2,,1775 of 3141,1,county,8,demographics_029.csv,0,0,https://www.statecancerprofiles.cancer.gov/demographics/index.php?stateFIPS=19&areatype=county&topic=pov&demo=00008&race=00&sex=0&age=001&type=manyareacensus&sortVariableName=value&sortOrder=asc&output=1,19,pov,manyareacensus,5539.0,
Lee County,19111.0,16.3,,1789 of 3141,1,county,8,demographics_029.csv,0,0,https://www.statecancerprofiles.cancer.gov/demographics/index.php?stateFIPS=19&areatype=county&topic=pov&demo=00008&race=00&sex=0&age=001&type=manyareacensus&sortVariableName=value&sortOrder=asc&output=1,19,pov,manyareacensus,5504.0,
Montgomery County,19137.0,16.5,,1827 of 3141,1,county,8,demographics_029.csv,0,0,https://www.statecancerprofiles.cancer.gov/demographics/index.php?stateFIPS=19&areatype=county&topic=pov&demo=00008&race=00&sex=0&age=001&type=manyareacensus&sortVariableName=value&sortOrder=asc&output=1,19,pov,manyareacensus,1653.0,
Wapello County,19179.0,17.0,,1942 of 3141,1,county,8,demographics_029.csv,0,0,https://www.statecancerprofiles.cancer.gov/demographics/index.php?stateFIPS=19&areatype=county&topic=pov&demo=00008&race=00&sex=0&age=001&type=manyareacensus&sortVariableName=value&sortOrder=asc&output=1,19,pov,manyareacensus,5862.0,
Appanoose County,19007.0,17.1,,1959 of 3141,1,county,8,demographics_029.csv,0,0,https://www.statecancerprofiles.cancer.gov/demographics/index.php?stateFIPS=19&areatype=county&topic=pov&demo=00008&race=00&sex=0&age=001&type=manyareacensus&sortVariableName=value&sortOrder=asc&output=1,19,pov,manyareacensus,2108.0,
Johnson County,19103.0,17.7,,2073 of 3141,1,county,8,demographics_029.csv,0,0,https://www.statecancerprofiles.cancer.gov/demographics/index.php?stateFIPS=19&areatype=county&topic=pov&demo=00008&race=00&sex=0&age=001&type=manyareacensus&sortVariableName=value&sortOrder=asc&output=1,19,pov,manyareacensus,24026.0,
Crawford County,19047.0,18.5,,2234 of 3141,1,county,8,demographics_029.csv,0,0,https://www.statecancerprofiles.cancer.gov/demographics/index.php?stateFIPS=19&areatype=county&topic=pov&demo=00008&race=00&sex=0&age=001&type=manyareacensus&sortVariableName=value&sortOrder=asc&output=1,19,pov,manyareacensus,3136.0,
Decatur County,19053.0,19.1,,2311 of 3141,1,county,8,demographics_029.csv,0,0,https://www.statecancerprofiles.cancer.gov/demographics/index.php?stateFIPS=19&areatype=county&topic=pov&demo=00008&race=00&sex=0&age=001&type=manyareacensus&sortVariableName=value&sortOrder=asc&output=1,19,pov,manyareacensus,1403.0,
Story County,19169.0,22.0,,2649 of 3141,1,county,8,demographics_029.csv,0,0,https://www.statecancerprofiles.cancer.gov/demographics/index.php?stateFIPS=19&areatype=county&topic=pov&demo=00008&race=00&sex=0&age=001&type=manyareacensus&sortVariableName=value&sortOrder=asc&output=1,19,pov,manyareacensus,18822.0,
Iowa,19000.0,20.4,,18 of 52,1,state,9,demographics_030.csv,0,0,https://www.statecancerprofiles.cancer.gov/demographics/index.php?stateFIPS=19&areatype=county&topic=pov&demo=00009&race=00&sex=0&age=001&type=manyareacensus&sortVariableName=value&sortOrder=asc&output=1,19,pov,manyareacensus,,614110.0
United States,0.0,23.7,,,1,country,9,demographics_030.csv,0,0,https://www.statecancerprofiles.cancer.gov/demographics/index.php?stateFIPS=19&areatype=county&topic=pov&demo=00009&race=00&sex=0&age=001&type=manyareacensus&sortVariableName=value&sortOrder=asc&output=1,19,pov,manyareacensus,,74202606.0
Dallas County,19049.0,9.8,,40 of 3141,1,county,9,demographics_030.csv,0,0,https://www.statecancerprofiles.cancer.gov/demographics/index.php?stateFIPS=19&areatype=county&topic=pov&demo=00009&race=00&sex=0&age=001&type=manyareacensus&sortVariableName=value&sortOrder=asc&output=1,19,pov,manyareacensus,,7855.0
Grundy County,19075.0,11.8,,86 of 3141,1,county,9,demographics_030.csv,0,0,https://www.statecancerprofiles.cancer.gov/demographics/index.php?stateFIPS=19&areatype=county&topic=pov&demo=00009&race=00&sex=0&age=001&type=manyareacensus&sortVariableName=value&sortOrder=asc&output=1,19,pov,manyareacensus,,1427.0
Warren County,19181.0,12.0,,95 of 3141,1,county,9,demographics_030.csv,0,0,https://www.statecancerprofiles.cancer.gov/demographics/index.php?stateFIPS=19&areatype=county&topic=pov&demo=00009&race=00&sex=0&age=001&type=manyareacensus&sortVariableName=value&sortOrder=asc&output=1,19,pov,manyareacensus,,5621.0
Cedar County,19031.0,12.5,,121 of 3141,1,county,9,demographics_030.csv,0,0,https://www.statecancerprofiles.cancer.gov/demographics/index.php?stateFIPS=19&areatype=county&topic=pov&demo=00009&race=00&sex=0&age=001&type=manyareacensus&sortVariableName=value&sortOrder=asc&output=1,19,pov,manyareacensus,,2263.0
Lyon County,19119.0,12.5,,123 of 3141,1,county,9,demographics_030.csv,0,0,https://www.statecancerprofiles.cancer.gov/demographics/index.php?stateFIPS=19&areatype=county&topic=pov&demo=00009&race=00&sex=0&age=001&type=manyareacensus&sortVariableName=value&sortOrder=asc&output=1,19,pov,manyareacensus,,1449.0
Madison County,19121.0,13.8,,170 of 3141,1,county,9,demographics_030.csv,0,0,https://www.statecancerprofiles.cancer.gov/demographics/index.php?stateFIPS=19&areatype=county&topic=pov&demo=00009&race=00&sex=0&age=001&type=manyareacensus&sortVariableName=value&sortOrder=asc&output=1,19,pov,manyareacensus,,2140.0
Bremer County,19017.0,13.9,,177 of 3141,1,county,9,demographics_030.csv,0,0,https://www.statecancerprofiles.cancer.gov/demographics/index.php?stateFIPS=19&areatype=county&topic=pov&demo=00009&race=00&sex=0&age=001&type=manyareacensus&sortVariableName=value&sortOrder=asc&output=1,19,pov,manyareacensus,,3218.0
Winneshiek County,19191.0,14.2,,192 of 3141,1,county,9,demographics_030.csv,0,0,https://www.statecancerprofiles.cancer.gov/demographics/index.php?stateFIPS=19&areatype=county&topic=pov&demo=00009&race=00&sex=0&age=001&type=manyareacensus&sortVariableName=value&sortOrder=asc&output=1,19,pov,manyareacensus,,2589.0
Buchanan County,19019.0,14.9,,232 of 3141,1,county,9,demographics_030.csv,0,0,https://www.statecancerprofiles.cancer.gov/demographics/index.php?stateFIPS=19&areatype=county&topic=pov&demo=00009&race=00&sex=0&age=001&type=manyareacensus&sortVariableName=value&sortOrder=asc&output=1,19,pov,manyareacensus,,3092.0
Mills County,19129.0,15.0,,242 of 3141,1,county,9,demographics_030.csv,0,0,https://www.statecancerprofiles.cancer.gov/demographics/index.php?stateFIPS=19&areatype=county&topic=pov&demo=00009&race=00&sex=0&age=001&type=manyareacensus&sortVariableName=value&sortOrder=asc&output=1,19,pov,manyareacensus,,2211.0
Benton County,19011.0,15.2,,251 of 3141,1,county,9,demographics_030.csv,0,0,https://www.statecancerprofiles.cancer.gov/demographics/index.php?stateFIPS=19&areatype=county&topic=pov&demo=00009&race=00&sex=0&age=001&type=manyareacensus&sortVariableName=value&sortOrder=asc&output=1,19,pov,manyareacensus,,3841.0
Sioux County,19167.0,15.3,,254 of 3141,1,county,9,demographics_030.csv,0,0,https://www.statecancerprofiles.cancer.gov/demographics/index.php?stateFIPS=19&areatype=county&topic=pov&demo=00009&race=00&sex=0&age=001&type=manyareacensus&sortVariableName=value&sortOrder=asc&output=1,19,pov,manyareacensus,,4932.0
Butler County,19023.0,16.0,,301 of 3141,1,county,9,demographics_030.csv,0,0,https://www.statecancerprofiles.cancer.gov/demographics/index.php?stateFIPS=19&areatype=county&topic=pov&demo=00009&race=00&sex=0&age=001&type=manyareacensus&sortVariableName=value&sortOrder=asc&output=1,19,pov,manyareacensus,,2330.0
Plymouth County,19149.0,16.2,,315 of 3141,1,county,9,demographics_030.csv,0,0,https://www.statecancerprofiles.cancer.gov/demographics/index.php?stateFIPS=19&areatype=county&topic=pov&demo=00009&race=00&sex=0&age=001&type=manyareacensus&sortVariableName=value&sortOrder=asc&output=1,19,pov,manyareacensus,,3990.0
Hamilton County,19079.0,16.5,,345 of 3141,1,county,9,demographics_030.csv,0,0,https://www.statecancerprofiles.cancer.gov/demographics/index.php?stateFIPS=19&areatype=county&topic=pov&demo=00009&race=00&sex=0&age=001&type=manyareacensus&sortVariableName=value&sortOrder=asc&output=1,19,pov,manyareacensus,,2476.0
Palo Alto County,19147.0,16.7,,357 of 3141,1,county,9,demographics_030.csv,0,0,https://www.statecancerprofiles.cancer.gov/demographics/index.php?stateFIPS=19&areatype=county&topic=pov&demo=00009&race=00&sex=0&age=001&type=manyareacensus&sortVariableName=value&sortOrder=asc&output=1,19,pov,manyareacensus,,1460.0
Carroll County,19027.0,16.9,,375 of 3141,1,county,9,demographics_030.csv,0,0,https://www.statecancerprofiles.cancer.gov/demographics/index.php?stateFIPS=19&areatype=county&topic=pov&demo=00009&race=00&sex=0&age=001&type=manyareacensus&sortVariableName=value&sortOrder=asc&output=1,19,pov,manyareacensus,,3379.0
Worth County,19195.0,17.1,,401 of 3141,1,county,9,demographics_030.csv,0,0,https://www.statecancerprofiles.cancer.gov/demographics/index.php?stateFIPS=19&areatype=county&topic=pov&demo=00009&race=00&sex=0&age=001&type=manyareacensus&sortVariableName=value&sortOrder=asc&output=1,19,pov,manyareacensus,,1256.0
Linn County,19113.0,17.1,,402 of 3141,1,county,9,demographics_030.csv,0,0,https://www.statecancerprofiles.cancer.gov/demographics/index.php?stateFIPS=19&areatype=county&topic=pov&demo=00009&race=00&sex=0&age=001&type=manyareacensus&sortVariableName=value&sortOrder=asc&output=1,19,pov,manyareacensus,,36735.0
Marion County,19125.0,17.4,,435 of 3141,1,county,9,demographics_030.csv,0,0,https://www.statecancerprofiles.cancer.gov/demographics/index.php?stateFIPS=19&areatype=county&topic=pov&demo=00009&race=00&sex=0&age=001&type=manyareacensus&sortVariableName=value&sortOrder=asc&output=1,19,pov,manyareacensus,,5487.0
Dickinson County,19059.0,17.5,,436 of 3141,1,county,9,demographics_030.csv,0,0,https://www.statecancerprofiles.cancer.gov/demographics/index.php?stateFIPS=19&areatype=county&topic=pov&demo=00009&race=00&sex=0&age=001&type=manyareacensus&sortVariableName=value&sortOrder=asc&output=1,19,pov,manyareacensus,,2917.0
Ida County,19093.0,17.5,,440 of 3141,1,county,9,demographics_030.csv,0,0,https://www.statecancerprofiles.cancer.gov/demographics/index.php?stateFIPS=19&areatype=county&topic=pov&demo=00009&race=00&sex=0&age=001&type=manyareacensus&sortVariableName=value&sortOrder=asc&output=1,19,pov,manyareacensus,,1191.0
Sac County,19161.0,17.5,,445 of 3141,1,county,9,demographics_030.csv,0,0,https://www.statecancerprofiles.cancer.gov/demographics/index.php?stateFIPS=19&areatype=county&topic=pov&demo=00009&race=00&sex=0&age=001&type=manyareacensus&sortVariableName=value&sortOrder=asc&output=1,19,pov,manyareacensus,,1702.0
Iowa County,19095.0,17.5,,449 of 3141,1,state,9,demographics_030.csv,0,0,https://www.statecancerprofiles.cancer.gov/demographics/index.php?stateFIPS=19&areatype=county&topic=pov&demo=00009&race=00&sex=0&age=001&type=manyareacensus&sortVariableName=value&sortOrder=asc&output=1,19,pov,manyareacensus,,2784.0
Hancock County,19081.0,17.8,,463 of 3141,1,county,9,demographics_030.csv,0,0,https://www.statecancerprofiles.cancer.gov/demographics/index.php?stateFIPS=19&areatype=county&topic=pov&demo=00009&race=00&sex=0&age=001&type=manyareacensus&sortVariableName=value&sortOrder=asc&output=1,19,pov,manyareacensus,,1912.0
Jasper County,19099.0,17.8,,469 of 3141,1,county,9,demographics_030.csv,0,0,https://www.statecancerprofiles.cancer.gov/demographics/index.php?stateFIPS=19&areatype=county&topic=pov&demo=00009&race=00&sex=0&age=001&type=manyareacensus&sortVariableName=value&sortOrder=asc&output=1,19,pov,manyareacensus,,6223.0
Hardin County,19083.0,17.8,,471 of 3141,1,county,9,demographics_030.csv,0,0,https://www.statecancerprofiles.cancer.gov/demographics/index.php?stateFIPS=19&areatype=county&topic=pov&demo=00009&race=00&sex=0&age=001&type=manyareacensus&sortVariableName=value&sortOrder=asc&output=1,19,pov,manyareacensus,,2912.0
Dubuque County,19061.0,18.0,,494 of 3141,1,county,9,demographics_030.csv,0,0,https://www.statecancerprofiles.cancer.gov/demographics/index.php?stateFIPS=19&areatype=county&topic=pov&demo=00009&race=00&sex=0&age=001&type=manyareacensus&sortVariableName=value&sortOrder=asc&output=1,19,pov,manyareacensus,,16726.0
Lucas County,19117.0,18.0,,495 of 3141,1,county,9,demographics_030.csv,0,0,https://www.statecancerprofiles.cancer.gov/demographics/index.php?stateFIPS=19&areatype=county&topic=pov&demo=00009&race=00&sex=0&age=001&type=manyareacensus&sortVariableName=value&sortOrder=asc&output=1,19,pov,manyareacensus,,1512.0
Muscatine County,19139.0,18.2,,510 of 3141,1,county,9,demographics_030.csv,0,0,https://www.statecancerprofiles.cancer.gov/demographics/index.php?stateFIPS=19&areatype=county&topic=pov&demo=00009&race=00&sex=0&age=001&type=manyareacensus&sortVariableName=value&sortOrder=asc&output=1,19,pov,manyareacensus,,7676.0
Kossuth County,19109.0,18.3,,514 of 3141,1,county,9,demographics_030.csv,0,0,https://www.statecancerprofiles.cancer.gov/demographics/index.php?stateFIPS=19&areatype=county&topic=pov&demo=00009&race=00&sex=0&age=001&type=manyareacensus&sortVariableName=value&sortOrder=asc&output=1,19,pov,manyareacensus,,2722.0
Guthrie County,19077.0,18.5,,534 of 3141,1,county,9,demographics_030.csv,0,0,https://www.statecancerprofiles.cancer.gov/demographics/index.php?stateFIPS=19&areatype=county&topic=pov&demo=00009&race=00&sex=0&age=001&type=manyareacensus&sortVariableName=value&sortOrder=asc&output=1,19,pov,manyareacensus,,1945.0
O'Brien County,19141.0,18.5,,545 of 3141,1,county,9,demographics_030.csv,0,0,https://www.statecancerprofiles.cancer.gov/demographics/index.php?stateFIPS=19&areatype=county&topic=pov&demo=00009&race=00&sex=0&age=001&type=manyareacensus&sortVariableName=value&sortOrder=asc&output=1,19,pov,manyareacensus,,2525.0
Shelby County,19165.0,18.5,,552 of 3141,1,county,9,demographics_030.csv,0,0,https://www.statecancerprofiles.cancer.gov/demographics/index.php?stateFIPS=19&areatype=county&topic=pov&demo=00009&race=00&sex=0&age=001&type=manyareacensus&sortVariableName=value&sortOrder=asc&output=1,19,pov,manyareacensus,,2139.0
Adams County,19003.0,18.6,,563 of 3141,1,county,9,demographics_030.csv,0,0,https://www.statecancerprofiles.cancer.gov/demographics/index.php?stateFIPS=19&areatype=county&topic=pov&demo=00009&race=00&sex=0&age=001&type=manyareacensus&sortVariableName=value&sortOrder=asc&output=1,19,pov,manyareacensus,,692.0
Jones County,19105.0,18.8,,593 of 3141,1,county,9,demographics_030.csv,0,0,https://www.statecancerprofiles.cancer.gov/demographics/index.php?stateFIPS=19&areatype=county&topic=pov&demo=00009&race=00&sex=0&age=001&type=manyareacensus&sortVariableName=value&sortOrder=asc&output=1,19,pov,manyareacensus,,3624.0
Pottawattamie County,19155.0,19.0,,607 of 3141,1,county,9,demographics_030.csv,0,0,https://www.statecancerprofiles.cancer.gov/demographics/index.php?stateFIPS=19&areatype=county&topic=pov&demo=00009&race=00&sex=0&age=001&type=manyareacensus&sortVariableName=value&sortOrder=asc&output=1,19,pov,manyareacensus,,17205.0
Washington County,19183.0,19.0,,610 of 3141,1,county,9,demographics_030.csv,0,0,https://www.statecancerprofiles.cancer.gov/demographics/index.php?stateFIPS=19&areatype=county&topic=pov&demo=00009&race=00&sex=0&age=001&type=manyareacensus&sortVariableName=value&sortOrder=asc&output=1,19,pov,manyareacensus,,4127.0
Harrison County,19085.0,19.1,,623 of 3141,1,county,9,demographics_030.csv,0,0,https://www.statecancerprofiles.cancer.gov/demographics/index.php?stateFIPS=19&areatype=county&topic=pov&demo=00009&race=00&sex=0&age=001&type=manyareacensus&sortVariableName=value&sortOrder=asc&output=1,19,pov,manyareacensus,,2660.0
Mitchell County,19131.0,19.2,,630 of 3141,1,county,9,demographics_030.csv,0,0,https://www.statecancerprofiles.cancer.gov/demographics/index.php?stateFIPS=19&areatype=county&topic=pov&demo=00009&race=00&sex=0&age=001&type=manyareacensus&sortVariableName=value&sortOrder=asc&output=1,19,pov,manyareacensus,,2005.0
Polk County,19153.0,19.3,,642 of 3141,1,county,9,demographics_030.csv,0,0,https://www.statecancerprofiles.cancer.gov/demographics/index.php?stateFIPS=19&areatype=county&topic=pov&demo=00009&race=00&sex=0&age=001&type=manyareacensus&sortVariableName=value&sortOrder=asc&output=1,19,pov,manyareacensus,,88506.0
Cerro Gordo County,19033.0,19.5,,669 of 3141,1,county,9,demographics_030.csv,0,0,https://www.statecancerprofiles.cancer.gov/demographics/index.php?stateFIPS=19&areatype=county&topic=pov&demo=00009&race=00&sex=0&age=001&type=manyareacensus&sortVariableName=value&sortOrder=asc&output=1,19,pov,manyareacensus,,8200.0
Scott County,19163.0,19.5,,682 of 3141,1,county,9,demographics_030.csv,0,0,https://www.statecancerprofiles.cancer.gov/demographics/index.php?stateFIPS=19&areatype=county&topic=pov&demo=00009&race=00&sex=0&age=001&type=manyareacensus&sortVariableName=value&sortOrder=asc&output=1,19,pov,manyareacensus,,32862.0
Boone County,19015.0,19.6,,683 of 3141,1,county,9,demographics_030.csv,0,0,https://www.statecancerprofiles.cancer.gov/demographics/index.php?stateFIPS=19&areatype=county&topic=pov&demo=00009&race=00&sex=0&age=001&type=manyareacensus&sortVariableName=value&sortOrder=asc&output=1,19,pov,manyareacensus,,5051.0
Osceola County,19143.0,19.7,,697 of 3141,1,county,9,demographics_030.csv,0,0,https://www.statecancerprofiles.cancer.gov/demographics/index.php?stateFIPS=19&areatype=county&topic=pov&demo=00009&race=00&sex=0&age=001&type=manyareacensus&sortVariableName=value&sortOrder=asc&output=1,19,pov,manyareacensus,,1190.0
Delaware County,19055.0,19.7,,700 of 3141,1,county,9,demographics_030.csv,0,0,https://www.statecancerprofiles.cancer.gov/demographics/index.php?stateFIPS=19&areatype=county&topic=pov&demo=00009&race=00&sex=0&age=001&type=manyareacensus&sortVariableName=value&sortOrder=asc&output=1,19,pov,manyareacensus,,3357.0
Adair County,19001.0,19.8,,716 of 3141,1,county,9,demographics_030.csv,0,0,https://www.statecancerprofiles.cancer.gov/demographics/index.php?stateFIPS=19&areatype=county&topic=pov&demo=00009&race=00&sex=0&age=001&type=manyareacensus&sortVariableName=value&sortOrder=asc&output=1,19,pov,manyareacensus,,1377.0
Tama County,19171.0,19.8,,718 of 3141,1,county,9,demographics_030.csv,0,0,https://www.statecancerprofiles.cancer.gov/demographics/index.php?stateFIPS=19&areatype=county&topic=pov&demo=00009&race=00&sex=0&age=001&type=manyareacensus&sortVariableName=value&sortOrder=asc&output=1,19,pov,manyareacensus,,3318.0
Greene County,19073.0,19.9,,727 of 3141,1,county,9,demographics_030.csv,0,0,https://www.statecancerprofiles.cancer.gov/demographics/index.php?stateFIPS=19&areatype=county&topic=pov&demo=00009&race=00&sex=0&age=001&type=manyareacensus&sortVariableName=value&sortOrder=asc&output=1,19,pov,manyareacensus,,1769.0
Audubon County,19009.0,19.9,,729 of 3141,1,county,9,demographics_030.csv,0,0,https://www.statecancerprofiles.cancer.gov/demographics/index.php?stateFIPS=19&areatype=county&topic=pov&demo=00009&race=00&sex=0&age=001&type=manyareacensus&sortVariableName=value&sortOrder=asc&output=1,19,pov,manyareacensus,,1098.0
Winnebago County,19189.0,19.9,,734 of 3141,1,county,9,demographics_030.csv,0,0,https://www.statecancerprofiles.cancer.gov/demographics/index.php?stateFIPS=19&areatype=county&topic=pov&demo=00009&race=00&sex=0&age=001&type=manyareacensus&sortVariableName=value&sortOrder=asc&output=1,19,pov,manyareacensus,,1969.0
Chickasaw County,19037.0,20.0,,744 of 3141,1,county,9,demographics_030.csv,0,0,https://www.statecancerprofiles.cancer.gov/demographics/index.php?stateFIPS=19&areatype=county&topic=pov&demo=00009&race=00&sex=0&age=001&type=manyareacensus&sortVariableName=value&sortOrder=asc&output=1,19,pov,manyareacensus,,2394.0
Howard County,19089.0,20.0,,747 of 3141,1,county,9,demographics_030.csv,0,0,https://www.statecancerprofiles.cancer.gov/demographics/index.php?stateFIPS=19&areatype=county&topic=pov&demo=00009&race=00&sex=0&age=001&type=manyareacensus&sortVariableName=value&sortOrder=asc&output=1,19,pov,manyareacensus,,1815.0
Fremont County,19071.0,20.1,,766 of 3141,1,county,9,demographics_030.csv,0,0,https://www.statecancerprofiles.cancer.gov/demographics/index.php?stateFIPS=19&areatype=county&topic=pov&demo=00009&race=00&sex=0&age=001&type=manyareacensus&sortVariableName=value&sortOrder=asc&output=1,19,pov,manyareacensus,,1369.0
Jackson County,19097.0,20.4,,799 of 3141,1,county,9,demographics_030.csv,0,0,https://www.statecancerprofiles.cancer.gov/demographics/index.php?stateFIPS=19&areatype=county&topic=pov&demo=00009&race=00&sex=0&age=001&type=manyareacensus&sortVariableName=value&sortOrder=asc&output=1,19,pov,manyareacensus,,3896.0
Clay County,19041.0,20.5,,812 of 3141,1,county,9,demographics_030.csv,0,0,https://www.statecancerprofiles.cancer.gov/demographics/index.php?stateFIPS=19&areatype=county&topic=pov&demo=00009&race=00&sex=0&age=001&type=manyareacensus&sortVariableName=value&sortOrder=asc&output=1,19,pov,manyareacensus,,3274.0
Henry County,19087.0,20.7,,838 of 3141,1,county,9,demographics_030.csv,0,0,https://www.statecancerprofiles.cancer.gov/demographics/index.php?stateFIPS=19&areatype=county&topic=pov&demo=00009&race=00&sex=0&age=001&type=manyareacensus&sortVariableName=value&sortOrder=asc&output=1,19,pov,manyareacensus,,3810.0
Poweshiek County,19157.0,20.7,,842 of 3141,1,county,9,demographics_030.csv,0,0,https://www.statecancerprofiles.cancer.gov/demographics/index.php?stateFIPS=19&areatype=county&topic=pov&demo=00009&race=00&sex=0&age=001&type=manyareacensus&sortVariableName=value&sortOrder=asc&output=1,19,pov,manyareacensus,,3452.0
Louisa County,19115.0,21.0,,873 of 3141,1,county,9,demographics_030.csv,0,0,https://www.statecancerprofiles.cancer.gov/demographics/index.php?stateFIPS=19&areatype=county&topic=pov&demo=00009&race=00&sex=0&age=001&type=manyareacensus&sortVariableName=value&sortOrder=asc&output=1,19,pov,manyareacensus,,2325.0
Keokuk County,19107.0,21.0,,883 of 3141,1,county,9,demographics_030.csv,0,0,https://www.statecancerprofiles.cancer.gov/demographics/index.php?stateFIPS=19&areatype=county&topic=pov&demo=00009&race=00&sex=0&age=001&type=manyareacensus&sortVariableName=value&sortOrder=asc&output=1,19,pov,manyareacensus,,2116.0
Marshall County,19127.0,21.4,,938 of 3141,1,county,9,demographics_030.csv,0,0,https://www.statecancerprofiles.cancer.gov/demographics/index.php?stateFIPS=19&areatype=county&topic=pov&demo=00009&race=00&sex=0&age=001&type=manyareacensus&sortVariableName=value&sortOrder=asc&output=1,19,pov,manyareacensus,,8414.0
Fayette County,19065.0,21.5,,951 of 3141,1,county,9,demographics_030.csv,0,0,https://www.statecancerprofiles.cancer.gov/demographics/index.php?stateFIPS=19&areatype=county&topic=pov&demo=00009&race=00&sex=0&age=001&type=manyareacensus&sortVariableName=value&sortOrder=asc&output=1,19,pov,manyareacensus,,4164.0
Clayton County,19043.0,21.7,,978 of 3141,1,county,9,demographics_030.csv,0,0,https://www.statecancerprofiles.cancer.gov/demographics/index.php?stateFIPS=19&areatype=county&topic=pov&demo=00009&race=00&sex=0&age=001&type=manyareacensus&sortVariableName=value&sortOrder=asc&output=1,19,pov,manyareacensus,,3786.0
Allamakee County,19005.0,22.0,,1009 of 3141,1,county,9,demographics_030.csv,0,0,https://www.statecancerprofiles.cancer.gov/demographics/index.php?stateFIPS=19&areatype=county&topic=pov&demo=00009&race=00&sex=0&age=001&type=manyareacensus&sortVariableName=value&sortOrder=asc&output=1,19,pov,manyareacensus,,2985.0
Van Buren County,19177.0,22.3,,1048 of 3141,1,county,9,demographics_030.csv,0,0,https://www.statecancerprofiles.cancer.gov/demographics/index.php?stateFIPS=19&areatype=county&topic=pov&demo=00009&race=00&sex=0&age=001&type=manyareacensus&sortVariableName=value&sortOrder=asc&output=1,19,pov,manyareacensus,,1613.0
Ringgold County,19159.0,22.4,,1061 of 3141,1,county,9,demographics_030.csv,0,0,https://www.statecancerprofiles.cancer.gov/demographics/index.php?stateFIPS=19&areatype=county&topic=pov&demo=00009&race=00&sex=0&age=001&type=manyareacensus&sortVariableName=value&sortOrder=asc&output=1,19,pov,manyareacensus,,1068.0
Clinton County,19045.0,23.0,,1139 of 3141,1,county,9,demographics_030.csv,0,0,https://www.statecancerprofiles.cancer.gov/demographics/index.php?stateFIPS=19&areatype=county&topic=pov&demo=00009&race=00&sex=0&age=001&type=manyareacensus&sortVariableName=value&sortOrder=asc&output=1,19,pov,manyareacensus,,10679.0
Monroe County,19135.0,23.1,,1153 of 3141,1,county,9,demographics_030.csv,0,0,https://www.statecancerprofiles.cancer.gov/demographics/index.php?stateFIPS=19&areatype=county&topic=pov&demo=00009&race=00&sex=0&age=001&type=manyareacensus&sortVariableName=value&sortOrder=asc&output=1,19,pov,manyareacensus,,1794.0
Cherokee County,19035.0,23.2,,1167 of 3141,1,county,9,demographics_030.csv,0,0,https://www.statecancerprofiles.cancer.gov/demographics/index.php?stateFIPS=19&areatype=county&topic=pov&demo=00009&race=00&sex=0&age=001&type=manyareacensus&sortVariableName=value&sortOrder=asc&output=1,19,pov,manyareacensus,,2548.0
Wright County,19197.0,23.5,,1215 of 3141,1,county,9,demographics_030.csv,0,0,https://www.statecancerprofiles.cancer.gov/demographics/index.php?stateFIPS=19&areatype=county&topic=pov&demo=00009&race=00&sex=0&age=001&type=manyareacensus&sortVariableName=value&sortOrder=asc&output=1,19,pov,manyareacensus,,2962.0
Page County,19145.0,23.9,,1269 of 3141,1,county,9,demographics_030.csv,0,0,https://www.statecancerprofiles.cancer.gov/demographics/index.php?stateFIPS=19&areatype=county&topic=pov&demo=00009&race=00&sex=0&age=001&type=manyareacensus&sortVariableName=value&sortOrder=asc&output=1,19,pov,manyareacensus,,3443.0
Clarke County,19039.0,23.9,,1272 of 3141,1,county,9,demographics_030.csv,0,0,https://www.statecancerprofiles.cancer.gov/demographics/index.php?stateFIPS=19&areatype=county&topic=pov&demo=00009&race=00&sex=0&age=001&type=manyareacensus&sortVariableName=value&sortOrder=asc&output=1,19,pov,manyareacensus,,2169.0
Calhoun County,19025.0,24.0,,1278 of 3141,1,county,9,demographics_030.csv,0,0,https://www.statecancerprofiles.cancer.gov/demographics/index.php?stateFIPS=19&areatype=county&topic=pov&demo=00009&race=00&sex=0&age=001&type=manyareacensus&sortVariableName=value&sortOrder=asc&output=1,19,pov,manyareacensus,,2163.0
Humboldt County,19091.0,24.1,,1297 of 3141,1,county,9,demographics_030.csv,0,0,https://www.statecancerprofiles.cancer.gov/demographics/index.php?stateFIPS=19&areatype=county&topic=pov&demo=00009&race=00&sex=0&age=001&type=manyareacensus&sortVariableName=value&sortOrder=asc&output=1,19,pov,manyareacensus,,2272.0
Taylor County,19173.0,24.3,,1329 of 3141,1,county,9,demographics_030.csv,0,0,https://www.statecancerprofiles.cancer.gov/demographics/index.php?stateFIPS=19&areatype=county&topic=pov&demo=00009&race=00&sex=0&age=001&type=manyareacensus&sortVariableName=value&sortOrder=asc&output=1,19,pov,manyareacensus,,1477.0
Johnson County,19103.0,24.3,,1335 of 3141,1,county,9,demographics_030.csv,0,0,https://www.statecancerprofiles.cancer.gov/demographics/index.php?stateFIPS=19&areatype=county&topic=pov&demo=00009&race=00&sex=0&age=001&type=manyareacensus&sortVariableName=value&sortOrder=asc&output=1,19,pov,manyareacensus,,33114.0
Buena Vista County,19021.0,24.5,,1356 of 3141,1,county,9,demographics_030.csv,0,0,https://www.statecancerprofiles.cancer.gov/demographics/index.php?stateFIPS=19&areatype=county&topic=pov&demo=00009&race=00&sex=0&age=001&type=manyareacensus&sortVariableName=value&sortOrder=asc&output=1,19,pov,manyareacensus,,4725.0
Pocahontas County,19151.0,24.5,,1368 of 3141,1,county,9,demographics_030.csv,0,0,https://www.statecancerprofiles.cancer.gov/demographics/index.php?stateFIPS=19&areatype=county&topic=pov&demo=00009&race=00&sex=0&age=001&type=manyareacensus&sortVariableName=value&sortOrder=asc&output=1,19,pov,manyareacensus,,1671.0
Mahaska County,19123.0,24.8,,1415 of 3141,1,county,9,demographics_030.csv,0,0,https://www.statecancerprofiles.cancer.gov/demographics/index.php?stateFIPS=19&areatype=county&topic=pov&demo=00009&race=00&sex=0&age=001&type=manyareacensus&sortVariableName=value&sortOrder=asc&output=1,19,pov,manyareacensus,,5368.0
Floyd County,19067.0,24.9,,1440 of 3141,1,county,9,demographics_030.csv,0,0,https://www.statecancerprofiles.cancer.gov/demographics/index.php?stateFIPS=19&areatype=county&topic=pov&demo=00009&race=00&sex=0&age=001&type=manyareacensus&sortVariableName=value&sortOrder=asc&output=1,19,pov,manyareacensus,,3907.0
Davis County,19051.0,25.0,,1442 of 3141,1,county,9,demographics_030.csv,0,0,https://www.statecancerprofiles.cancer.gov/demographics/index.php?stateFIPS=19&areatype=county&topic=pov&demo=00009&race=00&sex=0&age=001&type=manyareacensus&sortVariableName=value&sortOrder=asc&output=1,19,pov,manyareacensus,,2173.0
Black Hawk County,19013.0,25.3,,1486 of 3141,1,county,9,demographics_030.csv,0,0,https://www.statecancerprofiles.cancer.gov/demographics/index.php?stateFIPS=19&areatype=county&topic=pov&demo=00009&race=00&sex=0&age=001&type=manyareacensus&sortVariableName=value&sortOrder=asc&output=1,19,pov,manyareacensus,,32264.0
Monona County,19133.0,25.5,,1513 of 3141,1,county,9,demographics_030.csv,0,0,https://www.statecancerprofiles.cancer.gov/demographics/index.php?stateFIPS=19&areatype=county&topic=pov&demo=00009&race=00&sex=0&age=001&type=manyareacensus&sortVariableName=value&sortOrder=asc&output=1,19,pov,manyareacensus,,2202.0
Woodbury County,19193.0,25.6,,1522 of 3141,1,county,9,demographics_030.csv,0,0,https://www.statecancerprofiles.cancer.gov/demographics/index.php?stateFIPS=19&areatype=county&topic=pov&demo=00009&race=00&sex=0&age=001&type=manyareacensus&sortVariableName=value&sortOrder=asc&output=1,19,pov,manyareacensus,,25432.0
Lee County,19111.0,25.8,,1553 of 3141,1,county,9,demographics_030.csv,0,0,https://www.statecancerprofiles.cancer.gov/demographics/index.php?stateFIPS=19&areatype=county&topic=pov&demo=00009&race=00&sex=0&age=001&type=manyareacensus&sortVariableName=value&sortOrder=asc&output=1,19,pov,manyareacensus,,8696.0
Union County,19175.0,25.8,,1554 of 3141,1,county,9,demographics_030.csv,0,0,https://www.statecancerprofiles.cancer.gov/demographics/index.php?stateFIPS=19&areatype=county&topic=pov&demo=00009&race=00&sex=0&age=001&type=manyareacensus&sortVariableName=value&sortOrder=asc&output=1,19,pov,manyareacensus,,3146.0
Cass County,19029.0,25.8,,1558 of 3141,1,county,9,demographics_030.csv,0,0,https://www.statecancerprofiles.cancer.gov/demographics/index.php?stateFIPS=19&areatype=county&topic=pov&demo=00009&race=00&sex=0&age=001&type=manyareacensus&sortVariableName=value&sortOrder=asc&output=1,19,pov,manyareacensus,,3374.0
Des Moines County,19057.0,26.1,,1596 of 3141,1,county,9,demographics_030.csv,0,0,https://www.statecancerprofiles.cancer.gov/demographics/index.php?stateFIPS=19&areatype=county&topic=pov&demo=00009&race=00&sex=0&age=001&type=manyareacensus&sortVariableName=value&sortOrder=asc&output=1,19,pov,manyareacensus,,10209.0
Emmet County,19063.0,26.4,,1630 of 3141,1,county,9,demographics_030.csv,0,0,https://www.statecancerprofiles.cancer.gov/demographics/index.php?stateFIPS=19&areatype=county&topic=pov&demo=00009&race=00&sex=0&age=001&type=manyareacensus&sortVariableName=value&sortOrder=asc&output=1,19,pov,manyareacensus,,2312.0
Jefferson County,19101.0,27.0,,1742 of 3141,1,county,9,demographics_030.csv,0,0,https://www.statecancerprofiles.cancer.gov/demographics/index.php?stateFIPS=19&areatype=county&topic=pov&demo=00009&race=00&sex=0&age=001&type=manyareacensus&sortVariableName=value&sortOrder=asc&output=1,19,pov,manyareacensus,,4465.0
Webster County,19187.0,27.1,,1756 of 3141,1,county,9,demographics_030.csv,0,0,https://www.statecancerprofiles.cancer.gov/demographics/index.php?stateFIPS=19&areatype=county&topic=pov&demo=00009&race=00&sex=0&age=001&type=manyareacensus&sortVariableName=value&sortOrder=asc&output=1,19,pov,manyareacensus,,9260.0
Franklin County,19069.0,27.9,,1870 of 3141,1,county,9,demographics_030.csv,0,0,https://www.statecancerprofiles.cancer.gov/demographics/index.php?stateFIPS=19&areatype=county&topic=pov&demo=00009&race=00&sex=0&age=001&type=manyareacensus&sortVariableName=value&sortOrder=asc&output=1,19,pov,manyareacensus,,2838.0
Appanoose County,19007.0,28.3,,1924 of 3141,1,county,9,demographics_030.csv,0,0,https://www.statecancerprofiles.cancer.gov/demographics/index.php?stateFIPS=19&areatype=county&topic=pov&demo=00009&race=00&sex=0&age=001&type=manyareacensus&sortVariableName=value&sortOrder=asc&output=1,19,pov,manyareacensus,,3492.0
Montgomery County,19137.0,28.4,,1930 of 3141,1,county,9,demographics_030.csv,0,0,https://www.statecancerprofiles.cancer.gov/demographics/index.php?stateFIPS=19&areatype=county&topic=pov&demo=00009&race=00&sex=0&age=001&type=manyareacensus&sortVariableName=value&sortOrder=asc&output=1,19,pov,manyareacensus,,2839.0
Wayne County,19185.0,28.5,,1962 of 3141,1,county,9,demographics_030.csv,0,0,https://www.statecancerprofiles.cancer.gov/demographics/index.php?stateFIPS=19&areatype=county&topic=pov&demo=00009&race=00&sex=0&age=001&type=manyareacensus&sortVariableName=value&sortOrder=asc&output=1,19,pov,manyareacensus,,1797.0
Crawford County,19047.0,28.8,,1991 of 3141,1,county,9,demographics_030.csv,0,0,https://www.statecancerprofiles.cancer.gov/demographics/index.php?stateFIPS=19&areatype=county&topic=pov&demo=00009&race=00&sex=0&age=001&type=manyareacensus&sortVariableName=value&sortOrder=asc&output=1,19,pov,manyareacensus,,4871.0
Story County,19169.0,29.8,,2113 of 3141,1,county,9,demographics_030.csv,0,0,https://www.statecancerprofiles.cancer.gov/demographics/index.php?stateFIPS=19&areatype=county&topic=pov&demo=00009&race=00&sex=0&age=001&type=manyareacensus&sortVariableName=value&sortOrder=asc&output=1,19,pov,manyareacensus,,25526.0
Wapello County,19179.0,30.1,,2148 of 3141,1,county,9,demographics_030.csv,0,0,https://www.statecancerprofiles.cancer.gov/demographics/index.php?stateFIPS=19&areatype=county&topic=pov&demo=00009&race=00&sex=0&age=001&type=manyareacensus&sortVariableName=value&sortOrder=asc&output=1,19,pov,manyareacensus,,10366.0
Decatur County,19053.0,33.0,,2462 of 3141,1,county,9,demographics_030.csv,0,0,https://www.statecancerprofiles.cancer.gov/demographics/index.php?stateFIPS=19&areatype=county&topic=pov&demo=00009&race=00&sex=0&age=001&type=manyareacensus&sortVariableName=value&sortOrder=asc&output=1,19,pov,manyareacensus,,2428.0
