locale,fips,value (dollars),rank within us,age,areatype,demo,file_name,race,sex,source_url,stateFIPS,topic,type
Kansas,20000.0,70711.0,26 of 52,1,state,10,demographics_004.csv,0,0,https://www.statecancerprofiles.cancer.gov/demographics/index.php?stateFIPS=20&areatype=county&topic=inc&demo=00010&race=00&sex=0&age=001&type=manyareacensus&sortVariableName=value&sortOrder=asc&output=1,20,inc,manyareacensus
United States,0.0,70850.0,,1,country,10,demographics_004.csv,0,0,https://www.statecancerprofiles.cancer.gov/demographics/index.php?stateFIPS=20&areatype=county&topic=inc&demo=00010&race=00&sex=0&age=001&type=manyareacensus&sortVariableName=value&sortOrder=asc&output=1,20,inc,manyareacensus
Seward County,20175.0,49830.0,2525 of 3141,1,county,10,demographics_004.csv,0,0,https://www.statecancerprofiles.cancer.gov/demographics/index.php?stateFIPS=20&areatype=county&topic=inc&demo=00010&race=00&sex=0&age=001&type=manyareacensus&sortVariableName=value&sortOrder=asc&output=1,20,inc,manyareacensus
Wyandotte County,20209.0,50203.0,2494 of 3141,1,county,10,demographics_004.csv,0,0,https://www.statecancerprofiles.cancer.gov/demographics/index.php?stateFIPS=20&areatype=county&topic=inc&demo=00010&race=00&sex=0&age=001&type=manyareacensus&sortVariableName=value&sortOrder=asc&output=1,20,inc,manyareacensus
Geary County,20061.0,50503.0,2463 of 3141,1,county,10,demographics_004.csv,0,0,https://www.statecancerprofiles.cancer.gov/demographics/index.php?stateFIPS=20&areatype=county&topic=inc&demo=00010&race=00&sex=0&age=001&type=manyareacensus&sortVariableName=value&sortOrder=asc&output=1,20,inc,manyareacensus
Bourbon County,20011.0,51136.0,2397 of 3141,1,county,10,demographics_004.csv,0,0,https://www.statecancerprofiles.cancer.gov/demographics/index.php?stateFIPS=20&areatype=county&topic=inc&demo=00010&race=00&sex=0&age=001&type=manyareacensus&sortVariableName=value&sortOrder=asc&output=1,20,inc,manyareacensus
Stanton County,20187.0,51518.0,2363 of 3141,1,county,10,demographics_004.csv,0,0,https://www.statecancerprofiles.cancer.gov/demographics/index.php?stateFIPS=20&areatype=county&topic=inc&demo=00010&race=00&sex=0&age=001&type=manyareacensus&sortVariableName=value&sortOrder=asc&output=1,20,inc,manyareacensus
Elk County,20049.0,52243.0,2285 of 3141,1,county,10,demographics_004.csv,0,0,https://www.statecancerprofiles.cancer.gov/demographics/index.php?stateFIPS=20&areatype=county&topic=inc&demo=00010&race=00&sex=0&age=001&type=manyareacensus&sortVariableName=value&sortOrder=asc&output=1,20,inc,manyareacensus
Greenwood County,20073.0,52451.0,2267 of 3141,1,county,10,demographics_004.csv,0,0,https://www.statecancerprofiles.cancer.gov/demographics/index.php?stateFIPS=20&areatype=county&topic=inc&demo=00010&race=00&sex=0&age=001&type=manyareacensus&sortVariableName=value&sortOrder=asc&output=1,20,inc,manyareacensus
Woodson County,20207.0,52731.0,2231 of 3141,1,county,10,demographics_004.csv,0,0,https://www.statecancerprofiles.cancer.gov/demographics/index.php?stateFIPS=20&areatype=county&topic=inc&demo=00010&race=00&sex=0&age=001&type=manyareacensus&sortVariableName=value&sortOrder=asc&output=1,20,inc,manyareacensus
Cherokee County,20021.0,53042.0,2208 of 3141,1,county,10,demographics_004.csv,0,0,https://www.statecancerprofiles.cancer.gov/demographics/index.php?stateFIPS=20&areatype=county&topic=inc&demo=00010&race=00&sex=0&age=001&type=manyareacensus&sortVariableName=value&sortOrder=asc&output=1,20,inc,manyareacensus
Jewell County,20089.0,53060.0,2205 of 3141,1,county,10,demographics_004.csv,0,0,https://www.statecancerprofiles.cancer.gov/demographics/index.php?stateFIPS=20&areatype=county&topic=inc&demo=00010&race=00&sex=0&age=001&type=manyareacensus&sortVariableName=value&sortOrder=asc&output=1,20,inc,manyareacensus
Montgomery County,20125.0,53390.0,2186 of 3141,1,county,10,demographics_004.csv,0,0,https://www.statecancerprofiles.cancer.gov/demographics/index.php?stateFIPS=20&areatype=county&topic=inc&demo=00010&race=00&sex=0&age=001&type=manyareacensus&sortVariableName=value&sortOrder=asc&output=1,20,inc,manyareacensus
Chautauqua County,20019.0,53581.0,2167 of 3141,1,county,10,demographics_004.csv,0,0,https://www.statecancerprofiles.cancer.gov/demographics/index.php?stateFIPS=20&areatype=county&topic=inc&demo=00010&race=00&sex=0&age=001&type=manyareacensus&sortVariableName=value&sortOrder=asc&output=1,20,inc,manyareacensus
Brown County,20013.0,54503.0,2101 of 3141,1,county,10,demographics_004.csv,0,0,https://www.statecancerprofiles.cancer.gov/demographics/index.php?stateFIPS=20&areatype=county&topic=inc&demo=00010&race=00&sex=0&age=001&type=manyareacensus&sortVariableName=value&sortOrder=asc&output=1,20,inc,manyareacensus
Cloud County,20029.0,54579.0,2096 of 3141,1,county,10,demographics_004.csv,0,0,https://www.statecancerprofiles.cancer.gov/demographics/index.php?stateFIPS=20&areatype=county&topic=inc&demo=00010&race=00&sex=0&age=001&type=manyareacensus&sortVariableName=value&sortOrder=asc&output=1,20,inc,manyareacensus
Hamilton County,20075.0,55288.0,2029 of 3141,1,county,10,demographics_004.csv,0,0,https://www.statecancerprofiles.cancer.gov/demographics/index.php?stateFIPS=20&areatype=county&topic=inc&demo=00010&race=00&sex=0&age=001&type=manyareacensus&sortVariableName=value&sortOrder=asc&output=1,20,inc,manyareacensus
Labette County,20099.0,55629.0,1994 of 3141,1,county,10,demographics_004.csv,0,0,https://www.statecancerprofiles.cancer.gov/demographics/index.php?stateFIPS=20&areatype=county&topic=inc&demo=00010&race=00&sex=0&age=001&type=manyareacensus&sortVariableName=value&sortOrder=asc&output=1,20,inc,manyareacensus
Wilson County,20205.0,55820.0,1978 of 3141,1,county,10,demographics_004.csv,0,0,https://www.statecancerprofiles.cancer.gov/demographics/index.php?stateFIPS=20&areatype=county&topic=inc&demo=00010&race=00&sex=0&age=001&type=manyareacensus&sortVariableName=value&sortOrder=asc&output=1,20,inc,manyareacensus
Sherman County,20181.0,55952.0,1967 of 3141,1,county,10,demographics_004.csv,0,0,https://www.statecancerprofiles.cancer.gov/demographics/index.php?stateFIPS=20&areatype=county&topic=inc&demo=00010&race=00&sex=0&age=001&type=manyareacensus&sortVariableName=value&sortOrder=asc&output=1,20,inc,manyareacensus
Neosho County,20133.0,56117.0,1952 of 3141,1,county,10,demographics_004.csv,0,0,https://www.statecancerprofiles.cancer.gov/demographics/index.php?stateFIPS=20&areatype=county&topic=inc&demo=00010&race=00&sex=0&age=001&type=manyareacensus&sortVariableName=value&sortOrder=asc&output=1,20,inc,manyareacensus
Greeley County,20071.0,56458.0,1923 of 3141,1,county,10,demographics_004.csv,0,0,https://www.statecancerprofiles.cancer.gov/demographics/index.php?stateFIPS=20&areatype=county&topic=inc&demo=00010&race=00&sex=0&age=001&type=manyareacensus&sortVariableName=value&sortOrder=asc&output=1,20,inc,manyareacensus
Pawnee County,20145.0,56563.0,1912 of 3141,1,county,10,demographics_004.csv,0,0,https://www.statecancerprofiles.cancer.gov/demographics/index.php?stateFIPS=20&areatype=county&topic=inc&demo=00010&race=00&sex=0&age=001&type=manyareacensus&sortVariableName=value&sortOrder=asc&output=1,20,inc,manyareacensus
Cowley County,20035.0,56644.0,1903 of 3141,1,county,10,demographics_004.csv,0,0,https://www.statecancerprofiles.cancer.gov/demographics/index.php?stateFIPS=20&areatype=county&topic=inc&demo=00010&race=00&sex=0&age=001&type=manyareacensus&sortVariableName=value&sortOrder=asc&output=1,20,inc,manyareacensus
Ford County,20057.0,56709.0,1897 of 3141,1,county,10,demographics_004.csv,0,0,https://www.statecancerprofiles.cancer.gov/demographics/index.php?stateFIPS=20&areatype=county&topic=inc&demo=00010&race=00&sex=0&age=001&type=manyareacensus&sortVariableName=value&sortOrder=asc&output=1,20,inc,manyareacensus
Decatur County,20039.0,57014.0,1864 of 3141,1,county,10,demographics_004.csv,0,0,https://www.statecancerprofiles.cancer.gov/demographics/index.php?stateFIPS=20&areatype=county&topic=inc&demo=00010&race=00&sex=0&age=001&type=manyareacensus&sortVariableName=value&sortOrder=asc&output=1,20,inc,manyareacensus
Smith County,20183.0,57054.0,1859 of 3141,1,county,10,demographics_004.csv,0,0,https://www.statecancerprofiles.cancer.gov/demographics/index.php?stateFIPS=20&areatype=county&topic=inc&demo=00010&race=00&sex=0&age=001&type=manyareacensus&sortVariableName=value&sortOrder=asc&output=1,20,inc,manyareacensus
Lyon County,20111.0,57247.0,1843 of 3141,1,county,10,demographics_004.csv,0,0,https://www.statecancerprofiles.cancer.gov/demographics/index.php?stateFIPS=20&areatype=county&topic=inc&demo=00010&race=00&sex=0&age=001&type=manyareacensus&sortVariableName=value&sortOrder=asc&output=1,20,inc,manyareacensus
Morton County,20129.0,57292.0,1836 of 3141,1,county,10,demographics_004.csv,0,0,https://www.statecancerprofiles.cancer.gov/demographics/index.php?stateFIPS=20&areatype=county&topic=inc&demo=00010&race=00&sex=0&age=001&type=manyareacensus&sortVariableName=value&sortOrder=asc&output=1,20,inc,manyareacensus
Anderson County,20003.0,57500.0,1811 of 3141,1,county,10,demographics_004.csv,0,0,https://www.statecancerprofiles.cancer.gov/demographics/index.php?stateFIPS=20&areatype=county&topic=inc&demo=00010&race=00&sex=0&age=001&type=manyareacensus&sortVariableName=value&sortOrder=asc&output=1,20,inc,manyareacensus
Edwards County,20047.0,57500.0,1811 of 3141,1,county,10,demographics_004.csv,0,0,https://www.statecancerprofiles.cancer.gov/demographics/index.php?stateFIPS=20&areatype=county&topic=inc&demo=00010&race=00&sex=0&age=001&type=manyareacensus&sortVariableName=value&sortOrder=asc&output=1,20,inc,manyareacensus
Crawford County,20037.0,57545.0,1808 of 3141,1,county,10,demographics_004.csv,0,0,https://www.statecancerprofiles.cancer.gov/demographics/index.php?stateFIPS=20&areatype=county&topic=inc&demo=00010&race=00&sex=0&age=001&type=manyareacensus&sortVariableName=value&sortOrder=asc&output=1,20,inc,manyareacensus
Osborne County,20141.0,57813.0,1786 of 3141,1,county,10,demographics_004.csv,0,0,https://www.statecancerprofiles.cancer.gov/demographics/index.php?stateFIPS=20&areatype=county&topic=inc&demo=00010&race=00&sex=0&age=001&type=manyareacensus&sortVariableName=value&sortOrder=asc&output=1,20,inc,manyareacensus
Allen County,20001.0,57983.0,1764 of 3141,1,county,10,demographics_004.csv,0,0,https://www.statecancerprofiles.cancer.gov/demographics/index.php?stateFIPS=20&areatype=county&topic=inc&demo=00010&race=00&sex=0&age=001&type=manyareacensus&sortVariableName=value&sortOrder=asc&output=1,20,inc,manyareacensus
Harper County,20077.0,58040.0,1759 of 3141,1,county,10,demographics_004.csv,0,0,https://www.statecancerprofiles.cancer.gov/demographics/index.php?stateFIPS=20&areatype=county&topic=inc&demo=00010&race=00&sex=0&age=001&type=manyareacensus&sortVariableName=value&sortOrder=asc&output=1,20,inc,manyareacensus
Linn County,20107.0,58116.0,1749 of 3141,1,county,10,demographics_004.csv,0,0,https://www.statecancerprofiles.cancer.gov/demographics/index.php?stateFIPS=20&areatype=county&topic=inc&demo=00010&race=00&sex=0&age=001&type=manyareacensus&sortVariableName=value&sortOrder=asc&output=1,20,inc,manyareacensus
Graham County,20065.0,58177.0,1742 of 3141,1,county,10,demographics_004.csv,0,0,https://www.statecancerprofiles.cancer.gov/demographics/index.php?stateFIPS=20&areatype=county&topic=inc&demo=00010&race=00&sex=0&age=001&type=manyareacensus&sortVariableName=value&sortOrder=asc&output=1,20,inc,manyareacensus
Atchison County,20005.0,58275.0,1732 of 3141,1,county,10,demographics_004.csv,0,0,https://www.statecancerprofiles.cancer.gov/demographics/index.php?stateFIPS=20&areatype=county&topic=inc&demo=00010&race=00&sex=0&age=001&type=manyareacensus&sortVariableName=value&sortOrder=asc&output=1,20,inc,manyareacensus
Finney County,20055.0,58386.0,1723 of 3141,1,county,10,demographics_004.csv,0,0,https://www.statecancerprofiles.cancer.gov/demographics/index.php?stateFIPS=20&areatype=county&topic=inc&demo=00010&race=00&sex=0&age=001&type=manyareacensus&sortVariableName=value&sortOrder=asc&output=1,20,inc,manyareacensus
Reno County,20155.0,58915.0,1674 of 3141,1,county,10,demographics_004.csv,0,0,https://www.statecancerprofiles.cancer.gov/demographics/index.php?stateFIPS=20&areatype=county&topic=inc&demo=00010&race=00&sex=0&age=001&type=manyareacensus&sortVariableName=value&sortOrder=asc&output=1,20,inc,manyareacensus
Ness County,20135.0,58917.0,1673 of 3141,1,county,10,demographics_004.csv,0,0,https://www.statecancerprofiles.cancer.gov/demographics/index.php?stateFIPS=20&areatype=county&topic=inc&demo=00010&race=00&sex=0&age=001&type=manyareacensus&sortVariableName=value&sortOrder=asc&output=1,20,inc,manyareacensus
Washington County,20201.0,59153.0,1647 of 3141,1,county,10,demographics_004.csv,0,0,https://www.statecancerprofiles.cancer.gov/demographics/index.php?stateFIPS=20&areatype=county&topic=inc&demo=00010&race=00&sex=0&age=001&type=manyareacensus&sortVariableName=value&sortOrder=asc&output=1,20,inc,manyareacensus
Haskell County,20081.0,59458.0,1613 of 3141,1,county,10,demographics_004.csv,0,0,https://www.statecancerprofiles.cancer.gov/demographics/index.php?stateFIPS=20&areatype=county&topic=inc&demo=00010&race=00&sex=0&age=001&type=manyareacensus&sortVariableName=value&sortOrder=asc&output=1,20,inc,manyareacensus
Rooks County,20163.0,59769.0,1580 of 3141,1,county,10,demographics_004.csv,0,0,https://www.statecancerprofiles.cancer.gov/demographics/index.php?stateFIPS=20&areatype=county&topic=inc&demo=00010&race=00&sex=0&age=001&type=manyareacensus&sortVariableName=value&sortOrder=asc&output=1,20,inc,manyareacensus
Gove County,20063.0,59833.0,1571 of 3141,1,county,10,demographics_004.csv,0,0,https://www.statecancerprofiles.cancer.gov/demographics/index.php?stateFIPS=20&areatype=county&topic=inc&demo=00010&race=00&sex=0&age=001&type=manyareacensus&sortVariableName=value&sortOrder=asc&output=1,20,inc,manyareacensus
Clark County,20025.0,59837.0,1568 of 3141,1,county,10,demographics_004.csv,0,0,https://www.statecancerprofiles.cancer.gov/demographics/index.php?stateFIPS=20&areatype=county&topic=inc&demo=00010&race=00&sex=0&age=001&type=manyareacensus&sortVariableName=value&sortOrder=asc&output=1,20,inc,manyareacensus
Cheyenne County,20023.0,60000.0,1549 of 3141,1,county,10,demographics_004.csv,0,0,https://www.statecancerprofiles.cancer.gov/demographics/index.php?stateFIPS=20&areatype=county&topic=inc&demo=00010&race=00&sex=0&age=001&type=manyareacensus&sortVariableName=value&sortOrder=asc&output=1,20,inc,manyareacensus
Russell County,20167.0,60556.0,1485 of 3141,1,county,10,demographics_004.csv,0,0,https://www.statecancerprofiles.cancer.gov/demographics/index.php?stateFIPS=20&areatype=county&topic=inc&demo=00010&race=00&sex=0&age=001&type=manyareacensus&sortVariableName=value&sortOrder=asc&output=1,20,inc,manyareacensus
Phillips County,20147.0,60827.0,1456 of 3141,1,county,10,demographics_004.csv,0,0,https://www.statecancerprofiles.cancer.gov/demographics/index.php?stateFIPS=20&areatype=county&topic=inc&demo=00010&race=00&sex=0&age=001&type=manyareacensus&sortVariableName=value&sortOrder=asc&output=1,20,inc,manyareacensus
Stafford County,20185.0,60917.0,1446 of 3141,1,county,10,demographics_004.csv,0,0,https://www.statecancerprofiles.cancer.gov/demographics/index.php?stateFIPS=20&areatype=county&topic=inc&demo=00010&race=00&sex=0&age=001&type=manyareacensus&sortVariableName=value&sortOrder=asc&output=1,20,inc,manyareacensus
Dickinson County,20041.0,61090.0,1427 of 3141,1,county,10,demographics_004.csv,0,0,https://www.statecancerprofiles.cancer.gov/demographics/index.php?stateFIPS=20&areatype=county&topic=inc&demo=00010&race=00&sex=0&age=001&type=manyareacensus&sortVariableName=value&sortOrder=asc&output=1,20,inc,manyareacensus
Republic County,20157.0,61159.0,1422 of 3141,1,county,10,demographics_004.csv,0,0,https://www.statecancerprofiles.cancer.gov/demographics/index.php?stateFIPS=20&areatype=county&topic=inc&demo=00010&race=00&sex=0&age=001&type=manyareacensus&sortVariableName=value&sortOrder=asc&output=1,20,inc,manyareacensus
Chase County,20017.0,61375.0,1402 of 3141,1,county,10,demographics_004.csv,0,0,https://www.statecancerprofiles.cancer.gov/demographics/index.php?stateFIPS=20&areatype=county&topic=inc&demo=00010&race=00&sex=0&age=001&type=manyareacensus&sortVariableName=value&sortOrder=asc&output=1,20,inc,manyareacensus
Rice County,20159.0,61737.0,1368 of 3141,1,county,10,demographics_004.csv,0,0,https://www.statecancerprofiles.cancer.gov/demographics/index.php?stateFIPS=20&areatype=county&topic=inc&demo=00010&race=00&sex=0&age=001&type=manyareacensus&sortVariableName=value&sortOrder=asc&output=1,20,inc,manyareacensus
Wichita County,20203.0,61845.0,1360 of 3141,1,county,10,demographics_004.csv,0,0,https://www.statecancerprofiles.cancer.gov/demographics/index.php?stateFIPS=20&areatype=county&topic=inc&demo=00010&race=00&sex=0&age=001&type=manyareacensus&sortVariableName=value&sortOrder=asc&output=1,20,inc,manyareacensus
Comanche County,20033.0,62143.0,1335 of 3141,1,county,10,demographics_004.csv,0,0,https://www.statecancerprofiles.cancer.gov/demographics/index.php?stateFIPS=20&areatype=county&topic=inc&demo=00010&race=00&sex=0&age=001&type=manyareacensus&sortVariableName=value&sortOrder=asc&output=1,20,inc,manyareacensus
Barton County,20009.0,62281.0,1319 of 3141,1,county,10,demographics_004.csv,0,0,https://www.statecancerprofiles.cancer.gov/demographics/index.php?stateFIPS=20&areatype=county&topic=inc&demo=00010&race=00&sex=0&age=001&type=manyareacensus&sortVariableName=value&sortOrder=asc&output=1,20,inc,manyareacensus
Meade County,20119.0,62375.0,1306 of 3141,1,county,10,demographics_004.csv,0,0,https://www.statecancerprofiles.cancer.gov/demographics/index.php?stateFIPS=20&areatype=county&topic=inc&demo=00010&race=00&sex=0&age=001&type=manyareacensus&sortVariableName=value&sortOrder=asc&output=1,20,inc,manyareacensus
Marion County,20115.0,62578.0,1286 of 3141,1,county,10,demographics_004.csv,0,0,https://www.statecancerprofiles.cancer.gov/demographics/index.php?stateFIPS=20&areatype=county&topic=inc&demo=00010&race=00&sex=0&age=001&type=manyareacensus&sortVariableName=value&sortOrder=asc&output=1,20,inc,manyareacensus
Kiowa County,20097.0,62679.0,1279 of 3141,1,county,10,demographics_004.csv,0,0,https://www.statecancerprofiles.cancer.gov/demographics/index.php?stateFIPS=20&areatype=county&topic=inc&demo=00010&race=00&sex=0&age=001&type=manyareacensus&sortVariableName=value&sortOrder=asc&output=1,20,inc,manyareacensus
Marshall County,20117.0,62699.0,1274 of 3141,1,county,10,demographics_004.csv,0,0,https://www.statecancerprofiles.cancer.gov/demographics/index.php?stateFIPS=20&areatype=county&topic=inc&demo=00010&race=00&sex=0&age=001&type=manyareacensus&sortVariableName=value&sortOrder=asc&output=1,20,inc,manyareacensus
Mitchell County,20123.0,62934.0,1253 of 3141,1,county,10,demographics_004.csv,0,0,https://www.statecancerprofiles.cancer.gov/demographics/index.php?stateFIPS=20&areatype=county&topic=inc&demo=00010&race=00&sex=0&age=001&type=manyareacensus&sortVariableName=value&sortOrder=asc&output=1,20,inc,manyareacensus
Morris County,20127.0,63150.0,1227 of 3141,1,county,10,demographics_004.csv,0,0,https://www.statecancerprofiles.cancer.gov/demographics/index.php?stateFIPS=20&areatype=county&topic=inc&demo=00010&race=00&sex=0&age=001&type=manyareacensus&sortVariableName=value&sortOrder=asc&output=1,20,inc,manyareacensus
Jackson County,20085.0,63259.0,1215 of 3141,1,county,10,demographics_004.csv,0,0,https://www.statecancerprofiles.cancer.gov/demographics/index.php?stateFIPS=20&areatype=county&topic=inc&demo=00010&race=00&sex=0&age=001&type=manyareacensus&sortVariableName=value&sortOrder=asc&output=1,20,inc,manyareacensus
Rawlins County,20153.0,63292.0,1210 of 3141,1,county,10,demographics_004.csv,0,0,https://www.statecancerprofiles.cancer.gov/demographics/index.php?stateFIPS=20&areatype=county&topic=inc&demo=00010&race=00&sex=0&age=001&type=manyareacensus&sortVariableName=value&sortOrder=asc&output=1,20,inc,manyareacensus
Lincoln County,20105.0,63304.0,1209 of 3141,1,county,10,demographics_004.csv,0,0,https://www.statecancerprofiles.cancer.gov/demographics/index.php?stateFIPS=20&areatype=county&topic=inc&demo=00010&race=00&sex=0&age=001&type=manyareacensus&sortVariableName=value&sortOrder=asc&output=1,20,inc,manyareacensus
Norton County,20137.0,63505.0,1191 of 3141,1,county,10,demographics_004.csv,0,0,https://www.statecancerprofiles.cancer.gov/demographics/index.php?stateFIPS=20&areatype=county&topic=inc&demo=00010&race=00&sex=0&age=001&type=manyareacensus&sortVariableName=value&sortOrder=asc&output=1,20,inc,manyareacensus
Ellsworth County,20053.0,63693.0,1180 of 3141,1,county,10,demographics_004.csv,0,0,https://www.statecancerprofiles.cancer.gov/demographics/index.php?stateFIPS=20&areatype=county&topic=inc&demo=00010&race=00&sex=0&age=001&type=manyareacensus&sortVariableName=value&sortOrder=asc&output=1,20,inc,manyareacensus
Clay County,20027.0,63824.0,1171 of 3141,1,county,10,demographics_004.csv,0,0,https://www.statecancerprofiles.cancer.gov/demographics/index.php?stateFIPS=20&areatype=county&topic=inc&demo=00010&race=00&sex=0&age=001&type=manyareacensus&sortVariableName=value&sortOrder=asc&output=1,20,inc,manyareacensus
Doniphan County,20043.0,64342.0,1130 of 3141,1,county,10,demographics_004.csv,0,0,https://www.statecancerprofiles.cancer.gov/demographics/index.php?stateFIPS=20&areatype=county&topic=inc&demo=00010&race=00&sex=0&age=001&type=manyareacensus&sortVariableName=value&sortOrder=asc&output=1,20,inc,manyareacensus
Rush County,20165.0,64500.0,1112 of 3141,1,county,10,demographics_004.csv,0,0,https://www.statecancerprofiles.cancer.gov/demographics/index.php?stateFIPS=20&areatype=county&topic=inc&demo=00010&race=00&sex=0&age=001&type=manyareacensus&sortVariableName=value&sortOrder=asc&output=1,20,inc,manyareacensus
Kearny County,20093.0,65313.0,1044 of 3141,1,county,10,demographics_004.csv,0,0,https://www.statecancerprofiles.cancer.gov/demographics/index.php?stateFIPS=20&areatype=county&topic=inc&demo=00010&race=00&sex=0&age=001&type=manyareacensus&sortVariableName=value&sortOrder=asc&output=1,20,inc,manyareacensus
Stevens County,20189.0,65519.0,1022 of 3141,1,county,10,demographics_004.csv,0,0,https://www.statecancerprofiles.cancer.gov/demographics/index.php?stateFIPS=20&areatype=county&topic=inc&demo=00010&race=00&sex=0&age=001&type=manyareacensus&sortVariableName=value&sortOrder=asc&output=1,20,inc,manyareacensus
Osage County,20139.0,65612.0,1017 of 3141,1,county,10,demographics_004.csv,0,0,https://www.statecancerprofiles.cancer.gov/demographics/index.php?stateFIPS=20&areatype=county&topic=inc&demo=00010&race=00&sex=0&age=001&type=manyareacensus&sortVariableName=value&sortOrder=asc&output=1,20,inc,manyareacensus
Franklin County,20059.0,65974.0,995 of 3141,1,county,10,demographics_004.csv,0,0,https://www.statecancerprofiles.cancer.gov/demographics/index.php?stateFIPS=20&areatype=county&topic=inc&demo=00010&race=00&sex=0&age=001&type=manyareacensus&sortVariableName=value&sortOrder=asc&output=1,20,inc,manyareacensus
Saline County,20169.0,66120.0,984 of 3141,1,county,10,demographics_004.csv,0,0,https://www.statecancerprofiles.cancer.gov/demographics/index.php?stateFIPS=20&areatype=county&topic=inc&demo=00010&race=00&sex=0&age=001&type=manyareacensus&sortVariableName=value&sortOrder=asc&output=1,20,inc,manyareacensus
Riley County,20161.0,66149.0,982 of 3141,1,county,10,demographics_004.csv,0,0,https://www.statecancerprofiles.cancer.gov/demographics/index.php?stateFIPS=20&areatype=county&topic=inc&demo=00010&race=00&sex=0&age=001&type=manyareacensus&sortVariableName=value&sortOrder=asc&output=1,20,inc,manyareacensus
Pratt County,20151.0,66354.0,966 of 3141,1,county,10,demographics_004.csv,0,0,https://www.statecancerprofiles.cancer.gov/demographics/index.php?stateFIPS=20&areatype=county&topic=inc&demo=00010&race=00&sex=0&age=001&type=manyareacensus&sortVariableName=value&sortOrder=asc&output=1,20,inc,manyareacensus
Logan County,20109.0,66480.0,959 of 3141,1,county,10,demographics_004.csv,0,0,https://www.statecancerprofiles.cancer.gov/demographics/index.php?stateFIPS=20&areatype=county&topic=inc&demo=00010&race=00&sex=0&age=001&type=manyareacensus&sortVariableName=value&sortOrder=asc&output=1,20,inc,manyareacensus
Thomas County,20193.0,66529.0,956 of 3141,1,county,10,demographics_004.csv,0,0,https://www.statecancerprofiles.cancer.gov/demographics/index.php?stateFIPS=20&areatype=county&topic=inc&demo=00010&race=00&sex=0&age=001&type=manyareacensus&sortVariableName=value&sortOrder=asc&output=1,20,inc,manyareacensus
Ottawa County,20143.0,66977.0,921 of 3141,1,county,10,demographics_004.csv,0,0,https://www.statecancerprofiles.cancer.gov/demographics/index.php?stateFIPS=20&areatype=county&topic=inc&demo=00010&race=00&sex=0&age=001&type=manyareacensus&sortVariableName=value&sortOrder=asc&output=1,20,inc,manyareacensus
Sedgwick County,20173.0,67029.0,919 of 3141,1,county,10,demographics_004.csv,0,0,https://www.statecancerprofiles.cancer.gov/demographics/index.php?stateFIPS=20&areatype=county&topic=inc&demo=00010&race=00&sex=0&age=001&type=manyareacensus&sortVariableName=value&sortOrder=asc&output=1,20,inc,manyareacensus
Sumner County,20191.0,67703.0,863 of 3141,1,county,10,demographics_004.csv,0,0,https://www.statecancerprofiles.cancer.gov/demographics/index.php?stateFIPS=20&areatype=county&topic=inc&demo=00010&race=00&sex=0&age=001&type=manyareacensus&sortVariableName=value&sortOrder=asc&output=1,20,inc,manyareacensus
Gray County,20069.0,67969.0,848 of 3141,1,county,10,demographics_004.csv,0,0,https://www.statecancerprofiles.cancer.gov/demographics/index.php?stateFIPS=20&areatype=county&topic=inc&demo=00010&race=00&sex=0&age=001&type=manyareacensus&sortVariableName=value&sortOrder=asc&output=1,20,inc,manyareacensus
Harvey County,20079.0,68002.0,846 of 3141,1,county,10,demographics_004.csv,0,0,https://www.statecancerprofiles.cancer.gov/demographics/index.php?stateFIPS=20&areatype=county&topic=inc&demo=00010&race=00&sex=0&age=001&type=manyareacensus&sortVariableName=value&sortOrder=asc&output=1,20,inc,manyareacensus
Grant County,20067.0,68162.0,835 of 3141,1,county,10,demographics_004.csv,0,0,https://www.statecancerprofiles.cancer.gov/demographics/index.php?stateFIPS=20&areatype=county&topic=inc&demo=00010&race=00&sex=0&age=001&type=manyareacensus&sortVariableName=value&sortOrder=asc&output=1,20,inc,manyareacensus
Lane County,20101.0,68250.0,830 of 3141,1,county,10,demographics_004.csv,0,0,https://www.statecancerprofiles.cancer.gov/demographics/index.php?stateFIPS=20&areatype=county&topic=inc&demo=00010&race=00&sex=0&age=001&type=manyareacensus&sortVariableName=value&sortOrder=asc&output=1,20,inc,manyareacensus
Hodgeman County,20083.0,68500.0,811 of 3141,1,county,10,demographics_004.csv,0,0,https://www.statecancerprofiles.cancer.gov/demographics/index.php?stateFIPS=20&areatype=county&topic=inc&demo=00010&race=00&sex=0&age=001&type=manyareacensus&sortVariableName=value&sortOrder=asc&output=1,20,inc,manyareacensus
McPherson County,20113.0,68684.0,800 of 3141,1,county,10,demographics_004.csv,0,0,https://www.statecancerprofiles.cancer.gov/demographics/index.php?stateFIPS=20&areatype=county&topic=inc&demo=00010&race=00&sex=0&age=001&type=manyareacensus&sortVariableName=value&sortOrder=asc&output=1,20,inc,manyareacensus
Trego County,20195.0,69491.0,748 of 3141,1,county,10,demographics_004.csv,0,0,https://www.statecancerprofiles.cancer.gov/demographics/index.php?stateFIPS=20&areatype=county&topic=inc&demo=00010&race=00&sex=0&age=001&type=manyareacensus&sortVariableName=value&sortOrder=asc&output=1,20,inc,manyareacensus
Shawnee County,20177.0,69539.0,743 of 3141,1,county,10,demographics_004.csv,0,0,https://www.statecancerprofiles.cancer.gov/demographics/index.php?stateFIPS=20&areatype=county&topic=inc&demo=00010&race=00&sex=0&age=001&type=manyareacensus&sortVariableName=value&sortOrder=asc&output=1,20,inc,manyareacensus
Barber County,20007.0,69583.0,741 of 3141,1,county,10,demographics_004.csv,0,0,https://www.statecancerprofiles.cancer.gov/demographics/index.php?stateFIPS=20&areatype=county&topic=inc&demo=00010&race=00&sex=0&age=001&type=manyareacensus&sortVariableName=value&sortOrder=asc&output=1,20,inc,manyareacensus
Wabaunsee County,20197.0,69794.0,735 of 3141,1,county,10,demographics_004.csv,0,0,https://www.statecancerprofiles.cancer.gov/demographics/index.php?stateFIPS=20&areatype=county&topic=inc&demo=00010&race=00&sex=0&age=001&type=manyareacensus&sortVariableName=value&sortOrder=asc&output=1,20,inc,manyareacensus
Kingman County,20095.0,70000.0,722 of 3141,1,county,10,demographics_004.csv,0,0,https://www.statecancerprofiles.cancer.gov/demographics/index.php?stateFIPS=20&areatype=county&topic=inc&demo=00010&race=00&sex=0&age=001&type=manyareacensus&sortVariableName=value&sortOrder=asc&output=1,20,inc,manyareacensus
Sheridan County,20179.0,71563.0,645 of 3141,1,county,10,demographics_004.csv,0,0,https://www.statecancerprofiles.cancer.gov/demographics/index.php?stateFIPS=20&areatype=county&topic=inc&demo=00010&race=00&sex=0&age=001&type=manyareacensus&sortVariableName=value&sortOrder=asc&output=1,20,inc,manyareacensus
Coffey County,20031.0,72409.0,589 of 3141,1,county,10,demographics_004.csv,0,0,https://www.statecancerprofiles.cancer.gov/demographics/index.php?stateFIPS=20&areatype=county&topic=inc&demo=00010&race=00&sex=0&age=001&type=manyareacensus&sortVariableName=value&sortOrder=asc&output=1,20,inc,manyareacensus
Jefferson County,20087.0,72686.0,574 of 3141,1,county,10,demographics_004.csv,0,0,https://www.statecancerprofiles.cancer.gov/demographics/index.php?stateFIPS=20&areatype=county&topic=inc&demo=00010&race=00&sex=0&age=001&type=manyareacensus&sortVariableName=value&sortOrder=asc&output=1,20,inc,manyareacensus
Nemaha County,20131.0,72823.0,565 of 3141,1,county,10,demographics_004.csv,0,0,https://www.statecancerprofiles.cancer.gov/demographics/index.php?stateFIPS=20&areatype=county&topic=inc&demo=00010&race=00&sex=0&age=001&type=manyareacensus&sortVariableName=value&sortOrder=asc&output=1,20,inc,manyareacensus
Ellis County,20051.0,73107.0,540 of 3141,1,county,10,demographics_004.csv,0,0,https://www.statecancerprofiles.cancer.gov/demographics/index.php?stateFIPS=20&areatype=county&topic=inc&demo=00010&race=00&sex=0&age=001&type=manyareacensus&sortVariableName=value&sortOrder=asc&output=1,20,inc,manyareacensus
Scott County,20171.0,73864.0,503 of 3141,1,county,10,demographics_004.csv,0,0,https://www.statecancerprofiles.cancer.gov/demographics/index.php?stateFIPS=20&areatype=county&topic=inc&demo=00010&race=00&sex=0&age=001&type=manyareacensus&sortVariableName=value&sortOrder=asc&output=1,20,inc,manyareacensus
Pottawatomie County,20149.0,75710.0,437 of 3141,1,county,10,demographics_004.csv,0,0,https://www.statecancerprofiles.cancer.gov/demographics/index.php?stateFIPS=20&areatype=county&topic=inc&demo=00010&race=00&sex=0&age=001&type=manyareacensus&sortVariableName=value&sortOrder=asc&output=1,20,inc,manyareacensus
Butler County,20015.0,76223.0,413 of 3141,1,county,10,demographics_004.csv,0,0,https://www.statecancerprofiles.cancer.gov/demographics/index.php?stateFIPS=20&areatype=county&topic=inc&demo=00010&race=00&sex=0&age=001&type=manyareacensus&sortVariableName=value&sortOrder=asc&output=1,20,inc,manyareacensus
Miami County,20121.0,80057.0,311 of 3141,1,county,10,demographics_004.csv,0,0,https://www.statecancerprofiles.cancer.gov/demographics/index.php?stateFIPS=20&areatype=county&topic=inc&demo=00010&race=00&sex=0&age=001&type=manyareacensus&sortVariableName=value&sortOrder=asc&output=1,20,inc,manyareacensus
Douglas County,20045.0,80752.0,297 of 3141,1,county,10,demographics_004.csv,0,0,https://www.statecancerprofiles.cancer.gov/demographics/index.php?stateFIPS=20&areatype=county&topic=inc&demo=00010&race=00&sex=0&age=001&type=manyareacensus&sortVariableName=value&sortOrder=asc&output=1,20,inc,manyareacensus
Leavenworth County,20103.0,81137.0,289 of 3141,1,county,10,demographics_004.csv,0,0,https://www.statecancerprofiles.cancer.gov/demographics/index.php?stateFIPS=20&areatype=county&topic=inc&demo=00010&race=00&sex=0&age=001&type=manyareacensus&sortVariableName=value&sortOrder=asc&output=1,20,inc,manyareacensus
Wallace County,20199.0,82692.0,257 of 3141,1,county,10,demographics_004.csv,0,0,https://www.statecancerprofiles.cancer.gov/demographics/index.php?stateFIPS=20&areatype=county&topic=inc&demo=00010&race=00&sex=0&age=001&type=manyareacensus&sortVariableName=value&sortOrder=asc&output=1,20,inc,manyareacensus
Johnson County,20091.0,101844.0,75 of 3141,1,county,10,demographics_004.csv,0,0,https://www.statecancerprofiles.cancer.gov/demographics/index.php?stateFIPS=20&areatype=county&topic=inc&demo=00010&race=00&sex=0&age=001&type=manyareacensus&sortVariableName=value&sortOrder=asc&output=1,20,inc,manyareacensus
Kansas,20000.0,55477.0,28 of 52,1,state,11,demographics_005.csv,0,0,https://www.statecancerprofiles.cancer.gov/demographics/index.php?stateFIPS=20&areatype=county&topic=inc&demo=00011&race=00&sex=0&age=001&type=manyareacensus&sortVariableName=value&sortOrder=asc&output=1,20,inc,manyareacensus
United States,0.0,57652.0,,1,country,11,demographics_005.csv,0,0,https://www.statecancerprofiles.cancer.gov/demographics/index.php?stateFIPS=20&areatype=county&topic=inc&demo=00011&race=00&sex=0&age=001&type=manyareacensus&sortVariableName=value&sortOrder=asc&output=1,20,inc,manyareacensus
Woodson County,20207.0,36493.0,2761 of 3141,1,county,11,demographics_005.csv,0,0,https://www.statecancerprofiles.cancer.gov/demographics/index.php?stateFIPS=20&areatype=county&topic=inc&demo=00011&race=00&sex=0&age=001&type=manyareacensus&sortVariableName=value&sortOrder=asc&output=1,20,inc,manyareacensus
Crawford County,20037.0,38017.0,2635 of 3141,1,county,11,demographics_005.csv,0,0,https://www.statecancerprofiles.cancer.gov/demographics/index.php?stateFIPS=20&areatype=county&topic=inc&demo=00011&race=00&sex=0&age=001&type=manyareacensus&sortVariableName=value&sortOrder=asc&output=1,20,inc,manyareacensus
Bourbon County,20011.0,39379.0,2522 of 3141,1,county,11,demographics_005.csv,0,0,https://www.statecancerprofiles.cancer.gov/demographics/index.php?stateFIPS=20&areatype=county&topic=inc&demo=00011&race=00&sex=0&age=001&type=manyareacensus&sortVariableName=value&sortOrder=asc&output=1,20,inc,manyareacensus
Elk County,20049.0,39405.0,2520 of 3141,1,county,11,demographics_005.csv,0,0,https://www.statecancerprofiles.cancer.gov/demographics/index.php?stateFIPS=20&areatype=county&topic=inc&demo=00011&race=00&sex=0&age=001&type=manyareacensus&sortVariableName=value&sortOrder=asc&output=1,20,inc,manyareacensus
Chautauqua County,20019.0,39531.0,2504 of 3141,1,county,11,demographics_005.csv,0,0,https://www.statecancerprofiles.cancer.gov/demographics/index.php?stateFIPS=20&areatype=county&topic=inc&demo=00011&race=00&sex=0&age=001&type=manyareacensus&sortVariableName=value&sortOrder=asc&output=1,20,inc,manyareacensus
Anderson County,20003.0,40986.0,2377 of 3141,1,county,11,demographics_005.csv,0,0,https://www.statecancerprofiles.cancer.gov/demographics/index.php?stateFIPS=20&areatype=county&topic=inc&demo=00011&race=00&sex=0&age=001&type=manyareacensus&sortVariableName=value&sortOrder=asc&output=1,20,inc,manyareacensus
Cherokee County,20021.0,41101.0,2362 of 3141,1,county,11,demographics_005.csv,0,0,https://www.statecancerprofiles.cancer.gov/demographics/index.php?stateFIPS=20&areatype=county&topic=inc&demo=00011&race=00&sex=0&age=001&type=manyareacensus&sortVariableName=value&sortOrder=asc&output=1,20,inc,manyareacensus
Decatur County,20039.0,41230.0,2337 of 3141,1,county,11,demographics_005.csv,0,0,https://www.statecancerprofiles.cancer.gov/demographics/index.php?stateFIPS=20&areatype=county&topic=inc&demo=00011&race=00&sex=0&age=001&type=manyareacensus&sortVariableName=value&sortOrder=asc&output=1,20,inc,manyareacensus
Greenwood County,20073.0,41648.0,2285 of 3141,1,county,11,demographics_005.csv,0,0,https://www.statecancerprofiles.cancer.gov/demographics/index.php?stateFIPS=20&areatype=county&topic=inc&demo=00011&race=00&sex=0&age=001&type=manyareacensus&sortVariableName=value&sortOrder=asc&output=1,20,inc,manyareacensus
Osborne County,20141.0,42173.0,2225 of 3141,1,county,11,demographics_005.csv,0,0,https://www.statecancerprofiles.cancer.gov/demographics/index.php?stateFIPS=20&areatype=county&topic=inc&demo=00011&race=00&sex=0&age=001&type=manyareacensus&sortVariableName=value&sortOrder=asc&output=1,20,inc,manyareacensus
Stanton County,20187.0,42222.0,2217 of 3141,1,county,11,demographics_005.csv,0,0,https://www.statecancerprofiles.cancer.gov/demographics/index.php?stateFIPS=20&areatype=county&topic=inc&demo=00011&race=00&sex=0&age=001&type=manyareacensus&sortVariableName=value&sortOrder=asc&output=1,20,inc,manyareacensus
Chase County,20017.0,42772.0,2164 of 3141,1,county,11,demographics_005.csv,0,0,https://www.statecancerprofiles.cancer.gov/demographics/index.php?stateFIPS=20&areatype=county&topic=inc&demo=00011&race=00&sex=0&age=001&type=manyareacensus&sortVariableName=value&sortOrder=asc&output=1,20,inc,manyareacensus
Wyandotte County,20209.0,42783.0,2162 of 3141,1,county,11,demographics_005.csv,0,0,https://www.statecancerprofiles.cancer.gov/demographics/index.php?stateFIPS=20&areatype=county&topic=inc&demo=00011&race=00&sex=0&age=001&type=manyareacensus&sortVariableName=value&sortOrder=asc&output=1,20,inc,manyareacensus
Lyon County,20111.0,42992.0,2146 of 3141,1,county,11,demographics_005.csv,0,0,https://www.statecancerprofiles.cancer.gov/demographics/index.php?stateFIPS=20&areatype=county&topic=inc&demo=00011&race=00&sex=0&age=001&type=manyareacensus&sortVariableName=value&sortOrder=asc&output=1,20,inc,manyareacensus
Allen County,20001.0,43031.0,2141 of 3141,1,county,11,demographics_005.csv,0,0,https://www.statecancerprofiles.cancer.gov/demographics/index.php?stateFIPS=20&areatype=county&topic=inc&demo=00011&race=00&sex=0&age=001&type=manyareacensus&sortVariableName=value&sortOrder=asc&output=1,20,inc,manyareacensus
Jewell County,20089.0,43125.0,2132 of 3141,1,county,11,demographics_005.csv,0,0,https://www.statecancerprofiles.cancer.gov/demographics/index.php?stateFIPS=20&areatype=county&topic=inc&demo=00011&race=00&sex=0&age=001&type=manyareacensus&sortVariableName=value&sortOrder=asc&output=1,20,inc,manyareacensus
Graham County,20065.0,43427.0,2099 of 3141,1,county,11,demographics_005.csv,0,0,https://www.statecancerprofiles.cancer.gov/demographics/index.php?stateFIPS=20&areatype=county&topic=inc&demo=00011&race=00&sex=0&age=001&type=manyareacensus&sortVariableName=value&sortOrder=asc&output=1,20,inc,manyareacensus
Republic County,20157.0,43489.0,2090 of 3141,1,county,11,demographics_005.csv,0,0,https://www.statecancerprofiles.cancer.gov/demographics/index.php?stateFIPS=20&areatype=county&topic=inc&demo=00011&race=00&sex=0&age=001&type=manyareacensus&sortVariableName=value&sortOrder=asc&output=1,20,inc,manyareacensus
Rush County,20165.0,43594.0,2076 of 3141,1,county,11,demographics_005.csv,0,0,https://www.statecancerprofiles.cancer.gov/demographics/index.php?stateFIPS=20&areatype=county&topic=inc&demo=00011&race=00&sex=0&age=001&type=manyareacensus&sortVariableName=value&sortOrder=asc&output=1,20,inc,manyareacensus
Morton County,20129.0,43813.0,2058 of 3141,1,county,11,demographics_005.csv,0,0,https://www.statecancerprofiles.cancer.gov/demographics/index.php?stateFIPS=20&areatype=county&topic=inc&demo=00011&race=00&sex=0&age=001&type=manyareacensus&sortVariableName=value&sortOrder=asc&output=1,20,inc,manyareacensus
Montgomery County,20125.0,43977.0,2042 of 3141,1,county,11,demographics_005.csv,0,0,https://www.statecancerprofiles.cancer.gov/demographics/index.php?stateFIPS=20&areatype=county&topic=inc&demo=00011&race=00&sex=0&age=001&type=manyareacensus&sortVariableName=value&sortOrder=asc&output=1,20,inc,manyareacensus
Cloud County,20029.0,44199.0,2017 of 3141,1,county,11,demographics_005.csv,0,0,https://www.statecancerprofiles.cancer.gov/demographics/index.php?stateFIPS=20&areatype=county&topic=inc&demo=00011&race=00&sex=0&age=001&type=manyareacensus&sortVariableName=value&sortOrder=asc&output=1,20,inc,manyareacensus
Neosho County,20133.0,44402.0,2001 of 3141,1,county,11,demographics_005.csv,0,0,https://www.statecancerprofiles.cancer.gov/demographics/index.php?stateFIPS=20&areatype=county&topic=inc&demo=00011&race=00&sex=0&age=001&type=manyareacensus&sortVariableName=value&sortOrder=asc&output=1,20,inc,manyareacensus
Wilson County,20205.0,44468.0,1997 of 3141,1,county,11,demographics_005.csv,0,0,https://www.statecancerprofiles.cancer.gov/demographics/index.php?stateFIPS=20&areatype=county&topic=inc&demo=00011&race=00&sex=0&age=001&type=manyareacensus&sortVariableName=value&sortOrder=asc&output=1,20,inc,manyareacensus
Mitchell County,20123.0,44591.0,1980 of 3141,1,county,11,demographics_005.csv,0,0,https://www.statecancerprofiles.cancer.gov/demographics/index.php?stateFIPS=20&areatype=county&topic=inc&demo=00011&race=00&sex=0&age=001&type=manyareacensus&sortVariableName=value&sortOrder=asc&output=1,20,inc,manyareacensus
Smith County,20183.0,45357.0,1889 of 3141,1,county,11,demographics_005.csv,0,0,https://www.statecancerprofiles.cancer.gov/demographics/index.php?stateFIPS=20&areatype=county&topic=inc&demo=00011&race=00&sex=0&age=001&type=manyareacensus&sortVariableName=value&sortOrder=asc&output=1,20,inc,manyareacensus
Labette County,20099.0,45706.0,1843 of 3141,1,county,11,demographics_005.csv,0,0,https://www.statecancerprofiles.cancer.gov/demographics/index.php?stateFIPS=20&areatype=county&topic=inc&demo=00011&race=00&sex=0&age=001&type=manyareacensus&sortVariableName=value&sortOrder=asc&output=1,20,inc,manyareacensus
Barton County,20009.0,46070.0,1807 of 3141,1,county,11,demographics_005.csv,0,0,https://www.statecancerprofiles.cancer.gov/demographics/index.php?stateFIPS=20&areatype=county&topic=inc&demo=00011&race=00&sex=0&age=001&type=manyareacensus&sortVariableName=value&sortOrder=asc&output=1,20,inc,manyareacensus
Clark County,20025.0,46094.0,1805 of 3141,1,county,11,demographics_005.csv,0,0,https://www.statecancerprofiles.cancer.gov/demographics/index.php?stateFIPS=20&areatype=county&topic=inc&demo=00011&race=00&sex=0&age=001&type=manyareacensus&sortVariableName=value&sortOrder=asc&output=1,20,inc,manyareacensus
Geary County,20061.0,46096.0,1802 of 3141,1,county,11,demographics_005.csv,0,0,https://www.statecancerprofiles.cancer.gov/demographics/index.php?stateFIPS=20&areatype=county&topic=inc&demo=00011&race=00&sex=0&age=001&type=manyareacensus&sortVariableName=value&sortOrder=asc&output=1,20,inc,manyareacensus
Pawnee County,20145.0,46224.0,1784 of 3141,1,county,11,demographics_005.csv,0,0,https://www.statecancerprofiles.cancer.gov/demographics/index.php?stateFIPS=20&areatype=county&topic=inc&demo=00011&race=00&sex=0&age=001&type=manyareacensus&sortVariableName=value&sortOrder=asc&output=1,20,inc,manyareacensus
Linn County,20107.0,46576.0,1734 of 3141,1,county,11,demographics_005.csv,0,0,https://www.statecancerprofiles.cancer.gov/demographics/index.php?stateFIPS=20&areatype=county&topic=inc&demo=00011&race=00&sex=0&age=001&type=manyareacensus&sortVariableName=value&sortOrder=asc&output=1,20,inc,manyareacensus
Cowley County,20035.0,46624.0,1725 of 3141,1,county,11,demographics_005.csv,0,0,https://www.statecancerprofiles.cancer.gov/demographics/index.php?stateFIPS=20&areatype=county&topic=inc&demo=00011&race=00&sex=0&age=001&type=manyareacensus&sortVariableName=value&sortOrder=asc&output=1,20,inc,manyareacensus
Atchison County,20005.0,46640.0,1723 of 3141,1,county,11,demographics_005.csv,0,0,https://www.statecancerprofiles.cancer.gov/demographics/index.php?stateFIPS=20&areatype=county&topic=inc&demo=00011&race=00&sex=0&age=001&type=manyareacensus&sortVariableName=value&sortOrder=asc&output=1,20,inc,manyareacensus
Phillips County,20147.0,46806.0,1702 of 3141,1,county,11,demographics_005.csv,0,0,https://www.statecancerprofiles.cancer.gov/demographics/index.php?stateFIPS=20&areatype=county&topic=inc&demo=00011&race=00&sex=0&age=001&type=manyareacensus&sortVariableName=value&sortOrder=asc&output=1,20,inc,manyareacensus
Brown County,20013.0,46964.0,1686 of 3141,1,county,11,demographics_005.csv,0,0,https://www.statecancerprofiles.cancer.gov/demographics/index.php?stateFIPS=20&areatype=county&topic=inc&demo=00011&race=00&sex=0&age=001&type=manyareacensus&sortVariableName=value&sortOrder=asc&output=1,20,inc,manyareacensus
Greeley County,20071.0,47045.0,1679 of 3141,1,county,11,demographics_005.csv,0,0,https://www.statecancerprofiles.cancer.gov/demographics/index.php?stateFIPS=20&areatype=county&topic=inc&demo=00011&race=00&sex=0&age=001&type=manyareacensus&sortVariableName=value&sortOrder=asc&output=1,20,inc,manyareacensus
Stafford County,20185.0,47121.0,1674 of 3141,1,county,11,demographics_005.csv,0,0,https://www.statecancerprofiles.cancer.gov/demographics/index.php?stateFIPS=20&areatype=county&topic=inc&demo=00011&race=00&sex=0&age=001&type=manyareacensus&sortVariableName=value&sortOrder=asc&output=1,20,inc,manyareacensus
Cheyenne County,20023.0,47167.0,1665 of 3141,1,county,11,demographics_005.csv,0,0,https://www.statecancerprofiles.cancer.gov/demographics/index.php?stateFIPS=20&areatype=county&topic=inc&demo=00011&race=00&sex=0&age=001&type=manyareacensus&sortVariableName=value&sortOrder=asc&output=1,20,inc,manyareacensus
Seward County,20175.0,47535.0,1619 of 3141,1,county,11,demographics_005.csv,0,0,https://www.statecancerprofiles.cancer.gov/demographics/index.php?stateFIPS=20&areatype=county&topic=inc&demo=00011&race=00&sex=0&age=001&type=manyareacensus&sortVariableName=value&sortOrder=asc&output=1,20,inc,manyareacensus
Reno County,20155.0,47897.0,1587 of 3141,1,county,11,demographics_005.csv,0,0,https://www.statecancerprofiles.cancer.gov/demographics/index.php?stateFIPS=20&areatype=county&topic=inc&demo=00011&race=00&sex=0&age=001&type=manyareacensus&sortVariableName=value&sortOrder=asc&output=1,20,inc,manyareacensus
Washington County,20201.0,47992.0,1577 of 3141,1,county,11,demographics_005.csv,0,0,https://www.statecancerprofiles.cancer.gov/demographics/index.php?stateFIPS=20&areatype=county&topic=inc&demo=00011&race=00&sex=0&age=001&type=manyareacensus&sortVariableName=value&sortOrder=asc&output=1,20,inc,manyareacensus
Harper County,20077.0,48059.0,1570 of 3141,1,county,11,demographics_005.csv,0,0,https://www.statecancerprofiles.cancer.gov/demographics/index.php?stateFIPS=20&areatype=county&topic=inc&demo=00011&race=00&sex=0&age=001&type=manyareacensus&sortVariableName=value&sortOrder=asc&output=1,20,inc,manyareacensus
Hamilton County,20075.0,48160.0,1562 of 3141,1,county,11,demographics_005.csv,0,0,https://www.statecancerprofiles.cancer.gov/demographics/index.php?stateFIPS=20&areatype=county&topic=inc&demo=00011&race=00&sex=0&age=001&type=manyareacensus&sortVariableName=value&sortOrder=asc&output=1,20,inc,manyareacensus
Kiowa County,20097.0,48226.0,1551 of 3141,1,county,11,demographics_005.csv,0,0,https://www.statecancerprofiles.cancer.gov/demographics/index.php?stateFIPS=20&areatype=county&topic=inc&demo=00011&race=00&sex=0&age=001&type=manyareacensus&sortVariableName=value&sortOrder=asc&output=1,20,inc,manyareacensus
Rice County,20159.0,48333.0,1539 of 3141,1,county,11,demographics_005.csv,0,0,https://www.statecancerprofiles.cancer.gov/demographics/index.php?stateFIPS=20&areatype=county&topic=inc&demo=00011&race=00&sex=0&age=001&type=manyareacensus&sortVariableName=value&sortOrder=asc&output=1,20,inc,manyareacensus
Rooks County,20163.0,48352.0,1535 of 3141,1,county,11,demographics_005.csv,0,0,https://www.statecancerprofiles.cancer.gov/demographics/index.php?stateFIPS=20&areatype=county&topic=inc&demo=00011&race=00&sex=0&age=001&type=manyareacensus&sortVariableName=value&sortOrder=asc&output=1,20,inc,manyareacensus
Ness County,20135.0,48412.0,1521 of 3141,1,county,11,demographics_005.csv,0,0,https://www.statecancerprofiles.cancer.gov/demographics/index.php?stateFIPS=20&areatype=county&topic=inc&demo=00011&race=00&sex=0&age=001&type=manyareacensus&sortVariableName=value&sortOrder=asc&output=1,20,inc,manyareacensus
Russell County,20167.0,48427.0,1518 of 3141,1,county,11,demographics_005.csv,0,0,https://www.statecancerprofiles.cancer.gov/demographics/index.php?stateFIPS=20&areatype=county&topic=inc&demo=00011&race=00&sex=0&age=001&type=manyareacensus&sortVariableName=value&sortOrder=asc&output=1,20,inc,manyareacensus
Riley County,20161.0,48428.0,1517 of 3141,1,county,11,demographics_005.csv,0,0,https://www.statecancerprofiles.cancer.gov/demographics/index.php?stateFIPS=20&areatype=county&topic=inc&demo=00011&race=00&sex=0&age=001&type=manyareacensus&sortVariableName=value&sortOrder=asc&output=1,20,inc,manyareacensus
Ellsworth County,20053.0,48550.0,1507 of 3141,1,county,11,demographics_005.csv,0,0,https://www.statecancerprofiles.cancer.gov/demographics/index.php?stateFIPS=20&areatype=county&topic=inc&demo=00011&race=00&sex=0&age=001&type=manyareacensus&sortVariableName=value&sortOrder=asc&output=1,20,inc,manyareacensus
Lincoln County,20105.0,48693.0,1493 of 3141,1,county,11,demographics_005.csv,0,0,https://www.statecancerprofiles.cancer.gov/demographics/index.php?stateFIPS=20&areatype=county&topic=inc&demo=00011&race=00&sex=0&age=001&type=manyareacensus&sortVariableName=value&sortOrder=asc&output=1,20,inc,manyareacensus
Ellis County,20051.0,49562.0,1415 of 3141,1,county,11,demographics_005.csv,0,0,https://www.statecancerprofiles.cancer.gov/demographics/index.php?stateFIPS=20&areatype=county&topic=inc&demo=00011&race=00&sex=0&age=001&type=manyareacensus&sortVariableName=value&sortOrder=asc&output=1,20,inc,manyareacensus
Dickinson County,20041.0,49663.0,1403 of 3141,1,county,11,demographics_005.csv,0,0,https://www.statecancerprofiles.cancer.gov/demographics/index.php?stateFIPS=20&areatype=county&topic=inc&demo=00011&race=00&sex=0&age=001&type=manyareacensus&sortVariableName=value&sortOrder=asc&output=1,20,inc,manyareacensus
Saline County,20169.0,49728.0,1390 of 3141,1,county,11,demographics_005.csv,0,0,https://www.statecancerprofiles.cancer.gov/demographics/index.php?stateFIPS=20&areatype=county&topic=inc&demo=00011&race=00&sex=0&age=001&type=manyareacensus&sortVariableName=value&sortOrder=asc&output=1,20,inc,manyareacensus
Ford County,20057.0,49890.0,1372 of 3141,1,county,11,demographics_005.csv,0,0,https://www.statecancerprofiles.cancer.gov/demographics/index.php?stateFIPS=20&areatype=county&topic=inc&demo=00011&race=00&sex=0&age=001&type=manyareacensus&sortVariableName=value&sortOrder=asc&output=1,20,inc,manyareacensus
Logan County,20109.0,49926.0,1370 of 3141,1,county,11,demographics_005.csv,0,0,https://www.statecancerprofiles.cancer.gov/demographics/index.php?stateFIPS=20&areatype=county&topic=inc&demo=00011&race=00&sex=0&age=001&type=manyareacensus&sortVariableName=value&sortOrder=asc&output=1,20,inc,manyareacensus
Marion County,20115.0,50212.0,1334 of 3141,1,county,11,demographics_005.csv,0,0,https://www.statecancerprofiles.cancer.gov/demographics/index.php?stateFIPS=20&areatype=county&topic=inc&demo=00011&race=00&sex=0&age=001&type=manyareacensus&sortVariableName=value&sortOrder=asc&output=1,20,inc,manyareacensus
Edwards County,20047.0,50229.0,1333 of 3141,1,county,11,demographics_005.csv,0,0,https://www.statecancerprofiles.cancer.gov/demographics/index.php?stateFIPS=20&areatype=county&topic=inc&demo=00011&race=00&sex=0&age=001&type=manyareacensus&sortVariableName=value&sortOrder=asc&output=1,20,inc,manyareacensus
Doniphan County,20043.0,50300.0,1319 of 3141,1,county,11,demographics_005.csv,0,0,https://www.statecancerprofiles.cancer.gov/demographics/index.php?stateFIPS=20&areatype=county&topic=inc&demo=00011&race=00&sex=0&age=001&type=manyareacensus&sortVariableName=value&sortOrder=asc&output=1,20,inc,manyareacensus
Morris County,20127.0,50338.0,1314 of 3141,1,county,11,demographics_005.csv,0,0,https://www.statecancerprofiles.cancer.gov/demographics/index.php?stateFIPS=20&areatype=county&topic=inc&demo=00011&race=00&sex=0&age=001&type=manyareacensus&sortVariableName=value&sortOrder=asc&output=1,20,inc,manyareacensus
Marshall County,20117.0,50420.0,1307 of 3141,1,county,11,demographics_005.csv,0,0,https://www.statecancerprofiles.cancer.gov/demographics/index.php?stateFIPS=20&areatype=county&topic=inc&demo=00011&race=00&sex=0&age=001&type=manyareacensus&sortVariableName=value&sortOrder=asc&output=1,20,inc,manyareacensus
Norton County,20137.0,50673.0,1278 of 3141,1,county,11,demographics_005.csv,0,0,https://www.statecancerprofiles.cancer.gov/demographics/index.php?stateFIPS=20&areatype=county&topic=inc&demo=00011&race=00&sex=0&age=001&type=manyareacensus&sortVariableName=value&sortOrder=asc&output=1,20,inc,manyareacensus
Gove County,20063.0,50817.0,1261 of 3141,1,county,11,demographics_005.csv,0,0,https://www.statecancerprofiles.cancer.gov/demographics/index.php?stateFIPS=20&areatype=county&topic=inc&demo=00011&race=00&sex=0&age=001&type=manyareacensus&sortVariableName=value&sortOrder=asc&output=1,20,inc,manyareacensus
Rawlins County,20153.0,50893.0,1246 of 3141,1,county,11,demographics_005.csv,0,0,https://www.statecancerprofiles.cancer.gov/demographics/index.php?stateFIPS=20&areatype=county&topic=inc&demo=00011&race=00&sex=0&age=001&type=manyareacensus&sortVariableName=value&sortOrder=asc&output=1,20,inc,manyareacensus
Kearny County,20093.0,51439.0,1183 of 3141,1,county,11,demographics_005.csv,0,0,https://www.statecancerprofiles.cancer.gov/demographics/index.php?stateFIPS=20&areatype=county&topic=inc&demo=00011&race=00&sex=0&age=001&type=manyareacensus&sortVariableName=value&sortOrder=asc&output=1,20,inc,manyareacensus
Comanche County,20033.0,51563.0,1166 of 3141,1,county,11,demographics_005.csv,0,0,https://www.statecancerprofiles.cancer.gov/demographics/index.php?stateFIPS=20&areatype=county&topic=inc&demo=00011&race=00&sex=0&age=001&type=manyareacensus&sortVariableName=value&sortOrder=asc&output=1,20,inc,manyareacensus
Finney County,20055.0,51703.0,1153 of 3141,1,county,11,demographics_005.csv,0,0,https://www.statecancerprofiles.cancer.gov/demographics/index.php?stateFIPS=20&areatype=county&topic=inc&demo=00011&race=00&sex=0&age=001&type=manyareacensus&sortVariableName=value&sortOrder=asc&output=1,20,inc,manyareacensus
Lane County,20101.0,51765.0,1143 of 3141,1,county,11,demographics_005.csv,0,0,https://www.statecancerprofiles.cancer.gov/demographics/index.php?stateFIPS=20&areatype=county&topic=inc&demo=00011&race=00&sex=0&age=001&type=manyareacensus&sortVariableName=value&sortOrder=asc&output=1,20,inc,manyareacensus
Ottawa County,20143.0,51797.0,1141 of 3141,1,county,11,demographics_005.csv,0,0,https://www.statecancerprofiles.cancer.gov/demographics/index.php?stateFIPS=20&areatype=county&topic=inc&demo=00011&race=00&sex=0&age=001&type=manyareacensus&sortVariableName=value&sortOrder=asc&output=1,20,inc,manyareacensus
Sherman County,20181.0,52030.0,1115 of 3141,1,county,11,demographics_005.csv,0,0,https://www.statecancerprofiles.cancer.gov/demographics/index.php?stateFIPS=20&areatype=county&topic=inc&demo=00011&race=00&sex=0&age=001&type=manyareacensus&sortVariableName=value&sortOrder=asc&output=1,20,inc,manyareacensus
Barber County,20007.0,52075.0,1108 of 3141,1,county,11,demographics_005.csv,0,0,https://www.statecancerprofiles.cancer.gov/demographics/index.php?stateFIPS=20&areatype=county&topic=inc&demo=00011&race=00&sex=0&age=001&type=manyareacensus&sortVariableName=value&sortOrder=asc&output=1,20,inc,manyareacensus
Thomas County,20193.0,52465.0,1064 of 3141,1,county,11,demographics_005.csv,0,0,https://www.statecancerprofiles.cancer.gov/demographics/index.php?stateFIPS=20&areatype=county&topic=inc&demo=00011&race=00&sex=0&age=001&type=manyareacensus&sortVariableName=value&sortOrder=asc&output=1,20,inc,manyareacensus
Sumner County,20191.0,52695.0,1042 of 3141,1,county,11,demographics_005.csv,0,0,https://www.statecancerprofiles.cancer.gov/demographics/index.php?stateFIPS=20&areatype=county&topic=inc&demo=00011&race=00&sex=0&age=001&type=manyareacensus&sortVariableName=value&sortOrder=asc&output=1,20,inc,manyareacensus
Sedgwick County,20173.0,52841.0,1028 of 3141,1,county,11,demographics_005.csv,0,0,https://www.statecancerprofiles.cancer.gov/demographics/index.php?stateFIPS=20&areatype=county&topic=inc&demo=00011&race=00&sex=0&age=001&type=manyareacensus&sortVariableName=value&sortOrder=asc&output=1,20,inc,manyareacensus
Franklin County,20059.0,53167.0,1004 of 3141,1,county,11,demographics_005.csv,0,0,https://www.statecancerprofiles.cancer.gov/demographics/index.php?stateFIPS=20&areatype=county&topic=inc&demo=00011&race=00&sex=0&age=001&type=manyareacensus&sortVariableName=value&sortOrder=asc&output=1,20,inc,manyareacensus
Nemaha County,20131.0,53368.0,991 of 3141,1,county,11,demographics_005.csv,0,0,https://www.statecancerprofiles.cancer.gov/demographics/index.php?stateFIPS=20&areatype=county&topic=inc&demo=00011&race=00&sex=0&age=001&type=manyareacensus&sortVariableName=value&sortOrder=asc&output=1,20,inc,manyareacensus
Pratt County,20151.0,53415.0,988 of 3141,1,county,11,demographics_005.csv,0,0,https://www.statecancerprofiles.cancer.gov/demographics/index.php?stateFIPS=20&areatype=county&topic=inc&demo=00011&race=00&sex=0&age=001&type=manyareacensus&sortVariableName=value&sortOrder=asc&output=1,20,inc,manyareacensus
Jackson County,20085.0,53592.0,973 of 3141,1,county,11,demographics_005.csv,0,0,https://www.statecancerprofiles.cancer.gov/demographics/index.php?stateFIPS=20&areatype=county&topic=inc&demo=00011&race=00&sex=0&age=001&type=manyareacensus&sortVariableName=value&sortOrder=asc&output=1,20,inc,manyareacensus
Haskell County,20081.0,53780.0,946 of 3141,1,county,11,demographics_005.csv,0,0,https://www.statecancerprofiles.cancer.gov/demographics/index.php?stateFIPS=20&areatype=county&topic=inc&demo=00011&race=00&sex=0&age=001&type=manyareacensus&sortVariableName=value&sortOrder=asc&output=1,20,inc,manyareacensus
Meade County,20119.0,54167.0,908 of 3141,1,county,11,demographics_005.csv,0,0,https://www.statecancerprofiles.cancer.gov/demographics/index.php?stateFIPS=20&areatype=county&topic=inc&demo=00011&race=00&sex=0&age=001&type=manyareacensus&sortVariableName=value&sortOrder=asc&output=1,20,inc,manyareacensus
Osage County,20139.0,54186.0,904 of 3141,1,county,11,demographics_005.csv,0,0,https://www.statecancerprofiles.cancer.gov/demographics/index.php?stateFIPS=20&areatype=county&topic=inc&demo=00011&race=00&sex=0&age=001&type=manyareacensus&sortVariableName=value&sortOrder=asc&output=1,20,inc,manyareacensus
Douglas County,20045.0,54370.0,892 of 3141,1,county,11,demographics_005.csv,0,0,https://www.statecancerprofiles.cancer.gov/demographics/index.php?stateFIPS=20&areatype=county&topic=inc&demo=00011&race=00&sex=0&age=001&type=manyareacensus&sortVariableName=value&sortOrder=asc&output=1,20,inc,manyareacensus
Shawnee County,20177.0,54667.0,862 of 3141,1,county,11,demographics_005.csv,0,0,https://www.statecancerprofiles.cancer.gov/demographics/index.php?stateFIPS=20&areatype=county&topic=inc&demo=00011&race=00&sex=0&age=001&type=manyareacensus&sortVariableName=value&sortOrder=asc&output=1,20,inc,manyareacensus
Wichita County,20203.0,55109.0,834 of 3141,1,county,11,demographics_005.csv,0,0,https://www.statecancerprofiles.cancer.gov/demographics/index.php?stateFIPS=20&areatype=county&topic=inc&demo=00011&race=00&sex=0&age=001&type=manyareacensus&sortVariableName=value&sortOrder=asc&output=1,20,inc,manyareacensus
Trego County,20195.0,55197.0,823 of 3141,1,county,11,demographics_005.csv,0,0,https://www.statecancerprofiles.cancer.gov/demographics/index.php?stateFIPS=20&areatype=county&topic=inc&demo=00011&race=00&sex=0&age=001&type=manyareacensus&sortVariableName=value&sortOrder=asc&output=1,20,inc,manyareacensus
Hodgeman County,20083.0,55345.0,811 of 3141,1,county,11,demographics_005.csv,0,0,https://www.statecancerprofiles.cancer.gov/demographics/index.php?stateFIPS=20&areatype=county&topic=inc&demo=00011&race=00&sex=0&age=001&type=manyareacensus&sortVariableName=value&sortOrder=asc&output=1,20,inc,manyareacensus
Clay County,20027.0,55434.0,806 of 3141,1,county,11,demographics_005.csv,0,0,https://www.statecancerprofiles.cancer.gov/demographics/index.php?stateFIPS=20&areatype=county&topic=inc&demo=00011&race=00&sex=0&age=001&type=manyareacensus&sortVariableName=value&sortOrder=asc&output=1,20,inc,manyareacensus
Harvey County,20079.0,55687.0,792 of 3141,1,county,11,demographics_005.csv,0,0,https://www.statecancerprofiles.cancer.gov/demographics/index.php?stateFIPS=20&areatype=county&topic=inc&demo=00011&race=00&sex=0&age=001&type=manyareacensus&sortVariableName=value&sortOrder=asc&output=1,20,inc,manyareacensus
Sheridan County,20179.0,56607.0,718 of 3141,1,county,11,demographics_005.csv,0,0,https://www.statecancerprofiles.cancer.gov/demographics/index.php?stateFIPS=20&areatype=county&topic=inc&demo=00011&race=00&sex=0&age=001&type=manyareacensus&sortVariableName=value&sortOrder=asc&output=1,20,inc,manyareacensus
McPherson County,20113.0,56946.0,702 of 3141,1,county,11,demographics_005.csv,0,0,https://www.statecancerprofiles.cancer.gov/demographics/index.php?stateFIPS=20&areatype=county&topic=inc&demo=00011&race=00&sex=0&age=001&type=manyareacensus&sortVariableName=value&sortOrder=asc&output=1,20,inc,manyareacensus
Grant County,20067.0,57474.0,663 of 3141,1,county,11,demographics_005.csv,0,0,https://www.statecancerprofiles.cancer.gov/demographics/index.php?stateFIPS=20&areatype=county&topic=inc&demo=00011&race=00&sex=0&age=001&type=manyareacensus&sortVariableName=value&sortOrder=asc&output=1,20,inc,manyareacensus
Stevens County,20189.0,57500.0,661 of 3141,1,county,11,demographics_005.csv,0,0,https://www.statecancerprofiles.cancer.gov/demographics/index.php?stateFIPS=20&areatype=county&topic=inc&demo=00011&race=00&sex=0&age=001&type=manyareacensus&sortVariableName=value&sortOrder=asc&output=1,20,inc,manyareacensus
Kingman County,20095.0,57593.0,654 of 3141,1,county,11,demographics_005.csv,0,0,https://www.statecancerprofiles.cancer.gov/demographics/index.php?stateFIPS=20&areatype=county&topic=inc&demo=00011&race=00&sex=0&age=001&type=manyareacensus&sortVariableName=value&sortOrder=asc&output=1,20,inc,manyareacensus
Coffey County,20031.0,58662.0,593 of 3141,1,county,11,demographics_005.csv,0,0,https://www.statecancerprofiles.cancer.gov/demographics/index.php?stateFIPS=20&areatype=county&topic=inc&demo=00011&race=00&sex=0&age=001&type=manyareacensus&sortVariableName=value&sortOrder=asc&output=1,20,inc,manyareacensus
Jefferson County,20087.0,58935.0,576 of 3141,1,county,11,demographics_005.csv,0,0,https://www.statecancerprofiles.cancer.gov/demographics/index.php?stateFIPS=20&areatype=county&topic=inc&demo=00011&race=00&sex=0&age=001&type=manyareacensus&sortVariableName=value&sortOrder=asc&output=1,20,inc,manyareacensus
Wabaunsee County,20197.0,58947.0,575 of 3141,1,county,11,demographics_005.csv,0,0,https://www.statecancerprofiles.cancer.gov/demographics/index.php?stateFIPS=20&areatype=county&topic=inc&demo=00011&race=00&sex=0&age=001&type=manyareacensus&sortVariableName=value&sortOrder=asc&output=1,20,inc,manyareacensus
Wallace County,20199.0,60000.0,522 of 3141,1,county,11,demographics_005.csv,0,0,https://www.statecancerprofiles.cancer.gov/demographics/index.php?stateFIPS=20&areatype=county&topic=inc&demo=00011&race=00&sex=0&age=001&type=manyareacensus&sortVariableName=value&sortOrder=asc&output=1,20,inc,manyareacensus
Gray County,20069.0,61220.0,459 of 3141,1,county,11,demographics_005.csv,0,0,https://www.statecancerprofiles.cancer.gov/demographics/index.php?stateFIPS=20&areatype=county&topic=inc&demo=00011&race=00&sex=0&age=001&type=manyareacensus&sortVariableName=value&sortOrder=asc&output=1,20,inc,manyareacensus
Scott County,20171.0,62198.0,416 of 3141,1,county,11,demographics_005.csv,0,0,https://www.statecancerprofiles.cancer.gov/demographics/index.php?stateFIPS=20&areatype=county&topic=inc&demo=00011&race=00&sex=0&age=001&type=manyareacensus&sortVariableName=value&sortOrder=asc&output=1,20,inc,manyareacensus
Butler County,20015.0,62324.0,411 of 3141,1,county,11,demographics_005.csv,0,0,https://www.statecancerprofiles.cancer.gov/demographics/index.php?stateFIPS=20&areatype=county&topic=inc&demo=00011&race=00&sex=0&age=001&type=manyareacensus&sortVariableName=value&sortOrder=asc&output=1,20,inc,manyareacensus
Miami County,20121.0,63501.0,359 of 3141,1,county,11,demographics_005.csv,0,0,https://www.statecancerprofiles.cancer.gov/demographics/index.php?stateFIPS=20&areatype=county&topic=inc&demo=00011&race=00&sex=0&age=001&type=manyareacensus&sortVariableName=value&sortOrder=asc&output=1,20,inc,manyareacensus
Pottawatomie County,20149.0,64410.0,338 of 3141,1,county,11,demographics_005.csv,0,0,https://www.statecancerprofiles.cancer.gov/demographics/index.php?stateFIPS=20&areatype=county&topic=inc&demo=00011&race=00&sex=0&age=001&type=manyareacensus&sortVariableName=value&sortOrder=asc&output=1,20,inc,manyareacensus
Leavenworth County,20103.0,70022.0,218 of 3141,1,county,11,demographics_005.csv,0,0,https://www.statecancerprofiles.cancer.gov/demographics/index.php?stateFIPS=20&areatype=county&topic=inc&demo=00011&race=00&sex=0&age=001&type=manyareacensus&sortVariableName=value&sortOrder=asc&output=1,20,inc,manyareacensus
Johnson County,20091.0,81121.0,96 of 3141,1,county,11,demographics_005.csv,0,0,https://www.statecancerprofiles.cancer.gov/demographics/index.php?stateFIPS=20&areatype=county&topic=inc&demo=00011&race=00&sex=0&age=001&type=manyareacensus&sortVariableName=value&sortOrder=asc&output=1,20,inc,manyareacensus
