locale,fips,value (percent),people (haven't moved),rank within us,age,areatype,demo,file_name,race,sex,source_url,stateFIPS,topic,type,people (moved within county),people (moved from different county in same state),people (moved from different state),people (moved from outside us)
United States,0.0,85.4,270854872.0,,1,country,17,demographics_008.csv,0,0,https://www.statecancerprofiles.cancer.gov/demographics/index.php?stateFIPS=34&areatype=county&topic=mob&demo=00017&race=00&sex=0&age=001&type=manyareacensus&sortVariableName=value&sortOrder=asc&output=1,34,mob,manyareacensus,,,,
New Jersey,34000.0,90.0,7979864.0,1 of 51,1,county,17,demographics_008.csv,0,0,https://www.statecancerprofiles.cancer.gov/demographics/index.php?stateFIPS=34&areatype=county&topic=mob&demo=00017&race=00&sex=0&age=001&type=manyareacensus&sortVariableName=value&sortOrder=asc&output=1,34,mob,manyareacensus,,,,
Hudson County,34017.0,86.6,580299.0,1758 of 3140,1,county,17,demographics_008.csv,0,0,https://www.statecancerprofiles.cancer.gov/demographics/index.php?stateFIPS=34&areatype=county&topic=mob&demo=00017&race=00&sex=0&age=001&type=manyareacensus&sortVariableName=value&sortOrder=asc&output=1,34,mob,manyareacensus,,,,
Mercer County,34021.0,86.6,320242.0,1744 of 3140,1,county,17,demographics_008.csv,0,0,https://www.statecancerprofiles.cancer.gov/demographics/index.php?stateFIPS=34&areatype=county&topic=mob&demo=00017&race=00&sex=0&age=001&type=manyareacensus&sortVariableName=value&sortOrder=asc&output=1,34,mob,manyareacensus,,,,
Atlantic County,34001.0,87.5,236447.0,1439 of 3140,1,county,17,demographics_008.csv,0,0,https://www.statecancerprofiles.cancer.gov/demographics/index.php?stateFIPS=34&areatype=county&topic=mob&demo=00017&race=00&sex=0&age=001&type=manyareacensus&sortVariableName=value&sortOrder=asc&output=1,34,mob,manyareacensus,,,,
Cumberland County,34011.0,88.3,135356.0,1162 of 3140,1,county,17,demographics_008.csv,0,0,https://www.statecancerprofiles.cancer.gov/demographics/index.php?stateFIPS=34&areatype=county&topic=mob&demo=00017&race=00&sex=0&age=001&type=manyareacensus&sortVariableName=value&sortOrder=asc&output=1,34,mob,manyareacensus,,,,
Camden County,34007.0,88.7,447846.0,1034 of 3140,1,county,17,demographics_008.csv,0,0,https://www.statecancerprofiles.cancer.gov/demographics/index.php?stateFIPS=34&areatype=county&topic=mob&demo=00017&race=00&sex=0&age=001&type=manyareacensus&sortVariableName=value&sortOrder=asc&output=1,34,mob,manyareacensus,,,,
Cape May County,34009.0,89.5,83966.0,778 of 3140,1,county,17,demographics_008.csv,0,0,https://www.statecancerprofiles.cancer.gov/demographics/index.php?stateFIPS=34&areatype=county&topic=mob&demo=00017&race=00&sex=0&age=001&type=manyareacensus&sortVariableName=value&sortOrder=asc&output=1,34,mob,manyareacensus,,,,
Essex County,34013.0,89.5,708151.0,760 of 3140,1,county,17,demographics_008.csv,0,0,https://www.statecancerprofiles.cancer.gov/demographics/index.php?stateFIPS=34&areatype=county&topic=mob&demo=00017&race=00&sex=0&age=001&type=manyareacensus&sortVariableName=value&sortOrder=asc&output=1,34,mob,manyareacensus,,,,
Warren County,34041.0,89.7,95381.0,706 of 3140,1,county,17,demographics_008.csv,0,0,https://www.statecancerprofiles.cancer.gov/demographics/index.php?stateFIPS=34&areatype=county&topic=mob&demo=00017&race=00&sex=0&age=001&type=manyareacensus&sortVariableName=value&sortOrder=asc&output=1,34,mob,manyareacensus,,,,
Burlington County,34005.0,89.8,399638.0,682 of 3140,1,county,17,demographics_008.csv,0,0,https://www.statecancerprofiles.cancer.gov/demographics/index.php?stateFIPS=34&areatype=county&topic=mob&demo=00017&race=00&sex=0&age=001&type=manyareacensus&sortVariableName=value&sortOrder=asc&output=1,34,mob,manyareacensus,,,,
Ocean County,34029.0,90.1,524421.0,599 of 3140,1,county,17,demographics_008.csv,0,0,https://www.statecancerprofiles.cancer.gov/demographics/index.php?stateFIPS=34&areatype=county&topic=mob&demo=00017&race=00&sex=0&age=001&type=manyareacensus&sortVariableName=value&sortOrder=asc&output=1,34,mob,manyareacensus,,,,
Middlesex County,34023.0,90.3,747731.0,556 of 3140,1,county,17,demographics_008.csv,0,0,https://www.statecancerprofiles.cancer.gov/demographics/index.php?stateFIPS=34&areatype=county&topic=mob&demo=00017&race=00&sex=0&age=001&type=manyareacensus&sortVariableName=value&sortOrder=asc&output=1,34,mob,manyareacensus,,,,
Salem County,34033.0,90.3,57118.0,549 of 3140,1,county,17,demographics_008.csv,0,0,https://www.statecancerprofiles.cancer.gov/demographics/index.php?stateFIPS=34&areatype=county&topic=mob&demo=00017&race=00&sex=0&age=001&type=manyareacensus&sortVariableName=value&sortOrder=asc&output=1,34,mob,manyareacensus,,,,
Union County,34039.0,90.4,497995.0,527 of 3140,1,county,17,demographics_008.csv,0,0,https://www.statecancerprofiles.cancer.gov/demographics/index.php?stateFIPS=34&areatype=county&topic=mob&demo=00017&race=00&sex=0&age=001&type=manyareacensus&sortVariableName=value&sortOrder=asc&output=1,34,mob,manyareacensus,,,,
Gloucester County,34015.0,90.6,261349.0,499 of 3140,1,county,17,demographics_008.csv,0,0,https://www.statecancerprofiles.cancer.gov/demographics/index.php?stateFIPS=34&areatype=county&topic=mob&demo=00017&race=00&sex=0&age=001&type=manyareacensus&sortVariableName=value&sortOrder=asc&output=1,34,mob,manyareacensus,,,,
Monmouth County,34025.0,90.9,565462.0,435 of 3140,1,county,17,demographics_008.csv,0,0,https://www.statecancerprofiles.cancer.gov/demographics/index.php?stateFIPS=34&areatype=county&topic=mob&demo=00017&race=00&sex=0&age=001&type=manyareacensus&sortVariableName=value&sortOrder=asc&output=1,34,mob,manyareacensus,,,,
Bergen County,34003.0,91.1,846914.0,386 of 3140,1,county,17,demographics_008.csv,0,0,https://www.statecancerprofiles.cancer.gov/demographics/index.php?stateFIPS=34&areatype=county&topic=mob&demo=00017&race=00&sex=0&age=001&type=manyareacensus&sortVariableName=value&sortOrder=asc&output=1,34,mob,manyareacensus,,,,
Somerset County,34035.0,91.3,301256.0,361 of 3140,1,county,17,demographics_008.csv,0,0,https://www.statecancerprofiles.cancer.gov/demographics/index.php?stateFIPS=34&areatype=county&topic=mob&demo=00017&race=00&sex=0&age=001&type=manyareacensus&sortVariableName=value&sortOrder=asc&output=1,34,mob,manyareacensus,,,,
Hunterdon County,34019.0,91.5,114154.0,308 of 3140,1,county,17,demographics_008.csv,0,0,https://www.statecancerprofiles.cancer.gov/demographics/index.php?stateFIPS=34&areatype=county&topic=mob&demo=00017&race=00&sex=0&age=001&type=manyareacensus&sortVariableName=value&sortOrder=asc&output=1,34,mob,manyareacensus,,,,
Sussex County,34037.0,92.4,131442.0,197 of 3140,1,county,17,demographics_008.csv,0,0,https://www.statecancerprofiles.cancer.gov/demographics/index.php?stateFIPS=34&areatype=county&topic=mob&demo=00017&race=00&sex=0&age=001&type=manyareacensus&sortVariableName=value&sortOrder=asc&output=1,34,mob,manyareacensus,,,,
Morris County,34027.0,92.4,456699.0,195 of 3140,1,county,17,demographics_008.csv,0,0,https://www.statecancerprofiles.cancer.gov/demographics/index.php?stateFIPS=34&areatype=county&topic=mob&demo=00017&race=00&sex=0&age=001&type=manyareacensus&sortVariableName=value&sortOrder=asc&output=1,34,mob,manyareacensus,,,,
Passaic County,34031.0,92.8,467997.0,150 of 3140,1,county,17,demographics_008.csv,0,0,https://www.statecancerprofiles.cancer.gov/demographics/index.php?stateFIPS=34&areatype=county&topic=mob&demo=00017&race=00&sex=0&age=001&type=manyareacensus&sortVariableName=value&sortOrder=asc&output=1,34,mob,manyareacensus,,,,
New Jersey,34000.0,5.3,,1 of 51,1,county,18,demographics_009.csv,0,0,https://www.statecancerprofiles.cancer.gov/demographics/index.php?stateFIPS=34&areatype=county&topic=mob&demo=00018&race=00&sex=0&age=001&type=manyareacensus&sortVariableName=value&sortOrder=asc&output=1,34,mob,manyareacensus,472313.0,,,
United States,0.0,8.4,,,1,country,18,demographics_009.csv,0,0,https://www.statecancerprofiles.cancer.gov/demographics/index.php?stateFIPS=34&areatype=county&topic=mob&demo=00018&race=00&sex=0&age=001&type=manyareacensus&sortVariableName=value&sortOrder=asc&output=1,34,mob,manyareacensus,26717038.0,,,
Hunterdon County,34019.0,3.0,,262 of 3140,1,county,18,demographics_009.csv,0,0,https://www.statecancerprofiles.cancer.gov/demographics/index.php?stateFIPS=34&areatype=county&topic=mob&demo=00018&race=00&sex=0&age=001&type=manyareacensus&sortVariableName=value&sortOrder=asc&output=1,34,mob,manyareacensus,3732.0,,,
Somerset County,34035.0,3.4,,349 of 3140,1,county,18,demographics_009.csv,0,0,https://www.statecancerprofiles.cancer.gov/demographics/index.php?stateFIPS=34&areatype=county&topic=mob&demo=00018&race=00&sex=0&age=001&type=manyareacensus&sortVariableName=value&sortOrder=asc&output=1,34,mob,manyareacensus,11252.0,,,
Morris County,34027.0,3.4,,354 of 3140,1,county,18,demographics_009.csv,0,0,https://www.statecancerprofiles.cancer.gov/demographics/index.php?stateFIPS=34&areatype=county&topic=mob&demo=00018&race=00&sex=0&age=001&type=manyareacensus&sortVariableName=value&sortOrder=asc&output=1,34,mob,manyareacensus,16970.0,,,
Passaic County,34031.0,3.7,,441 of 3140,1,county,18,demographics_009.csv,0,0,https://www.statecancerprofiles.cancer.gov/demographics/index.php?stateFIPS=34&areatype=county&topic=mob&demo=00018&race=00&sex=0&age=001&type=manyareacensus&sortVariableName=value&sortOrder=asc&output=1,34,mob,manyareacensus,18759.0,,,
Sussex County,34037.0,3.8,,459 of 3140,1,county,18,demographics_009.csv,0,0,https://www.statecancerprofiles.cancer.gov/demographics/index.php?stateFIPS=34&areatype=county&topic=mob&demo=00018&race=00&sex=0&age=001&type=manyareacensus&sortVariableName=value&sortOrder=asc&output=1,34,mob,manyareacensus,5385.0,,,
Gloucester County,34015.0,4.7,,782 of 3140,1,county,18,demographics_009.csv,0,0,https://www.statecancerprofiles.cancer.gov/demographics/index.php?stateFIPS=34&areatype=county&topic=mob&demo=00018&race=00&sex=0&age=001&type=manyareacensus&sortVariableName=value&sortOrder=asc&output=1,34,mob,manyareacensus,13588.0,,,
Warren County,34041.0,4.7,,785 of 3140,1,county,18,demographics_009.csv,0,0,https://www.statecancerprofiles.cancer.gov/demographics/index.php?stateFIPS=34&areatype=county&topic=mob&demo=00018&race=00&sex=0&age=001&type=manyareacensus&sortVariableName=value&sortOrder=asc&output=1,34,mob,manyareacensus,5013.0,,,
Bergen County,34003.0,4.7,,796 of 3140,1,county,18,demographics_009.csv,0,0,https://www.statecancerprofiles.cancer.gov/demographics/index.php?stateFIPS=34&areatype=county&topic=mob&demo=00018&race=00&sex=0&age=001&type=manyareacensus&sortVariableName=value&sortOrder=asc&output=1,34,mob,manyareacensus,43962.0,,,
Middlesex County,34023.0,4.8,,811 of 3140,1,county,18,demographics_009.csv,0,0,https://www.statecancerprofiles.cancer.gov/demographics/index.php?stateFIPS=34&areatype=county&topic=mob&demo=00018&race=00&sex=0&age=001&type=manyareacensus&sortVariableName=value&sortOrder=asc&output=1,34,mob,manyareacensus,39500.0,,,
Union County,34039.0,5.2,,1004 of 3140,1,county,18,demographics_009.csv,0,0,https://www.statecancerprofiles.cancer.gov/demographics/index.php?stateFIPS=34&areatype=county&topic=mob&demo=00018&race=00&sex=0&age=001&type=manyareacensus&sortVariableName=value&sortOrder=asc&output=1,34,mob,manyareacensus,28542.0,,,
Burlington County,34005.0,5.2,,1014 of 3140,1,county,18,demographics_009.csv,0,0,https://www.statecancerprofiles.cancer.gov/demographics/index.php?stateFIPS=34&areatype=county&topic=mob&demo=00018&race=00&sex=0&age=001&type=manyareacensus&sortVariableName=value&sortOrder=asc&output=1,34,mob,manyareacensus,23142.0,,,
Monmouth County,34025.0,5.2,,1043 of 3140,1,county,18,demographics_009.csv,0,0,https://www.statecancerprofiles.cancer.gov/demographics/index.php?stateFIPS=34&areatype=county&topic=mob&demo=00018&race=00&sex=0&age=001&type=manyareacensus&sortVariableName=value&sortOrder=asc&output=1,34,mob,manyareacensus,32665.0,,,
Cape May County,34009.0,5.3,,1067 of 3140,1,county,18,demographics_009.csv,0,0,https://www.statecancerprofiles.cancer.gov/demographics/index.php?stateFIPS=34&areatype=county&topic=mob&demo=00018&race=00&sex=0&age=001&type=manyareacensus&sortVariableName=value&sortOrder=asc&output=1,34,mob,manyareacensus,4972.0,,,
Salem County,34033.0,5.5,,1141 of 3140,1,county,18,demographics_009.csv,0,0,https://www.statecancerprofiles.cancer.gov/demographics/index.php?stateFIPS=34&areatype=county&topic=mob&demo=00018&race=00&sex=0&age=001&type=manyareacensus&sortVariableName=value&sortOrder=asc&output=1,34,mob,manyareacensus,3450.0,,,
Ocean County,34029.0,6.0,,1428 of 3140,1,county,18,demographics_009.csv,0,0,https://www.statecancerprofiles.cancer.gov/demographics/index.php?stateFIPS=34&areatype=county&topic=mob&demo=00018&race=00&sex=0&age=001&type=manyareacensus&sortVariableName=value&sortOrder=asc&output=1,34,mob,manyareacensus,34870.0,,,
Essex County,34013.0,6.3,,1576 of 3140,1,county,18,demographics_009.csv,0,0,https://www.statecancerprofiles.cancer.gov/demographics/index.php?stateFIPS=34&areatype=county&topic=mob&demo=00018&race=00&sex=0&age=001&type=manyareacensus&sortVariableName=value&sortOrder=asc&output=1,34,mob,manyareacensus,49706.0,,,
Camden County,34007.0,6.4,,1649 of 3140,1,county,18,demographics_009.csv,0,0,https://www.statecancerprofiles.cancer.gov/demographics/index.php?stateFIPS=34&areatype=county&topic=mob&demo=00018&race=00&sex=0&age=001&type=manyareacensus&sortVariableName=value&sortOrder=asc&output=1,34,mob,manyareacensus,32521.0,,,
Mercer County,34021.0,6.5,,1687 of 3140,1,county,18,demographics_009.csv,0,0,https://www.statecancerprofiles.cancer.gov/demographics/index.php?stateFIPS=34&areatype=county&topic=mob&demo=00018&race=00&sex=0&age=001&type=manyareacensus&sortVariableName=value&sortOrder=asc&output=1,34,mob,manyareacensus,24076.0,,,
Cumberland County,34011.0,7.0,,1851 of 3140,1,county,18,demographics_009.csv,0,0,https://www.statecancerprofiles.cancer.gov/demographics/index.php?stateFIPS=34&areatype=county&topic=mob&demo=00018&race=00&sex=0&age=001&type=manyareacensus&sortVariableName=value&sortOrder=asc&output=1,34,mob,manyareacensus,10675.0,,,
Hudson County,34017.0,7.2,,1961 of 3140,1,county,18,demographics_009.csv,0,0,https://www.statecancerprofiles.cancer.gov/demographics/index.php?stateFIPS=34&areatype=county&topic=mob&demo=00018&race=00&sex=0&age=001&type=manyareacensus&sortVariableName=value&sortOrder=asc&output=1,34,mob,manyareacensus,48270.0,,,
Atlantic County,34001.0,7.9,,2227 of 3140,1,county,18,demographics_009.csv,0,0,https://www.statecancerprofiles.cancer.gov/demographics/index.php?stateFIPS=34&areatype=county&topic=mob&demo=00018&race=00&sex=0&age=001&type=manyareacensus&sortVariableName=value&sortOrder=asc&output=1,34,mob,manyareacensus,21263.0,,,
New Jersey,34000.0,2.3,,9 of 51,1,county,19,demographics_010.csv,0,0,https://www.statecancerprofiles.cancer.gov/demographics/index.php?stateFIPS=34&areatype=county&topic=mob&demo=00019&race=00&sex=0&age=001&type=manyareacensus&sortVariableName=value&sortOrder=asc&output=1,34,mob,manyareacensus,,203535.0,,
United States,0.0,3.2,,,1,country,19,demographics_010.csv,0,0,https://www.statecancerprofiles.cancer.gov/demographics/index.php?stateFIPS=34&areatype=county&topic=mob&demo=00019&race=00&sex=0&age=001&type=manyareacensus&sortVariableName=value&sortOrder=asc&output=1,34,mob,manyareacensus,,10247779.0,,
Bergen County,34003.0,1.5,,163 of 3140,1,county,19,demographics_010.csv,0,0,https://www.statecancerprofiles.cancer.gov/demographics/index.php?stateFIPS=34&areatype=county&topic=mob&demo=00019&race=00&sex=0&age=001&type=manyareacensus&sortVariableName=value&sortOrder=asc&output=1,34,mob,manyareacensus,,14391.0,,
Hudson County,34017.0,1.6,,164 of 3140,1,county,19,demographics_010.csv,0,0,https://www.statecancerprofiles.cancer.gov/demographics/index.php?stateFIPS=34&areatype=county&topic=mob&demo=00019&race=00&sex=0&age=001&type=manyareacensus&sortVariableName=value&sortOrder=asc&output=1,34,mob,manyareacensus,,10398.0,,
Essex County,34013.0,1.8,,259 of 3140,1,county,19,demographics_010.csv,0,0,https://www.statecancerprofiles.cancer.gov/demographics/index.php?stateFIPS=34&areatype=county&topic=mob&demo=00019&race=00&sex=0&age=001&type=manyareacensus&sortVariableName=value&sortOrder=asc&output=1,34,mob,manyareacensus,,14496.0,,
Passaic County,34031.0,1.9,,288 of 3140,1,county,19,demographics_010.csv,0,0,https://www.statecancerprofiles.cancer.gov/demographics/index.php?stateFIPS=34&areatype=county&topic=mob&demo=00019&race=00&sex=0&age=001&type=manyareacensus&sortVariableName=value&sortOrder=asc&output=1,34,mob,manyareacensus,,9561.0,,
Monmouth County,34025.0,2.1,,382 of 3140,1,county,19,demographics_010.csv,0,0,https://www.statecancerprofiles.cancer.gov/demographics/index.php?stateFIPS=34&areatype=county&topic=mob&demo=00019&race=00&sex=0&age=001&type=manyareacensus&sortVariableName=value&sortOrder=asc&output=1,34,mob,manyareacensus,,13009.0,,
Cape May County,34009.0,2.1,,388 of 3140,1,county,19,demographics_010.csv,0,0,https://www.statecancerprofiles.cancer.gov/demographics/index.php?stateFIPS=34&areatype=county&topic=mob&demo=00019&race=00&sex=0&age=001&type=manyareacensus&sortVariableName=value&sortOrder=asc&output=1,34,mob,manyareacensus,,1970.0,,
Morris County,34027.0,2.3,,491 of 3140,1,county,19,demographics_010.csv,0,0,https://www.statecancerprofiles.cancer.gov/demographics/index.php?stateFIPS=34&areatype=county&topic=mob&demo=00019&race=00&sex=0&age=001&type=manyareacensus&sortVariableName=value&sortOrder=asc&output=1,34,mob,manyareacensus,,11273.0,,
Union County,34039.0,2.3,,503 of 3140,1,county,19,demographics_010.csv,0,0,https://www.statecancerprofiles.cancer.gov/demographics/index.php?stateFIPS=34&areatype=county&topic=mob&demo=00019&race=00&sex=0&age=001&type=manyareacensus&sortVariableName=value&sortOrder=asc&output=1,34,mob,manyareacensus,,12707.0,,
Ocean County,34029.0,2.3,,507 of 3140,1,county,19,demographics_010.csv,0,0,https://www.statecancerprofiles.cancer.gov/demographics/index.php?stateFIPS=34&areatype=county&topic=mob&demo=00019&race=00&sex=0&age=001&type=manyareacensus&sortVariableName=value&sortOrder=asc&output=1,34,mob,manyareacensus,,13471.0,,
Burlington County,34005.0,2.4,,566 of 3140,1,county,19,demographics_010.csv,0,0,https://www.statecancerprofiles.cancer.gov/demographics/index.php?stateFIPS=34&areatype=county&topic=mob&demo=00019&race=00&sex=0&age=001&type=manyareacensus&sortVariableName=value&sortOrder=asc&output=1,34,mob,manyareacensus,,10769.0,,
Atlantic County,34001.0,2.4,,567 of 3140,1,county,19,demographics_010.csv,0,0,https://www.statecancerprofiles.cancer.gov/demographics/index.php?stateFIPS=34&areatype=county&topic=mob&demo=00019&race=00&sex=0&age=001&type=manyareacensus&sortVariableName=value&sortOrder=asc&output=1,34,mob,manyareacensus,,6541.0,,
Salem County,34033.0,2.4,,575 of 3140,1,county,19,demographics_010.csv,0,0,https://www.statecancerprofiles.cancer.gov/demographics/index.php?stateFIPS=34&areatype=county&topic=mob&demo=00019&race=00&sex=0&age=001&type=manyareacensus&sortVariableName=value&sortOrder=asc&output=1,34,mob,manyareacensus,,1537.0,,
Middlesex County,34023.0,2.4,,582 of 3140,1,county,19,demographics_010.csv,0,0,https://www.statecancerprofiles.cancer.gov/demographics/index.php?stateFIPS=34&areatype=county&topic=mob&demo=00019&race=00&sex=0&age=001&type=manyareacensus&sortVariableName=value&sortOrder=asc&output=1,34,mob,manyareacensus,,20250.0,,
Sussex County,34037.0,2.6,,725 of 3140,1,county,19,demographics_010.csv,0,0,https://www.statecancerprofiles.cancer.gov/demographics/index.php?stateFIPS=34&areatype=county&topic=mob&demo=00019&race=00&sex=0&age=001&type=manyareacensus&sortVariableName=value&sortOrder=asc&output=1,34,mob,manyareacensus,,3749.0,,
Camden County,34007.0,2.7,,747 of 3140,1,county,19,demographics_010.csv,0,0,https://www.statecancerprofiles.cancer.gov/demographics/index.php?stateFIPS=34&areatype=county&topic=mob&demo=00019&race=00&sex=0&age=001&type=manyareacensus&sortVariableName=value&sortOrder=asc&output=1,34,mob,manyareacensus,,13450.0,,
Somerset County,34035.0,3.2,,1089 of 3140,1,county,19,demographics_010.csv,0,0,https://www.statecancerprofiles.cancer.gov/demographics/index.php?stateFIPS=34&areatype=county&topic=mob&demo=00019&race=00&sex=0&age=001&type=manyareacensus&sortVariableName=value&sortOrder=asc&output=1,34,mob,manyareacensus,,10424.0,,
Gloucester County,34015.0,3.2,,1167 of 3140,1,county,19,demographics_010.csv,0,0,https://www.statecancerprofiles.cancer.gov/demographics/index.php?stateFIPS=34&areatype=county&topic=mob&demo=00019&race=00&sex=0&age=001&type=manyareacensus&sortVariableName=value&sortOrder=asc&output=1,34,mob,manyareacensus,,9375.0,,
Warren County,34041.0,3.3,,1181 of 3140,1,county,19,demographics_010.csv,0,0,https://www.statecancerprofiles.cancer.gov/demographics/index.php?stateFIPS=34&areatype=county&topic=mob&demo=00019&race=00&sex=0&age=001&type=manyareacensus&sortVariableName=value&sortOrder=asc&output=1,34,mob,manyareacensus,,3478.0,,
Cumberland County,34011.0,3.4,,1232 of 3140,1,county,19,demographics_010.csv,0,0,https://www.statecancerprofiles.cancer.gov/demographics/index.php?stateFIPS=34&areatype=county&topic=mob&demo=00019&race=00&sex=0&age=001&type=manyareacensus&sortVariableName=value&sortOrder=asc&output=1,34,mob,manyareacensus,,5151.0,,
Mercer County,34021.0,3.4,,1302 of 3140,1,county,19,demographics_010.csv,0,0,https://www.statecancerprofiles.cancer.gov/demographics/index.php?stateFIPS=34&areatype=county&topic=mob&demo=00019&race=00&sex=0&age=001&type=manyareacensus&sortVariableName=value&sortOrder=asc&output=1,34,mob,manyareacensus,,12743.0,,
Hunterdon County,34019.0,3.8,,1603 of 3140,1,county,19,demographics_010.csv,0,0,https://www.statecancerprofiles.cancer.gov/demographics/index.php?stateFIPS=34&areatype=county&topic=mob&demo=00019&race=00&sex=0&age=001&type=manyareacensus&sortVariableName=value&sortOrder=asc&output=1,34,mob,manyareacensus,,4792.0,,
New Jersey,34000.0,1.6,,4 of 51,1,county,20,demographics_011.csv,0,0,https://www.statecancerprofiles.cancer.gov/demographics/index.php?stateFIPS=34&areatype=county&topic=mob&demo=00020&race=00&sex=0&age=001&type=manyareacensus&sortVariableName=value&sortOrder=asc&output=1,34,mob,manyareacensus,,,140817.0,
United States,0.0,2.3,,,1,country,20,demographics_011.csv,0,0,https://www.statecancerprofiles.cancer.gov/demographics/index.php?stateFIPS=34&areatype=county&topic=mob&demo=00020&race=00&sex=0&age=001&type=manyareacensus&sortVariableName=value&sortOrder=asc&output=1,34,mob,manyareacensus,,,7354769.0,
Cumberland County,34011.0,0.8,,432 of 3140,1,county,20,demographics_011.csv,0,0,https://www.statecancerprofiles.cancer.gov/demographics/index.php?stateFIPS=34&areatype=county&topic=mob&demo=00020&race=00&sex=0&age=001&type=manyareacensus&sortVariableName=value&sortOrder=asc&output=1,34,mob,manyareacensus,,,1234.0,
Passaic County,34031.0,0.9,,520 of 3140,1,county,20,demographics_011.csv,0,0,https://www.statecancerprofiles.cancer.gov/demographics/index.php?stateFIPS=34&areatype=county&topic=mob&demo=00020&race=00&sex=0&age=001&type=manyareacensus&sortVariableName=value&sortOrder=asc&output=1,34,mob,manyareacensus,,,4486.0,
Sussex County,34037.0,1.1,,703 of 3140,1,county,20,demographics_011.csv,0,0,https://www.statecancerprofiles.cancer.gov/demographics/index.php?stateFIPS=34&areatype=county&topic=mob&demo=00020&race=00&sex=0&age=001&type=manyareacensus&sortVariableName=value&sortOrder=asc&output=1,34,mob,manyareacensus,,,1496.0,
Gloucester County,34015.0,1.2,,916 of 3140,1,county,20,demographics_011.csv,0,0,https://www.statecancerprofiles.cancer.gov/demographics/index.php?stateFIPS=34&areatype=county&topic=mob&demo=00020&race=00&sex=0&age=001&type=manyareacensus&sortVariableName=value&sortOrder=asc&output=1,34,mob,manyareacensus,,,3510.0,
Somerset County,34035.0,1.3,,949 of 3140,1,county,20,demographics_011.csv,0,0,https://www.statecancerprofiles.cancer.gov/demographics/index.php?stateFIPS=34&areatype=county&topic=mob&demo=00020&race=00&sex=0&age=001&type=manyareacensus&sortVariableName=value&sortOrder=asc&output=1,34,mob,manyareacensus,,,4127.0,
Ocean County,34029.0,1.3,,973 of 3140,1,county,20,demographics_011.csv,0,0,https://www.statecancerprofiles.cancer.gov/demographics/index.php?stateFIPS=34&areatype=county&topic=mob&demo=00020&race=00&sex=0&age=001&type=manyareacensus&sortVariableName=value&sortOrder=asc&output=1,34,mob,manyareacensus,,,7392.0,
Union County,34039.0,1.3,,979 of 3140,1,county,20,demographics_011.csv,0,0,https://www.statecancerprofiles.cancer.gov/demographics/index.php?stateFIPS=34&areatype=county&topic=mob&demo=00020&race=00&sex=0&age=001&type=manyareacensus&sortVariableName=value&sortOrder=asc&output=1,34,mob,manyareacensus,,,7020.0,
Middlesex County,34023.0,1.3,,1033 of 3140,1,county,20,demographics_011.csv,0,0,https://www.statecancerprofiles.cancer.gov/demographics/index.php?stateFIPS=34&areatype=county&topic=mob&demo=00020&race=00&sex=0&age=001&type=manyareacensus&sortVariableName=value&sortOrder=asc&output=1,34,mob,manyareacensus,,,10905.0,
Hunterdon County,34019.0,1.3,,1039 of 3140,1,county,20,demographics_011.csv,0,0,https://www.statecancerprofiles.cancer.gov/demographics/index.php?stateFIPS=34&areatype=county&topic=mob&demo=00020&race=00&sex=0&age=001&type=manyareacensus&sortVariableName=value&sortOrder=asc&output=1,34,mob,manyareacensus,,,1649.0,
Monmouth County,34025.0,1.4,,1107 of 3140,1,county,20,demographics_011.csv,0,0,https://www.statecancerprofiles.cancer.gov/demographics/index.php?stateFIPS=34&areatype=county&topic=mob&demo=00020&race=00&sex=0&age=001&type=manyareacensus&sortVariableName=value&sortOrder=asc&output=1,34,mob,manyareacensus,,,8581.0,
Morris County,34027.0,1.4,,1108 of 3140,1,county,20,demographics_011.csv,0,0,https://www.statecancerprofiles.cancer.gov/demographics/index.php?stateFIPS=34&areatype=county&topic=mob&demo=00020&race=00&sex=0&age=001&type=manyareacensus&sortVariableName=value&sortOrder=asc&output=1,34,mob,manyareacensus,,,6818.0,
Salem County,34033.0,1.6,,1391 of 3140,1,county,20,demographics_011.csv,0,0,https://www.statecancerprofiles.cancer.gov/demographics/index.php?stateFIPS=34&areatype=county&topic=mob&demo=00020&race=00&sex=0&age=001&type=manyareacensus&sortVariableName=value&sortOrder=asc&output=1,34,mob,manyareacensus,,,1023.0,
Essex County,34013.0,1.6,,1404 of 3140,1,county,20,demographics_011.csv,0,0,https://www.statecancerprofiles.cancer.gov/demographics/index.php?stateFIPS=34&areatype=county&topic=mob&demo=00020&race=00&sex=0&age=001&type=manyareacensus&sortVariableName=value&sortOrder=asc&output=1,34,mob,manyareacensus,,,12882.0,
Camden County,34007.0,1.6,,1422 of 3140,1,county,20,demographics_011.csv,0,0,https://www.statecancerprofiles.cancer.gov/demographics/index.php?stateFIPS=34&areatype=county&topic=mob&demo=00020&race=00&sex=0&age=001&type=manyareacensus&sortVariableName=value&sortOrder=asc&output=1,34,mob,manyareacensus,,,8297.0,
Atlantic County,34001.0,1.7,,1458 of 3140,1,county,20,demographics_011.csv,0,0,https://www.statecancerprofiles.cancer.gov/demographics/index.php?stateFIPS=34&areatype=county&topic=mob&demo=00020&race=00&sex=0&age=001&type=manyareacensus&sortVariableName=value&sortOrder=asc&output=1,34,mob,manyareacensus,,,4513.0,
Bergen County,34003.0,1.7,,1524 of 3140,1,county,20,demographics_011.csv,0,0,https://www.statecancerprofiles.cancer.gov/demographics/index.php?stateFIPS=34&areatype=county&topic=mob&demo=00020&race=00&sex=0&age=001&type=manyareacensus&sortVariableName=value&sortOrder=asc&output=1,34,mob,manyareacensus,,,16061.0,
Warren County,34041.0,1.9,,1709 of 3140,1,county,20,demographics_011.csv,0,0,https://www.statecancerprofiles.cancer.gov/demographics/index.php?stateFIPS=34&areatype=county&topic=mob&demo=00020&race=00&sex=0&age=001&type=manyareacensus&sortVariableName=value&sortOrder=asc&output=1,34,mob,manyareacensus,,,2041.0,
Burlington County,34005.0,2.0,,1781 of 3140,1,county,20,demographics_011.csv,0,0,https://www.statecancerprofiles.cancer.gov/demographics/index.php?stateFIPS=34&areatype=county&topic=mob&demo=00020&race=00&sex=0&age=001&type=manyareacensus&sortVariableName=value&sortOrder=asc&output=1,34,mob,manyareacensus,,,8868.0,
Mercer County,34021.0,2.3,,2045 of 3140,1,county,20,demographics_011.csv,0,0,https://www.statecancerprofiles.cancer.gov/demographics/index.php?stateFIPS=34&areatype=county&topic=mob&demo=00020&race=00&sex=0&age=001&type=manyareacensus&sortVariableName=value&sortOrder=asc&output=1,34,mob,manyareacensus,,,8584.0,
Hudson County,34017.0,2.8,,2325 of 3140,1,county,20,demographics_011.csv,0,0,https://www.statecancerprofiles.cancer.gov/demographics/index.php?stateFIPS=34&areatype=county&topic=mob&demo=00020&race=00&sex=0&age=001&type=manyareacensus&sortVariableName=value&sortOrder=asc&output=1,34,mob,manyareacensus,,,18610.0,
Cape May County,34009.0,2.9,,2394 of 3140,1,county,20,demographics_011.csv,0,0,https://www.statecancerprofiles.cancer.gov/demographics/index.php?stateFIPS=34&areatype=county&topic=mob&demo=00020&race=00&sex=0&age=001&type=manyareacensus&sortVariableName=value&sortOrder=asc&output=1,34,mob,manyareacensus,,,2720.0,
United States,0.0,0.7,,,1,country,21,demographics_012.csv,0,0,https://www.statecancerprofiles.cancer.gov/demographics/index.php?stateFIPS=34&areatype=county&topic=mob&demo=00021&race=00&sex=0&age=001&type=manyareacensus&sortVariableName=value&sortOrder=asc&output=1,34,mob,manyareacensus,,,,2074097.0
New Jersey,34000.0,0.8,,40 of 51,1,county,21,demographics_012.csv,0,0,https://www.statecancerprofiles.cancer.gov/demographics/index.php?stateFIPS=34&areatype=county&topic=mob&demo=00021&race=00&sex=0&age=001&type=manyareacensus&sortVariableName=value&sortOrder=asc&output=1,34,mob,manyareacensus,,,,67272.0
Sussex County,34037.0,0.2,,1312 of 3140,1,county,21,demographics_012.csv,0,0,https://www.statecancerprofiles.cancer.gov/demographics/index.php?stateFIPS=34&areatype=county&topic=mob&demo=00021&race=00&sex=0&age=001&type=manyareacensus&sortVariableName=value&sortOrder=asc&output=1,34,mob,manyareacensus,,,,225.0
Salem County,34033.0,0.2,,1463 of 3140,1,county,21,demographics_012.csv,0,0,https://www.statecancerprofiles.cancer.gov/demographics/index.php?stateFIPS=34&areatype=county&topic=mob&demo=00021&race=00&sex=0&age=001&type=manyareacensus&sortVariableName=value&sortOrder=asc&output=1,34,mob,manyareacensus,,,,114.0
Cape May County,34009.0,0.2,,1652 of 3140,1,county,21,demographics_012.csv,0,0,https://www.statecancerprofiles.cancer.gov/demographics/index.php?stateFIPS=34&areatype=county&topic=mob&demo=00021&race=00&sex=0&age=001&type=manyareacensus&sortVariableName=value&sortOrder=asc&output=1,34,mob,manyareacensus,,,,202.0
Gloucester County,34015.0,0.2,,1746 of 3140,1,county,21,demographics_012.csv,0,0,https://www.statecancerprofiles.cancer.gov/demographics/index.php?stateFIPS=34&areatype=county&topic=mob&demo=00021&race=00&sex=0&age=001&type=manyareacensus&sortVariableName=value&sortOrder=asc&output=1,34,mob,manyareacensus,,,,680.0
Ocean County,34029.0,0.3,,2035 of 3140,1,county,21,demographics_012.csv,0,0,https://www.statecancerprofiles.cancer.gov/demographics/index.php?stateFIPS=34&areatype=county&topic=mob&demo=00021&race=00&sex=0&age=001&type=manyareacensus&sortVariableName=value&sortOrder=asc&output=1,34,mob,manyareacensus,,,,1781.0
Hunterdon County,34019.0,0.3,,2154 of 3140,1,county,21,demographics_012.csv,0,0,https://www.statecancerprofiles.cancer.gov/demographics/index.php?stateFIPS=34&areatype=county&topic=mob&demo=00021&race=00&sex=0&age=001&type=manyareacensus&sortVariableName=value&sortOrder=asc&output=1,34,mob,manyareacensus,,,,426.0
Warren County,34041.0,0.3,,2168 of 3140,1,county,21,demographics_012.csv,0,0,https://www.statecancerprofiles.cancer.gov/demographics/index.php?stateFIPS=34&areatype=county&topic=mob&demo=00021&race=00&sex=0&age=001&type=manyareacensus&sortVariableName=value&sortOrder=asc&output=1,34,mob,manyareacensus,,,,368.0
Monmouth County,34025.0,0.4,,2348 of 3140,1,county,21,demographics_012.csv,0,0,https://www.statecancerprofiles.cancer.gov/demographics/index.php?stateFIPS=34&areatype=county&topic=mob&demo=00021&race=00&sex=0&age=001&type=manyareacensus&sortVariableName=value&sortOrder=asc&output=1,34,mob,manyareacensus,,,,2590.0
Morris County,34027.0,0.5,,2564 of 3140,1,county,21,demographics_012.csv,0,0,https://www.statecancerprofiles.cancer.gov/demographics/index.php?stateFIPS=34&areatype=county&topic=mob&demo=00021&race=00&sex=0&age=001&type=manyareacensus&sortVariableName=value&sortOrder=asc&output=1,34,mob,manyareacensus,,,,2628.0
Cumberland County,34011.0,0.5,,2595 of 3140,1,county,21,demographics_012.csv,0,0,https://www.statecancerprofiles.cancer.gov/demographics/index.php?stateFIPS=34&areatype=county&topic=mob&demo=00021&race=00&sex=0&age=001&type=manyareacensus&sortVariableName=value&sortOrder=asc&output=1,34,mob,manyareacensus,,,,840.0
Atlantic County,34001.0,0.5,,2596 of 3140,1,county,21,demographics_012.csv,0,0,https://www.statecancerprofiles.cancer.gov/demographics/index.php?stateFIPS=34&areatype=county&topic=mob&demo=00021&race=00&sex=0&age=001&type=manyareacensus&sortVariableName=value&sortOrder=asc&output=1,34,mob,manyareacensus,,,,1483.0
Camden County,34007.0,0.6,,2604 of 3140,1,county,21,demographics_012.csv,0,0,https://www.statecancerprofiles.cancer.gov/demographics/index.php?stateFIPS=34&areatype=county&topic=mob&demo=00021&race=00&sex=0&age=001&type=manyareacensus&sortVariableName=value&sortOrder=asc&output=1,34,mob,manyareacensus,,,,2784.0
Burlington County,34005.0,0.6,,2629 of 3140,1,county,21,demographics_012.csv,0,0,https://www.statecancerprofiles.cancer.gov/demographics/index.php?stateFIPS=34&areatype=county&topic=mob&demo=00021&race=00&sex=0&age=001&type=manyareacensus&sortVariableName=value&sortOrder=asc&output=1,34,mob,manyareacensus,,,,2544.0
Passaic County,34031.0,0.6,,2721 of 3140,1,county,21,demographics_012.csv,0,0,https://www.statecancerprofiles.cancer.gov/demographics/index.php?stateFIPS=34&areatype=county&topic=mob&demo=00021&race=00&sex=0&age=001&type=manyareacensus&sortVariableName=value&sortOrder=asc&output=1,34,mob,manyareacensus,,,,3263.0
Essex County,34013.0,0.7,,2793 of 3140,1,county,21,demographics_012.csv,0,0,https://www.statecancerprofiles.cancer.gov/demographics/index.php?stateFIPS=34&areatype=county&topic=mob&demo=00021&race=00&sex=0&age=001&type=manyareacensus&sortVariableName=value&sortOrder=asc&output=1,34,mob,manyareacensus,,,,5619.0
Union County,34039.0,0.8,,2859 of 3140,1,county,21,demographics_012.csv,0,0,https://www.statecancerprofiles.cancer.gov/demographics/index.php?stateFIPS=34&areatype=county&topic=mob&demo=00021&race=00&sex=0&age=001&type=manyareacensus&sortVariableName=value&sortOrder=asc&output=1,34,mob,manyareacensus,,,,4411.0
Bergen County,34003.0,0.8,,2893 of 3140,1,county,21,demographics_012.csv,0,0,https://www.statecancerprofiles.cancer.gov/demographics/index.php?stateFIPS=34&areatype=county&topic=mob&demo=00021&race=00&sex=0&age=001&type=manyareacensus&sortVariableName=value&sortOrder=asc&output=1,34,mob,manyareacensus,,,,7878.0
Somerset County,34035.0,0.9,,2929 of 3140,1,county,21,demographics_012.csv,0,0,https://www.statecancerprofiles.cancer.gov/demographics/index.php?stateFIPS=34&areatype=county&topic=mob&demo=00021&race=00&sex=0&age=001&type=manyareacensus&sortVariableName=value&sortOrder=asc&output=1,34,mob,manyareacensus,,,,3034.0
Mercer County,34021.0,1.1,,2991 of 3140,1,county,21,demographics_012.csv,0,0,https://www.statecancerprofiles.cancer.gov/demographics/index.php?stateFIPS=34&areatype=county&topic=mob&demo=00021&race=00&sex=0&age=001&type=manyareacensus&sortVariableName=value&sortOrder=asc&output=1,34,mob,manyareacensus,,,,4044.0
Middlesex County,34023.0,1.2,,3005 of 3140,1,county,21,demographics_012.csv,0,0,https://www.statecancerprofiles.cancer.gov/demographics/index.php?stateFIPS=34&areatype=county&topic=mob&demo=00021&race=00&sex=0&age=001&type=manyareacensus&sortVariableName=value&sortOrder=asc&output=1,34,mob,manyareacensus,,,,9734.0
Hudson County,34017.0,1.9,,3091 of 3140,1,county,21,demographics_012.csv,0,0,https://www.statecancerprofiles.cancer.gov/demographics/index.php?stateFIPS=34&areatype=county&topic=mob&demo=00021&race=00&sex=0&age=001&type=manyareacensus&sortVariableName=value&sortOrder=asc&output=1,34,mob,manyareacensus,,,,12624.0
